--
-- PostgreSQL database dump
--

-- Dumped from database version 17.0
-- Dumped by pg_dump version 17.2

-- Started on 2025-04-12 18:55:18

SET statement_timeout = 0;
SET lock_timeout = 0;
SET idle_in_transaction_session_timeout = 0;
SET transaction_timeout = 0;
SET client_encoding = 'UTF8';
SET standard_conforming_strings = on;
SELECT pg_catalog.set_config('search_path', '', false);
SET check_function_bodies = false;
SET xmloption = content;
SET client_min_messages = warning;
SET row_security = off;

SET default_tablespace = '';

SET default_table_access_method = heap;

--
-- TOC entry 224 (class 1259 OID 561720)
-- Name: auth_group; Type: TABLE; Schema: public; Owner: dnd_app_admin
--

CREATE TABLE public.auth_group (
    id integer NOT NULL,
    name character varying(150) NOT NULL
);


ALTER TABLE public.auth_group OWNER TO dnd_app_admin;

--
-- TOC entry 223 (class 1259 OID 561719)
-- Name: auth_group_id_seq; Type: SEQUENCE; Schema: public; Owner: dnd_app_admin
--

ALTER TABLE public.auth_group ALTER COLUMN id ADD GENERATED BY DEFAULT AS IDENTITY (
    SEQUENCE NAME public.auth_group_id_seq
    START WITH 1
    INCREMENT BY 1
    NO MINVALUE
    NO MAXVALUE
    CACHE 1
);


--
-- TOC entry 226 (class 1259 OID 561728)
-- Name: auth_group_permissions; Type: TABLE; Schema: public; Owner: dnd_app_admin
--

CREATE TABLE public.auth_group_permissions (
    id bigint NOT NULL,
    group_id integer NOT NULL,
    permission_id integer NOT NULL
);


ALTER TABLE public.auth_group_permissions OWNER TO dnd_app_admin;

--
-- TOC entry 225 (class 1259 OID 561727)
-- Name: auth_group_permissions_id_seq; Type: SEQUENCE; Schema: public; Owner: dnd_app_admin
--

ALTER TABLE public.auth_group_permissions ALTER COLUMN id ADD GENERATED BY DEFAULT AS IDENTITY (
    SEQUENCE NAME public.auth_group_permissions_id_seq
    START WITH 1
    INCREMENT BY 1
    NO MINVALUE
    NO MAXVALUE
    CACHE 1
);


--
-- TOC entry 222 (class 1259 OID 561714)
-- Name: auth_permission; Type: TABLE; Schema: public; Owner: dnd_app_admin
--

CREATE TABLE public.auth_permission (
    id integer NOT NULL,
    name character varying(255) NOT NULL,
    content_type_id integer NOT NULL,
    codename character varying(100) NOT NULL
);


ALTER TABLE public.auth_permission OWNER TO dnd_app_admin;

--
-- TOC entry 221 (class 1259 OID 561713)
-- Name: auth_permission_id_seq; Type: SEQUENCE; Schema: public; Owner: dnd_app_admin
--

ALTER TABLE public.auth_permission ALTER COLUMN id ADD GENERATED BY DEFAULT AS IDENTITY (
    SEQUENCE NAME public.auth_permission_id_seq
    START WITH 1
    INCREMENT BY 1
    NO MINVALUE
    NO MAXVALUE
    CACHE 1
);


--
-- TOC entry 228 (class 1259 OID 561734)
-- Name: auth_user; Type: TABLE; Schema: public; Owner: dnd_app_admin
--

CREATE TABLE public.auth_user (
    id integer NOT NULL,
    password character varying(128) NOT NULL,
    last_login timestamp with time zone,
    is_superuser boolean NOT NULL,
    username character varying(150) NOT NULL,
    first_name character varying(150) NOT NULL,
    last_name character varying(150) NOT NULL,
    email character varying(254) NOT NULL,
    is_staff boolean NOT NULL,
    is_active boolean NOT NULL,
    date_joined timestamp with time zone NOT NULL
);


ALTER TABLE public.auth_user OWNER TO dnd_app_admin;

--
-- TOC entry 230 (class 1259 OID 561742)
-- Name: auth_user_groups; Type: TABLE; Schema: public; Owner: dnd_app_admin
--

CREATE TABLE public.auth_user_groups (
    id bigint NOT NULL,
    user_id integer NOT NULL,
    group_id integer NOT NULL
);


ALTER TABLE public.auth_user_groups OWNER TO dnd_app_admin;

--
-- TOC entry 229 (class 1259 OID 561741)
-- Name: auth_user_groups_id_seq; Type: SEQUENCE; Schema: public; Owner: dnd_app_admin
--

ALTER TABLE public.auth_user_groups ALTER COLUMN id ADD GENERATED BY DEFAULT AS IDENTITY (
    SEQUENCE NAME public.auth_user_groups_id_seq
    START WITH 1
    INCREMENT BY 1
    NO MINVALUE
    NO MAXVALUE
    CACHE 1
);


--
-- TOC entry 227 (class 1259 OID 561733)
-- Name: auth_user_id_seq; Type: SEQUENCE; Schema: public; Owner: dnd_app_admin
--

ALTER TABLE public.auth_user ALTER COLUMN id ADD GENERATED BY DEFAULT AS IDENTITY (
    SEQUENCE NAME public.auth_user_id_seq
    START WITH 1
    INCREMENT BY 1
    NO MINVALUE
    NO MAXVALUE
    CACHE 1
);


--
-- TOC entry 232 (class 1259 OID 561748)
-- Name: auth_user_user_permissions; Type: TABLE; Schema: public; Owner: dnd_app_admin
--

CREATE TABLE public.auth_user_user_permissions (
    id bigint NOT NULL,
    user_id integer NOT NULL,
    permission_id integer NOT NULL
);


ALTER TABLE public.auth_user_user_permissions OWNER TO dnd_app_admin;

--
-- TOC entry 231 (class 1259 OID 561747)
-- Name: auth_user_user_permissions_id_seq; Type: SEQUENCE; Schema: public; Owner: dnd_app_admin
--

ALTER TABLE public.auth_user_user_permissions ALTER COLUMN id ADD GENERATED BY DEFAULT AS IDENTITY (
    SEQUENCE NAME public.auth_user_user_permissions_id_seq
    START WITH 1
    INCREMENT BY 1
    NO MINVALUE
    NO MAXVALUE
    CACHE 1
);


--
-- TOC entry 382 (class 1259 OID 563078)
-- Name: character_character; Type: TABLE; Schema: public; Owner: dnd_app_admin
--

CREATE TABLE public.character_character (
    id integer NOT NULL,
    name character varying(100) NOT NULL,
    level integer NOT NULL,
    experience integer NOT NULL,
    current_hit_points integer NOT NULL,
    max_hit_points integer NOT NULL,
    gender character varying(20),
    age integer,
    height character varying(20),
    skin_color character varying(20),
    hair_color character varying(20),
    eye_color character varying(20),
    weight character varying(20),
    spell_resistance integer NOT NULL,
    fortitude_save_bonus integer NOT NULL,
    reflex_save_bonus integer NOT NULL,
    will_save_bonus integer NOT NULL,
    initiative_bonus integer NOT NULL,
    speed integer NOT NULL,
    armor_class integer NOT NULL,
    alignment_id integer NOT NULL,
    race_id integer NOT NULL
);


ALTER TABLE public.character_character OWNER TO dnd_app_admin;

--
-- TOC entry 381 (class 1259 OID 563077)
-- Name: character_character_id_seq; Type: SEQUENCE; Schema: public; Owner: dnd_app_admin
--

ALTER TABLE public.character_character ALTER COLUMN id ADD GENERATED BY DEFAULT AS IDENTITY (
    SEQUENCE NAME public.character_character_id_seq
    START WITH 1
    INCREMENT BY 1
    NO MINVALUE
    NO MAXVALUE
    CACHE 1
);


--
-- TOC entry 366 (class 1259 OID 563028)
-- Name: character_characterabilityscore; Type: TABLE; Schema: public; Owner: dnd_app_admin
--

CREATE TABLE public.character_characterabilityscore (
    id integer NOT NULL,
    value integer NOT NULL,
    bonus integer NOT NULL,
    ability_id integer NOT NULL,
    character_id integer NOT NULL
);


ALTER TABLE public.character_characterabilityscore OWNER TO dnd_app_admin;

--
-- TOC entry 365 (class 1259 OID 563027)
-- Name: character_characterabilityscore_id_seq; Type: SEQUENCE; Schema: public; Owner: dnd_app_admin
--

ALTER TABLE public.character_characterabilityscore ALTER COLUMN id ADD GENERATED BY DEFAULT AS IDENTITY (
    SEQUENCE NAME public.character_characterabilityscore_id_seq
    START WITH 1
    INCREMENT BY 1
    NO MINVALUE
    NO MAXVALUE
    CACHE 1
);


--
-- TOC entry 368 (class 1259 OID 563034)
-- Name: character_charactercharacterclass; Type: TABLE; Schema: public; Owner: dnd_app_admin
--

CREATE TABLE public.character_charactercharacterclass (
    id integer NOT NULL,
    level integer NOT NULL,
    character_id integer NOT NULL,
    character_class_id integer NOT NULL
);


ALTER TABLE public.character_charactercharacterclass OWNER TO dnd_app_admin;

--
-- TOC entry 367 (class 1259 OID 563033)
-- Name: character_charactercharacterclass_id_seq; Type: SEQUENCE; Schema: public; Owner: dnd_app_admin
--

ALTER TABLE public.character_charactercharacterclass ALTER COLUMN id ADD GENERATED BY DEFAULT AS IDENTITY (
    SEQUENCE NAME public.character_charactercharacterclass_id_seq
    START WITH 1
    INCREMENT BY 1
    NO MINVALUE
    NO MAXVALUE
    CACHE 1
);


--
-- TOC entry 370 (class 1259 OID 563040)
-- Name: character_characterfeat; Type: TABLE; Schema: public; Owner: dnd_app_admin
--

CREATE TABLE public.character_characterfeat (
    id integer NOT NULL,
    level_acquired integer NOT NULL,
    character_id integer NOT NULL,
    feat_id integer NOT NULL
);


ALTER TABLE public.character_characterfeat OWNER TO dnd_app_admin;

--
-- TOC entry 369 (class 1259 OID 563039)
-- Name: character_characterfeat_id_seq; Type: SEQUENCE; Schema: public; Owner: dnd_app_admin
--

ALTER TABLE public.character_characterfeat ALTER COLUMN id ADD GENERATED BY DEFAULT AS IDENTITY (
    SEQUENCE NAME public.character_characterfeat_id_seq
    START WITH 1
    INCREMENT BY 1
    NO MINVALUE
    NO MAXVALUE
    CACHE 1
);


--
-- TOC entry 372 (class 1259 OID 563046)
-- Name: character_characterinventory; Type: TABLE; Schema: public; Owner: dnd_app_admin
--

CREATE TABLE public.character_characterinventory (
    id integer NOT NULL,
    character_id integer NOT NULL,
    inventory_id integer NOT NULL
);


ALTER TABLE public.character_characterinventory OWNER TO dnd_app_admin;

--
-- TOC entry 371 (class 1259 OID 563045)
-- Name: character_characterinventory_id_seq; Type: SEQUENCE; Schema: public; Owner: dnd_app_admin
--

ALTER TABLE public.character_characterinventory ALTER COLUMN id ADD GENERATED BY DEFAULT AS IDENTITY (
    SEQUENCE NAME public.character_characterinventory_id_seq
    START WITH 1
    INCREMENT BY 1
    NO MINVALUE
    NO MAXVALUE
    CACHE 1
);


--
-- TOC entry 374 (class 1259 OID 563052)
-- Name: character_characterlanguage; Type: TABLE; Schema: public; Owner: dnd_app_admin
--

CREATE TABLE public.character_characterlanguage (
    id integer NOT NULL,
    is_automatic boolean NOT NULL,
    character_id integer NOT NULL,
    language_id integer NOT NULL
);


ALTER TABLE public.character_characterlanguage OWNER TO dnd_app_admin;

--
-- TOC entry 373 (class 1259 OID 563051)
-- Name: character_characterlanguage_id_seq; Type: SEQUENCE; Schema: public; Owner: dnd_app_admin
--

ALTER TABLE public.character_characterlanguage ALTER COLUMN id ADD GENERATED BY DEFAULT AS IDENTITY (
    SEQUENCE NAME public.character_characterlanguage_id_seq
    START WITH 1
    INCREMENT BY 1
    NO MINVALUE
    NO MAXVALUE
    CACHE 1
);


--
-- TOC entry 376 (class 1259 OID 563058)
-- Name: character_characterskill; Type: TABLE; Schema: public; Owner: dnd_app_admin
--

CREATE TABLE public.character_characterskill (
    id integer NOT NULL,
    ranks integer NOT NULL,
    misc_bonus integer NOT NULL,
    character_id integer NOT NULL,
    skill_id integer NOT NULL
);


ALTER TABLE public.character_characterskill OWNER TO dnd_app_admin;

--
-- TOC entry 375 (class 1259 OID 563057)
-- Name: character_characterskill_id_seq; Type: SEQUENCE; Schema: public; Owner: dnd_app_admin
--

ALTER TABLE public.character_characterskill ALTER COLUMN id ADD GENERATED BY DEFAULT AS IDENTITY (
    SEQUENCE NAME public.character_characterskill_id_seq
    START WITH 1
    INCREMENT BY 1
    NO MINVALUE
    NO MAXVALUE
    CACHE 1
);


--
-- TOC entry 266 (class 1259 OID 562064)
-- Name: character_class_babprogression; Type: TABLE; Schema: public; Owner: dnd_app_admin
--

CREATE TABLE public.character_class_babprogression (
    id integer NOT NULL,
    name character varying(50) NOT NULL,
    attack_bonus_table jsonb NOT NULL
);


ALTER TABLE public.character_class_babprogression OWNER TO dnd_app_admin;

--
-- TOC entry 265 (class 1259 OID 562063)
-- Name: character_class_babprogression_id_seq; Type: SEQUENCE; Schema: public; Owner: dnd_app_admin
--

ALTER TABLE public.character_class_babprogression ALTER COLUMN id ADD GENERATED BY DEFAULT AS IDENTITY (
    SEQUENCE NAME public.character_class_babprogression_id_seq
    START WITH 1
    INCREMENT BY 1
    NO MINVALUE
    NO MAXVALUE
    CACHE 1
);


--
-- TOC entry 274 (class 1259 OID 562096)
-- Name: character_class_bsbprogression; Type: TABLE; Schema: public; Owner: dnd_app_admin
--

CREATE TABLE public.character_class_bsbprogression (
    id integer NOT NULL,
    name character varying(50) NOT NULL,
    save_bonus_table jsonb NOT NULL,
    ability_id integer NOT NULL
);


ALTER TABLE public.character_class_bsbprogression OWNER TO dnd_app_admin;

--
-- TOC entry 273 (class 1259 OID 562095)
-- Name: character_class_bsbprogression_id_seq; Type: SEQUENCE; Schema: public; Owner: dnd_app_admin
--

ALTER TABLE public.character_class_bsbprogression ALTER COLUMN id ADD GENERATED BY DEFAULT AS IDENTITY (
    SEQUENCE NAME public.character_class_bsbprogression_id_seq
    START WITH 1
    INCREMENT BY 1
    NO MINVALUE
    NO MAXVALUE
    CACHE 1
);


--
-- TOC entry 268 (class 1259 OID 562074)
-- Name: character_class_characterclass; Type: TABLE; Schema: public; Owner: dnd_app_admin
--

CREATE TABLE public.character_class_characterclass (
    id integer NOT NULL,
    name character varying(50) NOT NULL,
    description text,
    max_level integer NOT NULL,
    link character varying(200),
    skill_points_per_level integer NOT NULL,
    spells_per_day jsonb,
    spells_known jsonb,
    bab_progression_id integer NOT NULL,
    hit_die_id integer NOT NULL,
    source_id integer
);


ALTER TABLE public.character_class_characterclass OWNER TO dnd_app_admin;

--
-- TOC entry 267 (class 1259 OID 562073)
-- Name: character_class_characterclass_id_seq; Type: SEQUENCE; Schema: public; Owner: dnd_app_admin
--

ALTER TABLE public.character_class_characterclass ALTER COLUMN id ADD GENERATED BY DEFAULT AS IDENTITY (
    SEQUENCE NAME public.character_class_characterclass_id_seq
    START WITH 1
    INCREMENT BY 1
    NO MINVALUE
    NO MAXVALUE
    CACHE 1
);


--
-- TOC entry 277 (class 1259 OID 562111)
-- Name: character_class_classalignment; Type: TABLE; Schema: public; Owner: dnd_app_admin
--

CREATE TABLE public.character_class_classalignment (
    id integer NOT NULL,
    alignment_id integer NOT NULL,
    character_class_id integer NOT NULL
);


ALTER TABLE public.character_class_classalignment OWNER TO dnd_app_admin;

--
-- TOC entry 276 (class 1259 OID 562110)
-- Name: character_class_classalignment_id_seq; Type: SEQUENCE; Schema: public; Owner: dnd_app_admin
--

ALTER TABLE public.character_class_classalignment ALTER COLUMN id ADD GENERATED BY DEFAULT AS IDENTITY (
    SEQUENCE NAME public.character_class_classalignment_id_seq
    START WITH 1
    INCREMENT BY 1
    NO MINVALUE
    NO MAXVALUE
    CACHE 1
);


--
-- TOC entry 279 (class 1259 OID 562117)
-- Name: character_class_classbonuslanguage; Type: TABLE; Schema: public; Owner: dnd_app_admin
--

CREATE TABLE public.character_class_classbonuslanguage (
    id integer NOT NULL,
    character_class_id integer NOT NULL,
    language_id integer NOT NULL
);


ALTER TABLE public.character_class_classbonuslanguage OWNER TO dnd_app_admin;

--
-- TOC entry 278 (class 1259 OID 562116)
-- Name: character_class_classbonuslanguage_id_seq; Type: SEQUENCE; Schema: public; Owner: dnd_app_admin
--

ALTER TABLE public.character_class_classbonuslanguage ALTER COLUMN id ADD GENERATED BY DEFAULT AS IDENTITY (
    SEQUENCE NAME public.character_class_classbonuslanguage_id_seq
    START WITH 1
    INCREMENT BY 1
    NO MINVALUE
    NO MAXVALUE
    CACHE 1
);


--
-- TOC entry 281 (class 1259 OID 562123)
-- Name: character_class_classbsbprogression; Type: TABLE; Schema: public; Owner: dnd_app_admin
--

CREATE TABLE public.character_class_classbsbprogression (
    id integer NOT NULL,
    bsb_progression_id integer NOT NULL,
    character_class_id integer NOT NULL
);


ALTER TABLE public.character_class_classbsbprogression OWNER TO dnd_app_admin;

--
-- TOC entry 280 (class 1259 OID 562122)
-- Name: character_class_classbsbprogression_id_seq; Type: SEQUENCE; Schema: public; Owner: dnd_app_admin
--

ALTER TABLE public.character_class_classbsbprogression ALTER COLUMN id ADD GENERATED BY DEFAULT AS IDENTITY (
    SEQUENCE NAME public.character_class_classbsbprogression_id_seq
    START WITH 1
    INCREMENT BY 1
    NO MINVALUE
    NO MAXVALUE
    CACHE 1
);


--
-- TOC entry 283 (class 1259 OID 562129)
-- Name: character_class_classskill; Type: TABLE; Schema: public; Owner: dnd_app_admin
--

CREATE TABLE public.character_class_classskill (
    id integer NOT NULL,
    character_class_id integer NOT NULL,
    skill_id integer NOT NULL
);


ALTER TABLE public.character_class_classskill OWNER TO dnd_app_admin;

--
-- TOC entry 282 (class 1259 OID 562128)
-- Name: character_class_classskill_id_seq; Type: SEQUENCE; Schema: public; Owner: dnd_app_admin
--

ALTER TABLE public.character_class_classskill ALTER COLUMN id ADD GENERATED BY DEFAULT AS IDENTITY (
    SEQUENCE NAME public.character_class_classskill_id_seq
    START WITH 1
    INCREMENT BY 1
    NO MINVALUE
    NO MAXVALUE
    CACHE 1
);


--
-- TOC entry 285 (class 1259 OID 562135)
-- Name: character_class_classtrait; Type: TABLE; Schema: public; Owner: dnd_app_admin
--

CREATE TABLE public.character_class_classtrait (
    id integer NOT NULL,
    class_level_requirement integer NOT NULL,
    additional_value text,
    character_class_id integer NOT NULL,
    trait_id integer NOT NULL
);


ALTER TABLE public.character_class_classtrait OWNER TO dnd_app_admin;

--
-- TOC entry 284 (class 1259 OID 562134)
-- Name: character_class_classtrait_id_seq; Type: SEQUENCE; Schema: public; Owner: dnd_app_admin
--

ALTER TABLE public.character_class_classtrait ALTER COLUMN id ADD GENERATED BY DEFAULT AS IDENTITY (
    SEQUENCE NAME public.character_class_classtrait_id_seq
    START WITH 1
    INCREMENT BY 1
    NO MINVALUE
    NO MAXVALUE
    CACHE 1
);


--
-- TOC entry 275 (class 1259 OID 562103)
-- Name: character_class_prestigecharacterclass; Type: TABLE; Schema: public; Owner: dnd_app_admin
--

CREATE TABLE public.character_class_prestigecharacterclass (
    characterclass_ptr_id integer NOT NULL,
    required_bab integer NOT NULL,
    other_requirements text
);


ALTER TABLE public.character_class_prestigecharacterclass OWNER TO dnd_app_admin;

--
-- TOC entry 287 (class 1259 OID 562143)
-- Name: character_class_prestigeclassfeatrequirement; Type: TABLE; Schema: public; Owner: dnd_app_admin
--

CREATE TABLE public.character_class_prestigeclassfeatrequirement (
    id integer NOT NULL,
    feat_id integer NOT NULL,
    prestige_class_id integer NOT NULL
);


ALTER TABLE public.character_class_prestigeclassfeatrequirement OWNER TO dnd_app_admin;

--
-- TOC entry 286 (class 1259 OID 562142)
-- Name: character_class_prestigeclassfeatrequirement_id_seq; Type: SEQUENCE; Schema: public; Owner: dnd_app_admin
--

ALTER TABLE public.character_class_prestigeclassfeatrequirement ALTER COLUMN id ADD GENERATED BY DEFAULT AS IDENTITY (
    SEQUENCE NAME public.character_class_prestigeclassfeatrequirement_id_seq
    START WITH 1
    INCREMENT BY 1
    NO MINVALUE
    NO MAXVALUE
    CACHE 1
);


--
-- TOC entry 289 (class 1259 OID 562149)
-- Name: character_class_prestigeclasslanguagerequirement; Type: TABLE; Schema: public; Owner: dnd_app_admin
--

CREATE TABLE public.character_class_prestigeclasslanguagerequirement (
    id integer NOT NULL,
    language_id integer NOT NULL,
    prestige_class_id integer NOT NULL
);


ALTER TABLE public.character_class_prestigeclasslanguagerequirement OWNER TO dnd_app_admin;

--
-- TOC entry 288 (class 1259 OID 562148)
-- Name: character_class_prestigeclasslanguagerequirement_id_seq; Type: SEQUENCE; Schema: public; Owner: dnd_app_admin
--

ALTER TABLE public.character_class_prestigeclasslanguagerequirement ALTER COLUMN id ADD GENERATED BY DEFAULT AS IDENTITY (
    SEQUENCE NAME public.character_class_prestigeclasslanguagerequirement_id_seq
    START WITH 1
    INCREMENT BY 1
    NO MINVALUE
    NO MAXVALUE
    CACHE 1
);


--
-- TOC entry 270 (class 1259 OID 562084)
-- Name: character_class_prestigeclassracerequirement; Type: TABLE; Schema: public; Owner: dnd_app_admin
--

CREATE TABLE public.character_class_prestigeclassracerequirement (
    id integer NOT NULL,
    race_id integer NOT NULL,
    prestige_class_id integer NOT NULL
);


ALTER TABLE public.character_class_prestigeclassracerequirement OWNER TO dnd_app_admin;

--
-- TOC entry 269 (class 1259 OID 562083)
-- Name: character_class_prestigeclassracerequirement_id_seq; Type: SEQUENCE; Schema: public; Owner: dnd_app_admin
--

ALTER TABLE public.character_class_prestigeclassracerequirement ALTER COLUMN id ADD GENERATED BY DEFAULT AS IDENTITY (
    SEQUENCE NAME public.character_class_prestigeclassracerequirement_id_seq
    START WITH 1
    INCREMENT BY 1
    NO MINVALUE
    NO MAXVALUE
    CACHE 1
);


--
-- TOC entry 272 (class 1259 OID 562090)
-- Name: character_class_prestigeclassskillrankrequirement; Type: TABLE; Schema: public; Owner: dnd_app_admin
--

CREATE TABLE public.character_class_prestigeclassskillrankrequirement (
    id integer NOT NULL,
    required_ranks integer NOT NULL,
    skill_id integer NOT NULL,
    prestige_class_id integer NOT NULL
);


ALTER TABLE public.character_class_prestigeclassskillrankrequirement OWNER TO dnd_app_admin;

--
-- TOC entry 271 (class 1259 OID 562089)
-- Name: character_class_prestigeclassskillrankrequirement_id_seq; Type: SEQUENCE; Schema: public; Owner: dnd_app_admin
--

ALTER TABLE public.character_class_prestigeclassskillrankrequirement ALTER COLUMN id ADD GENERATED BY DEFAULT AS IDENTITY (
    SEQUENCE NAME public.character_class_prestigeclassskillrankrequirement_id_seq
    START WITH 1
    INCREMENT BY 1
    NO MINVALUE
    NO MAXVALUE
    CACHE 1
);


--
-- TOC entry 378 (class 1259 OID 563064)
-- Name: character_inventory; Type: TABLE; Schema: public; Owner: dnd_app_admin
--

CREATE TABLE public.character_inventory (
    id integer NOT NULL,
    name character varying(100) NOT NULL,
    capacity integer NOT NULL
);


ALTER TABLE public.character_inventory OWNER TO dnd_app_admin;

--
-- TOC entry 377 (class 1259 OID 563063)
-- Name: character_inventory_id_seq; Type: SEQUENCE; Schema: public; Owner: dnd_app_admin
--

ALTER TABLE public.character_inventory ALTER COLUMN id ADD GENERATED BY DEFAULT AS IDENTITY (
    SEQUENCE NAME public.character_inventory_id_seq
    START WITH 1
    INCREMENT BY 1
    NO MINVALUE
    NO MAXVALUE
    CACHE 1
);


--
-- TOC entry 380 (class 1259 OID 563072)
-- Name: character_inventoryitem; Type: TABLE; Schema: public; Owner: dnd_app_admin
--

CREATE TABLE public.character_inventoryitem (
    id integer NOT NULL,
    quantity integer NOT NULL,
    inventory_id integer NOT NULL,
    item_id integer NOT NULL
);


ALTER TABLE public.character_inventoryitem OWNER TO dnd_app_admin;

--
-- TOC entry 379 (class 1259 OID 563071)
-- Name: character_inventoryitem_id_seq; Type: SEQUENCE; Schema: public; Owner: dnd_app_admin
--

ALTER TABLE public.character_inventoryitem ALTER COLUMN id ADD GENERATED BY DEFAULT AS IDENTITY (
    SEQUENCE NAME public.character_inventoryitem_id_seq
    START WITH 1
    INCREMENT BY 1
    NO MINVALUE
    NO MAXVALUE
    CACHE 1
);


--
-- TOC entry 236 (class 1259 OID 561835)
-- Name: common_ability; Type: TABLE; Schema: public; Owner: dnd_app_admin
--

CREATE TABLE public.common_ability (
    id integer NOT NULL,
    name character varying(50) NOT NULL,
    abbreviation character varying(3) NOT NULL,
    description text
);


ALTER TABLE public.common_ability OWNER TO dnd_app_admin;

--
-- TOC entry 235 (class 1259 OID 561834)
-- Name: common_ability_id_seq; Type: SEQUENCE; Schema: public; Owner: dnd_app_admin
--

ALTER TABLE public.common_ability ALTER COLUMN id ADD GENERATED BY DEFAULT AS IDENTITY (
    SEQUENCE NAME public.common_ability_id_seq
    START WITH 1
    INCREMENT BY 1
    NO MINVALUE
    NO MAXVALUE
    CACHE 1
);


--
-- TOC entry 238 (class 1259 OID 561847)
-- Name: common_alignment; Type: TABLE; Schema: public; Owner: dnd_app_admin
--

CREATE TABLE public.common_alignment (
    id integer NOT NULL,
    name character varying(50) NOT NULL,
    abbreviation character varying(2) NOT NULL,
    description text
);


ALTER TABLE public.common_alignment OWNER TO dnd_app_admin;

--
-- TOC entry 237 (class 1259 OID 561846)
-- Name: common_alignment_id_seq; Type: SEQUENCE; Schema: public; Owner: dnd_app_admin
--

ALTER TABLE public.common_alignment ALTER COLUMN id ADD GENERATED BY DEFAULT AS IDENTITY (
    SEQUENCE NAME public.common_alignment_id_seq
    START WITH 1
    INCREMENT BY 1
    NO MINVALUE
    NO MAXVALUE
    CACHE 1
);


--
-- TOC entry 240 (class 1259 OID 561859)
-- Name: common_die; Type: TABLE; Schema: public; Owner: dnd_app_admin
--

CREATE TABLE public.common_die (
    id integer NOT NULL,
    sides integer NOT NULL
);


ALTER TABLE public.common_die OWNER TO dnd_app_admin;

--
-- TOC entry 239 (class 1259 OID 561858)
-- Name: common_die_id_seq; Type: SEQUENCE; Schema: public; Owner: dnd_app_admin
--

ALTER TABLE public.common_die ALTER COLUMN id ADD GENERATED BY DEFAULT AS IDENTITY (
    SEQUENCE NAME public.common_die_id_seq
    START WITH 1
    INCREMENT BY 1
    NO MINVALUE
    NO MAXVALUE
    CACHE 1
);


--
-- TOC entry 242 (class 1259 OID 561867)
-- Name: common_durationunit; Type: TABLE; Schema: public; Owner: dnd_app_admin
--

CREATE TABLE public.common_durationunit (
    id integer NOT NULL,
    name character varying(50) NOT NULL,
    name_plural character varying(50) NOT NULL,
    description text,
    duration_in_seconds integer NOT NULL
);


ALTER TABLE public.common_durationunit OWNER TO dnd_app_admin;

--
-- TOC entry 241 (class 1259 OID 561866)
-- Name: common_durationunit_id_seq; Type: SEQUENCE; Schema: public; Owner: dnd_app_admin
--

ALTER TABLE public.common_durationunit ALTER COLUMN id ADD GENERATED BY DEFAULT AS IDENTITY (
    SEQUENCE NAME public.common_durationunit_id_seq
    START WITH 1
    INCREMENT BY 1
    NO MINVALUE
    NO MAXVALUE
    CACHE 1
);


--
-- TOC entry 248 (class 1259 OID 561899)
-- Name: common_language; Type: TABLE; Schema: public; Owner: dnd_app_admin
--

CREATE TABLE public.common_language (
    id integer NOT NULL,
    name character varying(50) NOT NULL,
    alphabet character varying(50),
    is_secret boolean NOT NULL,
    source_id integer
);


ALTER TABLE public.common_language OWNER TO dnd_app_admin;

--
-- TOC entry 247 (class 1259 OID 561898)
-- Name: common_language_id_seq; Type: SEQUENCE; Schema: public; Owner: dnd_app_admin
--

ALTER TABLE public.common_language ALTER COLUMN id ADD GENERATED BY DEFAULT AS IDENTITY (
    SEQUENCE NAME public.common_language_id_seq
    START WITH 1
    INCREMENT BY 1
    NO MINVALUE
    NO MAXVALUE
    CACHE 1
);


--
-- TOC entry 244 (class 1259 OID 561879)
-- Name: common_source; Type: TABLE; Schema: public; Owner: dnd_app_admin
--

CREATE TABLE public.common_source (
    id integer NOT NULL,
    name character varying(150) NOT NULL,
    link character varying(200),
    year integer,
    description text
);


ALTER TABLE public.common_source OWNER TO dnd_app_admin;

--
-- TOC entry 243 (class 1259 OID 561878)
-- Name: common_source_id_seq; Type: SEQUENCE; Schema: public; Owner: dnd_app_admin
--

ALTER TABLE public.common_source ALTER COLUMN id ADD GENERATED BY DEFAULT AS IDENTITY (
    SEQUENCE NAME public.common_source_id_seq
    START WITH 1
    INCREMENT BY 1
    NO MINVALUE
    NO MAXVALUE
    CACHE 1
);


--
-- TOC entry 250 (class 1259 OID 561907)
-- Name: common_trait; Type: TABLE; Schema: public; Owner: dnd_app_admin
--

CREATE TABLE public.common_trait (
    id integer NOT NULL,
    short_description character varying(100) NOT NULL,
    long_description text,
    link character varying(200),
    trait_classification_id integer NOT NULL
);


ALTER TABLE public.common_trait OWNER TO dnd_app_admin;

--
-- TOC entry 249 (class 1259 OID 561906)
-- Name: common_trait_id_seq; Type: SEQUENCE; Schema: public; Owner: dnd_app_admin
--

ALTER TABLE public.common_trait ALTER COLUMN id ADD GENERATED BY DEFAULT AS IDENTITY (
    SEQUENCE NAME public.common_trait_id_seq
    START WITH 1
    INCREMENT BY 1
    NO MINVALUE
    NO MAXVALUE
    CACHE 1
);


--
-- TOC entry 246 (class 1259 OID 561889)
-- Name: common_traitclassification; Type: TABLE; Schema: public; Owner: dnd_app_admin
--

CREATE TABLE public.common_traitclassification (
    id integer NOT NULL,
    name character varying(100) NOT NULL,
    description text
);


ALTER TABLE public.common_traitclassification OWNER TO dnd_app_admin;

--
-- TOC entry 245 (class 1259 OID 561888)
-- Name: common_traitclassification_id_seq; Type: SEQUENCE; Schema: public; Owner: dnd_app_admin
--

ALTER TABLE public.common_traitclassification ALTER COLUMN id ADD GENERATED BY DEFAULT AS IDENTITY (
    SEQUENCE NAME public.common_traitclassification_id_seq
    START WITH 1
    INCREMENT BY 1
    NO MINVALUE
    NO MAXVALUE
    CACHE 1
);


--
-- TOC entry 234 (class 1259 OID 561806)
-- Name: django_admin_log; Type: TABLE; Schema: public; Owner: dnd_app_admin
--

CREATE TABLE public.django_admin_log (
    id integer NOT NULL,
    action_time timestamp with time zone NOT NULL,
    object_id text,
    object_repr character varying(200) NOT NULL,
    action_flag smallint NOT NULL,
    change_message text NOT NULL,
    content_type_id integer,
    user_id integer NOT NULL,
    CONSTRAINT django_admin_log_action_flag_check CHECK ((action_flag >= 0))
);


ALTER TABLE public.django_admin_log OWNER TO dnd_app_admin;

--
-- TOC entry 233 (class 1259 OID 561805)
-- Name: django_admin_log_id_seq; Type: SEQUENCE; Schema: public; Owner: dnd_app_admin
--

ALTER TABLE public.django_admin_log ALTER COLUMN id ADD GENERATED BY DEFAULT AS IDENTITY (
    SEQUENCE NAME public.django_admin_log_id_seq
    START WITH 1
    INCREMENT BY 1
    NO MINVALUE
    NO MAXVALUE
    CACHE 1
);


--
-- TOC entry 220 (class 1259 OID 561706)
-- Name: django_content_type; Type: TABLE; Schema: public; Owner: dnd_app_admin
--

CREATE TABLE public.django_content_type (
    id integer NOT NULL,
    app_label character varying(100) NOT NULL,
    model character varying(100) NOT NULL
);


ALTER TABLE public.django_content_type OWNER TO dnd_app_admin;

--
-- TOC entry 219 (class 1259 OID 561705)
-- Name: django_content_type_id_seq; Type: SEQUENCE; Schema: public; Owner: dnd_app_admin
--

ALTER TABLE public.django_content_type ALTER COLUMN id ADD GENERATED BY DEFAULT AS IDENTITY (
    SEQUENCE NAME public.django_content_type_id_seq
    START WITH 1
    INCREMENT BY 1
    NO MINVALUE
    NO MAXVALUE
    CACHE 1
);


--
-- TOC entry 218 (class 1259 OID 561698)
-- Name: django_migrations; Type: TABLE; Schema: public; Owner: dnd_app_admin
--

CREATE TABLE public.django_migrations (
    id bigint NOT NULL,
    app character varying(255) NOT NULL,
    name character varying(255) NOT NULL,
    applied timestamp with time zone NOT NULL
);


ALTER TABLE public.django_migrations OWNER TO dnd_app_admin;

--
-- TOC entry 217 (class 1259 OID 561697)
-- Name: django_migrations_id_seq; Type: SEQUENCE; Schema: public; Owner: dnd_app_admin
--

ALTER TABLE public.django_migrations ALTER COLUMN id ADD GENERATED BY DEFAULT AS IDENTITY (
    SEQUENCE NAME public.django_migrations_id_seq
    START WITH 1
    INCREMENT BY 1
    NO MINVALUE
    NO MAXVALUE
    CACHE 1
);


--
-- TOC entry 383 (class 1259 OID 563184)
-- Name: django_session; Type: TABLE; Schema: public; Owner: dnd_app_admin
--

CREATE TABLE public.django_session (
    session_key character varying(40) NOT NULL,
    session_data text NOT NULL,
    expire_date timestamp with time zone NOT NULL
);


ALTER TABLE public.django_session OWNER TO dnd_app_admin;

--
-- TOC entry 256 (class 1259 OID 561966)
-- Name: feat_feat; Type: TABLE; Schema: public; Owner: dnd_app_admin
--

CREATE TABLE public.feat_feat (
    id integer NOT NULL,
    name character varying(50) NOT NULL,
    benefit text NOT NULL,
    normal text,
    special text,
    other_prerequisites text,
    link character varying(200),
    source_id integer
);


ALTER TABLE public.feat_feat OWNER TO dnd_app_admin;

--
-- TOC entry 255 (class 1259 OID 561965)
-- Name: feat_feat_id_seq; Type: SEQUENCE; Schema: public; Owner: dnd_app_admin
--

ALTER TABLE public.feat_feat ALTER COLUMN id ADD GENERATED BY DEFAULT AS IDENTITY (
    SEQUENCE NAME public.feat_feat_id_seq
    START WITH 1
    INCREMENT BY 1
    NO MINVALUE
    NO MAXVALUE
    CACHE 1
);


--
-- TOC entry 258 (class 1259 OID 561976)
-- Name: feat_featabilityprerequisite; Type: TABLE; Schema: public; Owner: dnd_app_admin
--

CREATE TABLE public.feat_featabilityprerequisite (
    id integer NOT NULL,
    required_ability_value integer NOT NULL,
    ability_id integer NOT NULL,
    feat_id integer NOT NULL
);


ALTER TABLE public.feat_featabilityprerequisite OWNER TO dnd_app_admin;

--
-- TOC entry 257 (class 1259 OID 561975)
-- Name: feat_featabilityprerequisite_id_seq; Type: SEQUENCE; Schema: public; Owner: dnd_app_admin
--

ALTER TABLE public.feat_featabilityprerequisite ALTER COLUMN id ADD GENERATED BY DEFAULT AS IDENTITY (
    SEQUENCE NAME public.feat_featabilityprerequisite_id_seq
    START WITH 1
    INCREMENT BY 1
    NO MINVALUE
    NO MAXVALUE
    CACHE 1
);


--
-- TOC entry 260 (class 1259 OID 561982)
-- Name: feat_featfeatprerequisite; Type: TABLE; Schema: public; Owner: dnd_app_admin
--

CREATE TABLE public.feat_featfeatprerequisite (
    id integer NOT NULL,
    prerequisite_id integer NOT NULL,
    prerequisite_for_feat_id integer NOT NULL
);


ALTER TABLE public.feat_featfeatprerequisite OWNER TO dnd_app_admin;

--
-- TOC entry 259 (class 1259 OID 561981)
-- Name: feat_featfeatprerequisite_id_seq; Type: SEQUENCE; Schema: public; Owner: dnd_app_admin
--

ALTER TABLE public.feat_featfeatprerequisite ALTER COLUMN id ADD GENERATED BY DEFAULT AS IDENTITY (
    SEQUENCE NAME public.feat_featfeatprerequisite_id_seq
    START WITH 1
    INCREMENT BY 1
    NO MINVALUE
    NO MAXVALUE
    CACHE 1
);


--
-- TOC entry 262 (class 1259 OID 561988)
-- Name: feat_featskillprerequisite; Type: TABLE; Schema: public; Owner: dnd_app_admin
--

CREATE TABLE public.feat_featskillprerequisite (
    id integer NOT NULL,
    required_ranks integer NOT NULL,
    feat_id integer NOT NULL,
    skill_id integer NOT NULL
);


ALTER TABLE public.feat_featskillprerequisite OWNER TO dnd_app_admin;

--
-- TOC entry 261 (class 1259 OID 561987)
-- Name: feat_featskillprerequisite_id_seq; Type: SEQUENCE; Schema: public; Owner: dnd_app_admin
--

ALTER TABLE public.feat_featskillprerequisite ALTER COLUMN id ADD GENERATED BY DEFAULT AS IDENTITY (
    SEQUENCE NAME public.feat_featskillprerequisite_id_seq
    START WITH 1
    INCREMENT BY 1
    NO MINVALUE
    NO MAXVALUE
    CACHE 1
);


--
-- TOC entry 264 (class 1259 OID 561994)
-- Name: feat_feattypeoffeat; Type: TABLE; Schema: public; Owner: dnd_app_admin
--

CREATE TABLE public.feat_feattypeoffeat (
    id integer NOT NULL,
    feat_id integer NOT NULL,
    type_of_feat_id integer NOT NULL
);


ALTER TABLE public.feat_feattypeoffeat OWNER TO dnd_app_admin;

--
-- TOC entry 263 (class 1259 OID 561993)
-- Name: feat_feattypeoffeat_id_seq; Type: SEQUENCE; Schema: public; Owner: dnd_app_admin
--

ALTER TABLE public.feat_feattypeoffeat ALTER COLUMN id ADD GENERATED BY DEFAULT AS IDENTITY (
    SEQUENCE NAME public.feat_feattypeoffeat_id_seq
    START WITH 1
    INCREMENT BY 1
    NO MINVALUE
    NO MAXVALUE
    CACHE 1
);


--
-- TOC entry 254 (class 1259 OID 561956)
-- Name: feat_typeoffeat; Type: TABLE; Schema: public; Owner: dnd_app_admin
--

CREATE TABLE public.feat_typeoffeat (
    id integer NOT NULL,
    name character varying(50) NOT NULL,
    description text
);


ALTER TABLE public.feat_typeoffeat OWNER TO dnd_app_admin;

--
-- TOC entry 253 (class 1259 OID 561955)
-- Name: feat_typeoffeat_id_seq; Type: SEQUENCE; Schema: public; Owner: dnd_app_admin
--

ALTER TABLE public.feat_typeoffeat ALTER COLUMN id ADD GENERATED BY DEFAULT AS IDENTITY (
    SEQUENCE NAME public.feat_typeoffeat_id_seq
    START WITH 1
    INCREMENT BY 1
    NO MINVALUE
    NO MAXVALUE
    CACHE 1
);


--
-- TOC entry 341 (class 1259 OID 562669)
-- Name: item_armor; Type: TABLE; Schema: public; Owner: dnd_app_admin
--

CREATE TABLE public.item_armor (
    item_ptr_id integer NOT NULL,
    armor_bonus integer,
    max_dex_bonus integer,
    armor_check_penalty integer,
    spell_failure_chance integer,
    enchantment_bonus integer,
    armor_type_id integer,
    special_material_id integer,
    is_masterwork boolean NOT NULL
);


ALTER TABLE public.item_armor OWNER TO dnd_app_admin;

--
-- TOC entry 358 (class 1259 OID 562739)
-- Name: item_armorarmormagicability; Type: TABLE; Schema: public; Owner: dnd_app_admin
--

CREATE TABLE public.item_armorarmormagicability (
    id integer NOT NULL,
    armor_magic_ability_id bigint NOT NULL,
    armor_id integer NOT NULL
);


ALTER TABLE public.item_armorarmormagicability OWNER TO dnd_app_admin;

--
-- TOC entry 357 (class 1259 OID 562738)
-- Name: item_armorarmormagicability_id_seq; Type: SEQUENCE; Schema: public; Owner: dnd_app_admin
--

ALTER TABLE public.item_armorarmormagicability ALTER COLUMN id ADD GENERATED BY DEFAULT AS IDENTITY (
    SEQUENCE NAME public.item_armorarmormagicability_id_seq
    START WITH 1
    INCREMENT BY 1
    NO MINVALUE
    NO MAXVALUE
    CACHE 1
);


--
-- TOC entry 344 (class 1259 OID 562680)
-- Name: item_armormagicability; Type: TABLE; Schema: public; Owner: dnd_app_admin
--

CREATE TABLE public.item_armormagicability (
    id bigint NOT NULL,
    name character varying(50) NOT NULL,
    description text,
    link character varying(200),
    caster_level_required_for_creation integer NOT NULL,
    other_craft_requirements text,
    cost_increase_in_bonus integer,
    cost_increase_in_gold numeric(10,2),
    magic_aura_strength_id integer NOT NULL,
    magic_aura_type_id integer NOT NULL,
    source_id integer,
    CONSTRAINT "at_least_one_not_null_ArmorMagicAbility_cost_increase_in_bonus_" CHECK (((cost_increase_in_bonus IS NOT NULL) OR (cost_increase_in_gold IS NOT NULL)))
);


ALTER TABLE public.item_armormagicability OWNER TO dnd_app_admin;

--
-- TOC entry 343 (class 1259 OID 562679)
-- Name: item_armormagicability_id_seq; Type: SEQUENCE; Schema: public; Owner: dnd_app_admin
--

ALTER TABLE public.item_armormagicability ALTER COLUMN id ADD GENERATED BY DEFAULT AS IDENTITY (
    SEQUENCE NAME public.item_armormagicability_id_seq
    START WITH 1
    INCREMENT BY 1
    NO MINVALUE
    NO MAXVALUE
    CACHE 1
);


--
-- TOC entry 346 (class 1259 OID 562690)
-- Name: item_armormagicabilityfeat; Type: TABLE; Schema: public; Owner: dnd_app_admin
--

CREATE TABLE public.item_armormagicabilityfeat (
    id integer NOT NULL,
    armor_magic_ability_id bigint NOT NULL,
    feat_id integer NOT NULL
);


ALTER TABLE public.item_armormagicabilityfeat OWNER TO dnd_app_admin;

--
-- TOC entry 345 (class 1259 OID 562689)
-- Name: item_armormagicabilityfeat_id_seq; Type: SEQUENCE; Schema: public; Owner: dnd_app_admin
--

ALTER TABLE public.item_armormagicabilityfeat ALTER COLUMN id ADD GENERATED BY DEFAULT AS IDENTITY (
    SEQUENCE NAME public.item_armormagicabilityfeat_id_seq
    START WITH 1
    INCREMENT BY 1
    NO MINVALUE
    NO MAXVALUE
    CACHE 1
);


--
-- TOC entry 348 (class 1259 OID 562696)
-- Name: item_armormagicabilityspell; Type: TABLE; Schema: public; Owner: dnd_app_admin
--

CREATE TABLE public.item_armormagicabilityspell (
    id integer NOT NULL,
    armor_magic_ability_id bigint NOT NULL,
    spell_id integer NOT NULL
);


ALTER TABLE public.item_armormagicabilityspell OWNER TO dnd_app_admin;

--
-- TOC entry 347 (class 1259 OID 562695)
-- Name: item_armormagicabilityspell_id_seq; Type: SEQUENCE; Schema: public; Owner: dnd_app_admin
--

ALTER TABLE public.item_armormagicabilityspell ALTER COLUMN id ADD GENERATED BY DEFAULT AS IDENTITY (
    SEQUENCE NAME public.item_armormagicabilityspell_id_seq
    START WITH 1
    INCREMENT BY 1
    NO MINVALUE
    NO MAXVALUE
    CACHE 1
);


--
-- TOC entry 334 (class 1259 OID 562632)
-- Name: item_armortype; Type: TABLE; Schema: public; Owner: dnd_app_admin
--

CREATE TABLE public.item_armortype (
    id integer NOT NULL,
    name character varying(50) NOT NULL
);


ALTER TABLE public.item_armortype OWNER TO dnd_app_admin;

--
-- TOC entry 333 (class 1259 OID 562631)
-- Name: item_armortype_id_seq; Type: SEQUENCE; Schema: public; Owner: dnd_app_admin
--

ALTER TABLE public.item_armortype ALTER COLUMN id ADD GENERATED BY DEFAULT AS IDENTITY (
    SEQUENCE NAME public.item_armortype_id_seq
    START WITH 1
    INCREMENT BY 1
    NO MINVALUE
    NO MAXVALUE
    CACHE 1
);


--
-- TOC entry 332 (class 1259 OID 562622)
-- Name: item_item; Type: TABLE; Schema: public; Owner: dnd_app_admin
--

CREATE TABLE public.item_item (
    id integer NOT NULL,
    name character varying(150) NOT NULL,
    description text,
    weight_in_lb numeric(10,2),
    price_in_gp numeric(10,2),
    link character varying(200),
    hardness integer,
    hit_points integer,
    size_id integer,
    source_id integer,
    category_id integer NOT NULL
);


ALTER TABLE public.item_item OWNER TO dnd_app_admin;

--
-- TOC entry 331 (class 1259 OID 562621)
-- Name: item_item_id_seq; Type: SEQUENCE; Schema: public; Owner: dnd_app_admin
--

ALTER TABLE public.item_item ALTER COLUMN id ADD GENERATED BY DEFAULT AS IDENTITY (
    SEQUENCE NAME public.item_item_id_seq
    START WITH 1
    INCREMENT BY 1
    NO MINVALUE
    NO MAXVALUE
    CACHE 1
);


--
-- TOC entry 336 (class 1259 OID 562640)
-- Name: item_itemcategory; Type: TABLE; Schema: public; Owner: dnd_app_admin
--

CREATE TABLE public.item_itemcategory (
    id integer NOT NULL,
    name character varying(50) NOT NULL,
    description text
);


ALTER TABLE public.item_itemcategory OWNER TO dnd_app_admin;

--
-- TOC entry 335 (class 1259 OID 562639)
-- Name: item_itemcategory_id_seq; Type: SEQUENCE; Schema: public; Owner: dnd_app_admin
--

ALTER TABLE public.item_itemcategory ALTER COLUMN id ADD GENERATED BY DEFAULT AS IDENTITY (
    SEQUENCE NAME public.item_itemcategory_id_seq
    START WITH 1
    INCREMENT BY 1
    NO MINVALUE
    NO MAXVALUE
    CACHE 1
);


--
-- TOC entry 350 (class 1259 OID 562707)
-- Name: item_specialmaterial; Type: TABLE; Schema: public; Owner: dnd_app_admin
--

CREATE TABLE public.item_specialmaterial (
    id integer NOT NULL,
    name character varying(50) NOT NULL,
    description text,
    link character varying(200),
    source_id integer
);


ALTER TABLE public.item_specialmaterial OWNER TO dnd_app_admin;

--
-- TOC entry 349 (class 1259 OID 562706)
-- Name: item_specialmaterial_id_seq; Type: SEQUENCE; Schema: public; Owner: dnd_app_admin
--

ALTER TABLE public.item_specialmaterial ALTER COLUMN id ADD GENERATED BY DEFAULT AS IDENTITY (
    SEQUENCE NAME public.item_specialmaterial_id_seq
    START WITH 1
    INCREMENT BY 1
    NO MINVALUE
    NO MAXVALUE
    CACHE 1
);


--
-- TOC entry 342 (class 1259 OID 562674)
-- Name: item_weapon; Type: TABLE; Schema: public; Owner: dnd_app_admin
--

CREATE TABLE public.item_weapon (
    item_ptr_id integer NOT NULL,
    damage character varying(50),
    crit_multiplier integer NOT NULL,
    crit_range character varying(5),
    range_increment_in_ft integer,
    is_masterwork boolean NOT NULL,
    enchantment_bonus integer,
    special_material_id integer,
    weapon_damage_type_id integer NOT NULL
);


ALTER TABLE public.item_weapon OWNER TO dnd_app_admin;

--
-- TOC entry 338 (class 1259 OID 562650)
-- Name: item_weaponcategory; Type: TABLE; Schema: public; Owner: dnd_app_admin
--

CREATE TABLE public.item_weaponcategory (
    id integer NOT NULL,
    name character varying(50) NOT NULL,
    description text
);


ALTER TABLE public.item_weaponcategory OWNER TO dnd_app_admin;

--
-- TOC entry 337 (class 1259 OID 562649)
-- Name: item_weaponcategory_id_seq; Type: SEQUENCE; Schema: public; Owner: dnd_app_admin
--

ALTER TABLE public.item_weaponcategory ALTER COLUMN id ADD GENERATED BY DEFAULT AS IDENTITY (
    SEQUENCE NAME public.item_weaponcategory_id_seq
    START WITH 1
    INCREMENT BY 1
    NO MINVALUE
    NO MAXVALUE
    CACHE 1
);


--
-- TOC entry 340 (class 1259 OID 562660)
-- Name: item_weapondamagetype; Type: TABLE; Schema: public; Owner: dnd_app_admin
--

CREATE TABLE public.item_weapondamagetype (
    id integer NOT NULL,
    name character varying(50) NOT NULL,
    description text
);


ALTER TABLE public.item_weapondamagetype OWNER TO dnd_app_admin;

--
-- TOC entry 339 (class 1259 OID 562659)
-- Name: item_weapondamagetype_id_seq; Type: SEQUENCE; Schema: public; Owner: dnd_app_admin
--

ALTER TABLE public.item_weapondamagetype ALTER COLUMN id ADD GENERATED BY DEFAULT AS IDENTITY (
    SEQUENCE NAME public.item_weapondamagetype_id_seq
    START WITH 1
    INCREMENT BY 1
    NO MINVALUE
    NO MAXVALUE
    CACHE 1
);


--
-- TOC entry 352 (class 1259 OID 562717)
-- Name: item_weaponmagicability; Type: TABLE; Schema: public; Owner: dnd_app_admin
--

CREATE TABLE public.item_weaponmagicability (
    name character varying(50) NOT NULL,
    description text,
    link character varying(200),
    caster_level_required_for_creation integer NOT NULL,
    other_craft_requirements text,
    id integer NOT NULL,
    cost_increase_in_bonus integer,
    cost_increase_in_gold numeric(10,2),
    magic_aura_strength_id integer NOT NULL,
    magic_aura_type_id integer NOT NULL,
    source_id integer,
    CONSTRAINT "at_least_one_not_null_WeaponMagicAbility_cost_increase_in_bonus" CHECK (((cost_increase_in_bonus IS NOT NULL) OR (cost_increase_in_gold IS NOT NULL)))
);


ALTER TABLE public.item_weaponmagicability OWNER TO dnd_app_admin;

--
-- TOC entry 351 (class 1259 OID 562716)
-- Name: item_weaponmagicability_id_seq; Type: SEQUENCE; Schema: public; Owner: dnd_app_admin
--

ALTER TABLE public.item_weaponmagicability ALTER COLUMN id ADD GENERATED BY DEFAULT AS IDENTITY (
    SEQUENCE NAME public.item_weaponmagicability_id_seq
    START WITH 1
    INCREMENT BY 1
    NO MINVALUE
    NO MAXVALUE
    CACHE 1
);


--
-- TOC entry 354 (class 1259 OID 562727)
-- Name: item_weaponmagicabilityfeat; Type: TABLE; Schema: public; Owner: dnd_app_admin
--

CREATE TABLE public.item_weaponmagicabilityfeat (
    id integer NOT NULL,
    feat_id integer NOT NULL,
    weapon_magic_ability_id integer NOT NULL
);


ALTER TABLE public.item_weaponmagicabilityfeat OWNER TO dnd_app_admin;

--
-- TOC entry 353 (class 1259 OID 562726)
-- Name: item_weaponmagicabilityfeat_id_seq; Type: SEQUENCE; Schema: public; Owner: dnd_app_admin
--

ALTER TABLE public.item_weaponmagicabilityfeat ALTER COLUMN id ADD GENERATED BY DEFAULT AS IDENTITY (
    SEQUENCE NAME public.item_weaponmagicabilityfeat_id_seq
    START WITH 1
    INCREMENT BY 1
    NO MINVALUE
    NO MAXVALUE
    CACHE 1
);


--
-- TOC entry 356 (class 1259 OID 562733)
-- Name: item_weaponmagicabilityspell; Type: TABLE; Schema: public; Owner: dnd_app_admin
--

CREATE TABLE public.item_weaponmagicabilityspell (
    id integer NOT NULL,
    spell_id integer NOT NULL,
    weapon_magic_ability_id integer NOT NULL
);


ALTER TABLE public.item_weaponmagicabilityspell OWNER TO dnd_app_admin;

--
-- TOC entry 355 (class 1259 OID 562732)
-- Name: item_weaponmagicabilityspell_id_seq; Type: SEQUENCE; Schema: public; Owner: dnd_app_admin
--

ALTER TABLE public.item_weaponmagicabilityspell ALTER COLUMN id ADD GENERATED BY DEFAULT AS IDENTITY (
    SEQUENCE NAME public.item_weaponmagicabilityspell_id_seq
    START WITH 1
    INCREMENT BY 1
    NO MINVALUE
    NO MAXVALUE
    CACHE 1
);


--
-- TOC entry 364 (class 1259 OID 562767)
-- Name: item_weaponweaponcategory; Type: TABLE; Schema: public; Owner: dnd_app_admin
--

CREATE TABLE public.item_weaponweaponcategory (
    id integer NOT NULL,
    weapon_category_id integer NOT NULL,
    weapon_id integer NOT NULL
);


ALTER TABLE public.item_weaponweaponcategory OWNER TO dnd_app_admin;

--
-- TOC entry 363 (class 1259 OID 562766)
-- Name: item_weaponweaponcategory_id_seq; Type: SEQUENCE; Schema: public; Owner: dnd_app_admin
--

ALTER TABLE public.item_weaponweaponcategory ALTER COLUMN id ADD GENERATED BY DEFAULT AS IDENTITY (
    SEQUENCE NAME public.item_weaponweaponcategory_id_seq
    START WITH 1
    INCREMENT BY 1
    NO MINVALUE
    NO MAXVALUE
    CACHE 1
);


--
-- TOC entry 362 (class 1259 OID 562761)
-- Name: item_weaponweapondamagetype; Type: TABLE; Schema: public; Owner: dnd_app_admin
--

CREATE TABLE public.item_weaponweapondamagetype (
    id integer NOT NULL,
    weapon_damage_type_id integer NOT NULL,
    weapon_id integer NOT NULL
);


ALTER TABLE public.item_weaponweapondamagetype OWNER TO dnd_app_admin;

--
-- TOC entry 361 (class 1259 OID 562760)
-- Name: item_weaponweapondamagetype_id_seq; Type: SEQUENCE; Schema: public; Owner: dnd_app_admin
--

ALTER TABLE public.item_weaponweapondamagetype ALTER COLUMN id ADD GENERATED BY DEFAULT AS IDENTITY (
    SEQUENCE NAME public.item_weaponweapondamagetype_id_seq
    START WITH 1
    INCREMENT BY 1
    NO MINVALUE
    NO MAXVALUE
    CACHE 1
);


--
-- TOC entry 360 (class 1259 OID 562755)
-- Name: item_weaponweaponmagicability; Type: TABLE; Schema: public; Owner: dnd_app_admin
--

CREATE TABLE public.item_weaponweaponmagicability (
    id integer NOT NULL,
    weapon_magic_ability_id integer NOT NULL,
    weapon_id integer NOT NULL
);


ALTER TABLE public.item_weaponweaponmagicability OWNER TO dnd_app_admin;

--
-- TOC entry 359 (class 1259 OID 562754)
-- Name: item_weaponweaponmagicability_id_seq; Type: SEQUENCE; Schema: public; Owner: dnd_app_admin
--

ALTER TABLE public.item_weaponweaponmagicability ALTER COLUMN id ADD GENERATED BY DEFAULT AS IDENTITY (
    SEQUENCE NAME public.item_weaponweaponmagicability_id_seq
    START WITH 1
    INCREMENT BY 1
    NO MINVALUE
    NO MAXVALUE
    CACHE 1
);


--
-- TOC entry 293 (class 1259 OID 562265)
-- Name: race_abilitymodifier; Type: TABLE; Schema: public; Owner: dnd_app_admin
--

CREATE TABLE public.race_abilitymodifier (
    id integer NOT NULL,
    value integer NOT NULL,
    ability_id integer NOT NULL
);


ALTER TABLE public.race_abilitymodifier OWNER TO dnd_app_admin;

--
-- TOC entry 292 (class 1259 OID 562264)
-- Name: race_abilitymodifier_id_seq; Type: SEQUENCE; Schema: public; Owner: dnd_app_admin
--

ALTER TABLE public.race_abilitymodifier ALTER COLUMN id ADD GENERATED BY DEFAULT AS IDENTITY (
    SEQUENCE NAME public.race_abilitymodifier_id_seq
    START WITH 1
    INCREMENT BY 1
    NO MINVALUE
    NO MAXVALUE
    CACHE 1
);


--
-- TOC entry 295 (class 1259 OID 562271)
-- Name: race_charactertype; Type: TABLE; Schema: public; Owner: dnd_app_admin
--

CREATE TABLE public.race_charactertype (
    id integer NOT NULL,
    name character varying(50) NOT NULL,
    description text,
    link character varying(200),
    subtype boolean NOT NULL,
    source_id integer
);


ALTER TABLE public.race_charactertype OWNER TO dnd_app_admin;

--
-- TOC entry 294 (class 1259 OID 562270)
-- Name: race_charactertype_id_seq; Type: SEQUENCE; Schema: public; Owner: dnd_app_admin
--

ALTER TABLE public.race_charactertype ALTER COLUMN id ADD GENERATED BY DEFAULT AS IDENTITY (
    SEQUENCE NAME public.race_charactertype_id_seq
    START WITH 1
    INCREMENT BY 1
    NO MINVALUE
    NO MAXVALUE
    CACHE 1
);


--
-- TOC entry 297 (class 1259 OID 562281)
-- Name: race_charactertypetrait; Type: TABLE; Schema: public; Owner: dnd_app_admin
--

CREATE TABLE public.race_charactertypetrait (
    id integer NOT NULL,
    additional_value text,
    character_type_id integer NOT NULL,
    trait_id integer NOT NULL
);


ALTER TABLE public.race_charactertypetrait OWNER TO dnd_app_admin;

--
-- TOC entry 296 (class 1259 OID 562280)
-- Name: race_charactertypetrait_id_seq; Type: SEQUENCE; Schema: public; Owner: dnd_app_admin
--

ALTER TABLE public.race_charactertypetrait ALTER COLUMN id ADD GENERATED BY DEFAULT AS IDENTITY (
    SEQUENCE NAME public.race_charactertypetrait_id_seq
    START WITH 1
    INCREMENT BY 1
    NO MINVALUE
    NO MAXVALUE
    CACHE 1
);


--
-- TOC entry 299 (class 1259 OID 562289)
-- Name: race_race; Type: TABLE; Schema: public; Owner: dnd_app_admin
--

CREATE TABLE public.race_race (
    id integer NOT NULL,
    name character varying(50) NOT NULL,
    description text,
    link character varying(200),
    level_adjustment integer NOT NULL,
    source_id integer,
    size_id integer NOT NULL
);


ALTER TABLE public.race_race OWNER TO dnd_app_admin;

--
-- TOC entry 298 (class 1259 OID 562288)
-- Name: race_race_id_seq; Type: SEQUENCE; Schema: public; Owner: dnd_app_admin
--

ALTER TABLE public.race_race ALTER COLUMN id ADD GENERATED BY DEFAULT AS IDENTITY (
    SEQUENCE NAME public.race_race_id_seq
    START WITH 1
    INCREMENT BY 1
    NO MINVALUE
    NO MAXVALUE
    CACHE 1
);


--
-- TOC entry 301 (class 1259 OID 562299)
-- Name: race_raceabilitymodifier; Type: TABLE; Schema: public; Owner: dnd_app_admin
--

CREATE TABLE public.race_raceabilitymodifier (
    id integer NOT NULL,
    ability_modifier_id integer NOT NULL,
    race_id integer NOT NULL
);


ALTER TABLE public.race_raceabilitymodifier OWNER TO dnd_app_admin;

--
-- TOC entry 300 (class 1259 OID 562298)
-- Name: race_raceabilitymodifier_id_seq; Type: SEQUENCE; Schema: public; Owner: dnd_app_admin
--

ALTER TABLE public.race_raceabilitymodifier ALTER COLUMN id ADD GENERATED BY DEFAULT AS IDENTITY (
    SEQUENCE NAME public.race_raceabilitymodifier_id_seq
    START WITH 1
    INCREMENT BY 1
    NO MINVALUE
    NO MAXVALUE
    CACHE 1
);


--
-- TOC entry 303 (class 1259 OID 562305)
-- Name: race_racefavoredclass; Type: TABLE; Schema: public; Owner: dnd_app_admin
--

CREATE TABLE public.race_racefavoredclass (
    id integer NOT NULL,
    character_class_id integer NOT NULL,
    race_id integer NOT NULL
);


ALTER TABLE public.race_racefavoredclass OWNER TO dnd_app_admin;

--
-- TOC entry 302 (class 1259 OID 562304)
-- Name: race_racefavoredclass_id_seq; Type: SEQUENCE; Schema: public; Owner: dnd_app_admin
--

ALTER TABLE public.race_racefavoredclass ALTER COLUMN id ADD GENERATED BY DEFAULT AS IDENTITY (
    SEQUENCE NAME public.race_racefavoredclass_id_seq
    START WITH 1
    INCREMENT BY 1
    NO MINVALUE
    NO MAXVALUE
    CACHE 1
);


--
-- TOC entry 305 (class 1259 OID 562311)
-- Name: race_racelanguage; Type: TABLE; Schema: public; Owner: dnd_app_admin
--

CREATE TABLE public.race_racelanguage (
    id integer NOT NULL,
    is_automatic boolean NOT NULL,
    language_id integer NOT NULL,
    race_id integer NOT NULL
);


ALTER TABLE public.race_racelanguage OWNER TO dnd_app_admin;

--
-- TOC entry 304 (class 1259 OID 562310)
-- Name: race_racelanguage_id_seq; Type: SEQUENCE; Schema: public; Owner: dnd_app_admin
--

ALTER TABLE public.race_racelanguage ALTER COLUMN id ADD GENERATED BY DEFAULT AS IDENTITY (
    SEQUENCE NAME public.race_racelanguage_id_seq
    START WITH 1
    INCREMENT BY 1
    NO MINVALUE
    NO MAXVALUE
    CACHE 1
);


--
-- TOC entry 307 (class 1259 OID 562317)
-- Name: race_racetrait; Type: TABLE; Schema: public; Owner: dnd_app_admin
--

CREATE TABLE public.race_racetrait (
    id integer NOT NULL,
    additional_value text,
    race_id integer NOT NULL,
    trait_id integer NOT NULL
);


ALTER TABLE public.race_racetrait OWNER TO dnd_app_admin;

--
-- TOC entry 306 (class 1259 OID 562316)
-- Name: race_racetrait_id_seq; Type: SEQUENCE; Schema: public; Owner: dnd_app_admin
--

ALTER TABLE public.race_racetrait ALTER COLUMN id ADD GENERATED BY DEFAULT AS IDENTITY (
    SEQUENCE NAME public.race_racetrait_id_seq
    START WITH 1
    INCREMENT BY 1
    NO MINVALUE
    NO MAXVALUE
    CACHE 1
);


--
-- TOC entry 309 (class 1259 OID 562325)
-- Name: race_racetype; Type: TABLE; Schema: public; Owner: dnd_app_admin
--

CREATE TABLE public.race_racetype (
    id integer NOT NULL,
    character_type_id integer NOT NULL,
    race_id integer NOT NULL
);


ALTER TABLE public.race_racetype OWNER TO dnd_app_admin;

--
-- TOC entry 308 (class 1259 OID 562324)
-- Name: race_racetype_id_seq; Type: SEQUENCE; Schema: public; Owner: dnd_app_admin
--

ALTER TABLE public.race_racetype ALTER COLUMN id ADD GENERATED BY DEFAULT AS IDENTITY (
    SEQUENCE NAME public.race_racetype_id_seq
    START WITH 1
    INCREMENT BY 1
    NO MINVALUE
    NO MAXVALUE
    CACHE 1
);


--
-- TOC entry 291 (class 1259 OID 562257)
-- Name: race_size; Type: TABLE; Schema: public; Owner: dnd_app_admin
--

CREATE TABLE public.race_size (
    id integer NOT NULL,
    name character varying(20) NOT NULL,
    size_modifier integer NOT NULL,
    grapple_modifier integer NOT NULL,
    height_or_length character varying(20) NOT NULL,
    weight character varying(20) NOT NULL,
    space_ft numeric(3,1) NOT NULL,
    natural_reach_tall_ft integer NOT NULL,
    natural_reach_long_ft integer NOT NULL
);


ALTER TABLE public.race_size OWNER TO dnd_app_admin;

--
-- TOC entry 290 (class 1259 OID 562256)
-- Name: race_size_id_seq; Type: SEQUENCE; Schema: public; Owner: dnd_app_admin
--

ALTER TABLE public.race_size ALTER COLUMN id ADD GENERATED BY DEFAULT AS IDENTITY (
    SEQUENCE NAME public.race_size_id_seq
    START WITH 1
    INCREMENT BY 1
    NO MINVALUE
    NO MAXVALUE
    CACHE 1
);


--
-- TOC entry 252 (class 1259 OID 561939)
-- Name: skill_skill; Type: TABLE; Schema: public; Owner: dnd_app_admin
--

CREATE TABLE public.skill_skill (
    id integer NOT NULL,
    name character varying(100) NOT NULL,
    trained_only boolean NOT NULL,
    armor_check_penalty boolean NOT NULL,
    description text,
    link character varying(200),
    ability_id integer NOT NULL
);


ALTER TABLE public.skill_skill OWNER TO dnd_app_admin;

--
-- TOC entry 251 (class 1259 OID 561938)
-- Name: skill_skill_id_seq; Type: SEQUENCE; Schema: public; Owner: dnd_app_admin
--

ALTER TABLE public.skill_skill ALTER COLUMN id ADD GENERATED BY DEFAULT AS IDENTITY (
    SEQUENCE NAME public.skill_skill_id_seq
    START WITH 1
    INCREMENT BY 1
    NO MINVALUE
    NO MAXVALUE
    CACHE 1
);


--
-- TOC entry 311 (class 1259 OID 562442)
-- Name: spell_castingtime; Type: TABLE; Schema: public; Owner: dnd_app_admin
--

CREATE TABLE public.spell_castingtime (
    id integer NOT NULL,
    name character varying(50) NOT NULL,
    description text,
    approximate_time_in_seconds integer NOT NULL
);


ALTER TABLE public.spell_castingtime OWNER TO dnd_app_admin;

--
-- TOC entry 310 (class 1259 OID 562441)
-- Name: spell_castingtime_id_seq; Type: SEQUENCE; Schema: public; Owner: dnd_app_admin
--

ALTER TABLE public.spell_castingtime ALTER COLUMN id ADD GENERATED BY DEFAULT AS IDENTITY (
    SEQUENCE NAME public.spell_castingtime_id_seq
    START WITH 1
    INCREMENT BY 1
    NO MINVALUE
    NO MAXVALUE
    CACHE 1
);


--
-- TOC entry 313 (class 1259 OID 562452)
-- Name: spell_magicaurastrength; Type: TABLE; Schema: public; Owner: dnd_app_admin
--

CREATE TABLE public.spell_magicaurastrength (
    id integer NOT NULL,
    name character varying(50) NOT NULL,
    description text
);


ALTER TABLE public.spell_magicaurastrength OWNER TO dnd_app_admin;

--
-- TOC entry 312 (class 1259 OID 562451)
-- Name: spell_magicaurastrength_id_seq; Type: SEQUENCE; Schema: public; Owner: dnd_app_admin
--

ALTER TABLE public.spell_magicaurastrength ALTER COLUMN id ADD GENERATED BY DEFAULT AS IDENTITY (
    SEQUENCE NAME public.spell_magicaurastrength_id_seq
    START WITH 1
    INCREMENT BY 1
    NO MINVALUE
    NO MAXVALUE
    CACHE 1
);


--
-- TOC entry 315 (class 1259 OID 562462)
-- Name: spell_magicschool; Type: TABLE; Schema: public; Owner: dnd_app_admin
--

CREATE TABLE public.spell_magicschool (
    id integer NOT NULL,
    name character varying(50) NOT NULL,
    description text
);


ALTER TABLE public.spell_magicschool OWNER TO dnd_app_admin;

--
-- TOC entry 314 (class 1259 OID 562461)
-- Name: spell_magicschool_id_seq; Type: SEQUENCE; Schema: public; Owner: dnd_app_admin
--

ALTER TABLE public.spell_magicschool ALTER COLUMN id ADD GENERATED BY DEFAULT AS IDENTITY (
    SEQUENCE NAME public.spell_magicschool_id_seq
    START WITH 1
    INCREMENT BY 1
    NO MINVALUE
    NO MAXVALUE
    CACHE 1
);


--
-- TOC entry 322 (class 1259 OID 562503)
-- Name: spell_magicsubschool; Type: TABLE; Schema: public; Owner: dnd_app_admin
--

CREATE TABLE public.spell_magicsubschool (
    magicschool_ptr_id integer NOT NULL
);


ALTER TABLE public.spell_magicsubschool OWNER TO dnd_app_admin;

--
-- TOC entry 324 (class 1259 OID 562509)
-- Name: spell_spell; Type: TABLE; Schema: public; Owner: dnd_app_admin
--

CREATE TABLE public.spell_spell (
    id integer NOT NULL,
    name character varying(50) NOT NULL,
    description text,
    link character varying(200),
    target character varying(50),
    effect character varying(50),
    area character varying(50),
    duration character varying(50),
    saving_throw character varying(100),
    spell_resistance boolean,
    casting_time_id integer NOT NULL,
    school_id integer NOT NULL,
    source_id integer,
    range_id integer NOT NULL,
    subschool_id integer
);


ALTER TABLE public.spell_spell OWNER TO dnd_app_admin;

--
-- TOC entry 323 (class 1259 OID 562508)
-- Name: spell_spell_id_seq; Type: SEQUENCE; Schema: public; Owner: dnd_app_admin
--

ALTER TABLE public.spell_spell ALTER COLUMN id ADD GENERATED BY DEFAULT AS IDENTITY (
    SEQUENCE NAME public.spell_spell_id_seq
    START WITH 1
    INCREMENT BY 1
    NO MINVALUE
    NO MAXVALUE
    CACHE 1
);


--
-- TOC entry 317 (class 1259 OID 562472)
-- Name: spell_spellcomponent; Type: TABLE; Schema: public; Owner: dnd_app_admin
--

CREATE TABLE public.spell_spellcomponent (
    id integer NOT NULL,
    name character varying(50) NOT NULL,
    short_name character varying(2) NOT NULL,
    description text
);


ALTER TABLE public.spell_spellcomponent OWNER TO dnd_app_admin;

--
-- TOC entry 316 (class 1259 OID 562471)
-- Name: spell_spellcomponent_id_seq; Type: SEQUENCE; Schema: public; Owner: dnd_app_admin
--

ALTER TABLE public.spell_spellcomponent ALTER COLUMN id ADD GENERATED BY DEFAULT AS IDENTITY (
    SEQUENCE NAME public.spell_spellcomponent_id_seq
    START WITH 1
    INCREMENT BY 1
    NO MINVALUE
    NO MAXVALUE
    CACHE 1
);


--
-- TOC entry 319 (class 1259 OID 562484)
-- Name: spell_spelldescriptor; Type: TABLE; Schema: public; Owner: dnd_app_admin
--

CREATE TABLE public.spell_spelldescriptor (
    id integer NOT NULL,
    name character varying(50) NOT NULL,
    description text
);


ALTER TABLE public.spell_spelldescriptor OWNER TO dnd_app_admin;

--
-- TOC entry 318 (class 1259 OID 562483)
-- Name: spell_spelldescriptor_id_seq; Type: SEQUENCE; Schema: public; Owner: dnd_app_admin
--

ALTER TABLE public.spell_spelldescriptor ALTER COLUMN id ADD GENERATED BY DEFAULT AS IDENTITY (
    SEQUENCE NAME public.spell_spelldescriptor_id_seq
    START WITH 1
    INCREMENT BY 1
    NO MINVALUE
    NO MAXVALUE
    CACHE 1
);


--
-- TOC entry 326 (class 1259 OID 562519)
-- Name: spell_spelllevel; Type: TABLE; Schema: public; Owner: dnd_app_admin
--

CREATE TABLE public.spell_spelllevel (
    id integer NOT NULL,
    level integer NOT NULL,
    character_class_id integer NOT NULL,
    spell_id integer NOT NULL
);


ALTER TABLE public.spell_spelllevel OWNER TO dnd_app_admin;

--
-- TOC entry 325 (class 1259 OID 562518)
-- Name: spell_spelllevel_id_seq; Type: SEQUENCE; Schema: public; Owner: dnd_app_admin
--

ALTER TABLE public.spell_spelllevel ALTER COLUMN id ADD GENERATED BY DEFAULT AS IDENTITY (
    SEQUENCE NAME public.spell_spelllevel_id_seq
    START WITH 1
    INCREMENT BY 1
    NO MINVALUE
    NO MAXVALUE
    CACHE 1
);


--
-- TOC entry 321 (class 1259 OID 562494)
-- Name: spell_spellrange; Type: TABLE; Schema: public; Owner: dnd_app_admin
--

CREATE TABLE public.spell_spellrange (
    id integer NOT NULL,
    name character varying(50) NOT NULL,
    description text
);


ALTER TABLE public.spell_spellrange OWNER TO dnd_app_admin;

--
-- TOC entry 320 (class 1259 OID 562493)
-- Name: spell_spellrange_id_seq; Type: SEQUENCE; Schema: public; Owner: dnd_app_admin
--

ALTER TABLE public.spell_spellrange ALTER COLUMN id ADD GENERATED BY DEFAULT AS IDENTITY (
    SEQUENCE NAME public.spell_spellrange_id_seq
    START WITH 1
    INCREMENT BY 1
    NO MINVALUE
    NO MAXVALUE
    CACHE 1
);


--
-- TOC entry 328 (class 1259 OID 562530)
-- Name: spell_spellspellcomponent; Type: TABLE; Schema: public; Owner: dnd_app_admin
--

CREATE TABLE public.spell_spellspellcomponent (
    id integer NOT NULL,
    component_id integer NOT NULL,
    spell_id integer NOT NULL
);


ALTER TABLE public.spell_spellspellcomponent OWNER TO dnd_app_admin;

--
-- TOC entry 327 (class 1259 OID 562529)
-- Name: spell_spellspellcomponent_id_seq; Type: SEQUENCE; Schema: public; Owner: dnd_app_admin
--

ALTER TABLE public.spell_spellspellcomponent ALTER COLUMN id ADD GENERATED BY DEFAULT AS IDENTITY (
    SEQUENCE NAME public.spell_spellspellcomponent_id_seq
    START WITH 1
    INCREMENT BY 1
    NO MINVALUE
    NO MAXVALUE
    CACHE 1
);


--
-- TOC entry 330 (class 1259 OID 562536)
-- Name: spell_spellspelldescriptor; Type: TABLE; Schema: public; Owner: dnd_app_admin
--

CREATE TABLE public.spell_spellspelldescriptor (
    id integer NOT NULL,
    descriptor_id integer NOT NULL,
    spell_id integer NOT NULL
);


ALTER TABLE public.spell_spellspelldescriptor OWNER TO dnd_app_admin;

--
-- TOC entry 329 (class 1259 OID 562535)
-- Name: spell_spellspelldescriptor_id_seq; Type: SEQUENCE; Schema: public; Owner: dnd_app_admin
--

ALTER TABLE public.spell_spellspelldescriptor ALTER COLUMN id ADD GENERATED BY DEFAULT AS IDENTITY (
    SEQUENCE NAME public.spell_spellspelldescriptor_id_seq
    START WITH 1
    INCREMENT BY 1
    NO MINVALUE
    NO MAXVALUE
    CACHE 1
);


--
-- TOC entry 5812 (class 0 OID 561720)
-- Dependencies: 224
-- Data for Name: auth_group; Type: TABLE DATA; Schema: public; Owner: dnd_app_admin
--

COPY public.auth_group (id, name) FROM stdin;
\.


--
-- TOC entry 5814 (class 0 OID 561728)
-- Dependencies: 226
-- Data for Name: auth_group_permissions; Type: TABLE DATA; Schema: public; Owner: dnd_app_admin
--

COPY public.auth_group_permissions (id, group_id, permission_id) FROM stdin;
\.


--
-- TOC entry 5810 (class 0 OID 561714)
-- Dependencies: 222
-- Data for Name: auth_permission; Type: TABLE DATA; Schema: public; Owner: dnd_app_admin
--

COPY public.auth_permission (id, name, content_type_id, codename) FROM stdin;
1	Can add log entry	1	add_logentry
2	Can change log entry	1	change_logentry
3	Can delete log entry	1	delete_logentry
4	Can view log entry	1	view_logentry
5	Can add permission	2	add_permission
6	Can change permission	2	change_permission
7	Can delete permission	2	delete_permission
8	Can view permission	2	view_permission
9	Can add group	3	add_group
10	Can change group	3	change_group
11	Can delete group	3	delete_group
12	Can view group	3	view_group
13	Can add user	4	add_user
14	Can change user	4	change_user
15	Can delete user	4	delete_user
16	Can view user	4	view_user
17	Can add content type	5	add_contenttype
18	Can change content type	5	change_contenttype
19	Can delete content type	5	delete_contenttype
20	Can view content type	5	view_contenttype
21	Can add session	6	add_session
22	Can change session	6	change_session
23	Can delete session	6	delete_session
24	Can view session	6	view_session
25	Can add character ability score	7	add_characterabilityscore
26	Can change character ability score	7	change_characterabilityscore
27	Can delete character ability score	7	delete_characterabilityscore
28	Can view character ability score	7	view_characterabilityscore
29	Can add character character class	8	add_charactercharacterclass
30	Can change character character class	8	change_charactercharacterclass
31	Can delete character character class	8	delete_charactercharacterclass
32	Can view character character class	8	view_charactercharacterclass
33	Can add character feat	9	add_characterfeat
34	Can change character feat	9	change_characterfeat
35	Can delete character feat	9	delete_characterfeat
36	Can view character feat	9	view_characterfeat
37	Can add character inventory	10	add_characterinventory
38	Can change character inventory	10	change_characterinventory
39	Can delete character inventory	10	delete_characterinventory
40	Can view character inventory	10	view_characterinventory
41	Can add character language	11	add_characterlanguage
42	Can change character language	11	change_characterlanguage
43	Can delete character language	11	delete_characterlanguage
44	Can view character language	11	view_characterlanguage
45	Can add character skill	12	add_characterskill
46	Can change character skill	12	change_characterskill
47	Can delete character skill	12	delete_characterskill
48	Can view character skill	12	view_characterskill
49	Can add inventory	13	add_inventory
50	Can change inventory	13	change_inventory
51	Can delete inventory	13	delete_inventory
52	Can view inventory	13	view_inventory
53	Can add inventory item	14	add_inventoryitem
54	Can change inventory item	14	change_inventoryitem
55	Can delete inventory item	14	delete_inventoryitem
56	Can view inventory item	14	view_inventoryitem
57	Can add character	15	add_character
58	Can change character	15	change_character
59	Can delete character	15	delete_character
60	Can view character	15	view_character
61	Can add size	16	add_size
62	Can change size	16	change_size
63	Can delete size	16	delete_size
64	Can view size	16	view_size
65	Can add ability modifier	17	add_abilitymodifier
66	Can change ability modifier	17	change_abilitymodifier
67	Can delete ability modifier	17	delete_abilitymodifier
68	Can view ability modifier	17	view_abilitymodifier
69	Can add character type	18	add_charactertype
70	Can change character type	18	change_charactertype
71	Can delete character type	18	delete_charactertype
72	Can view character type	18	view_charactertype
73	Can add character type trait	19	add_charactertypetrait
74	Can change character type trait	19	change_charactertypetrait
75	Can delete character type trait	19	delete_charactertypetrait
76	Can view character type trait	19	view_charactertypetrait
77	Can add race	20	add_race
78	Can change race	20	change_race
79	Can delete race	20	delete_race
80	Can view race	20	view_race
81	Can add race ability modifier	21	add_raceabilitymodifier
82	Can change race ability modifier	21	change_raceabilitymodifier
83	Can delete race ability modifier	21	delete_raceabilitymodifier
84	Can view race ability modifier	21	view_raceabilitymodifier
85	Can add race favored class	22	add_racefavoredclass
86	Can change race favored class	22	change_racefavoredclass
87	Can delete race favored class	22	delete_racefavoredclass
88	Can view race favored class	22	view_racefavoredclass
89	Can add race language	23	add_racelanguage
90	Can change race language	23	change_racelanguage
91	Can delete race language	23	delete_racelanguage
92	Can view race language	23	view_racelanguage
93	Can add race trait	24	add_racetrait
94	Can change race trait	24	change_racetrait
95	Can delete race trait	24	delete_racetrait
96	Can view race trait	24	view_racetrait
97	Can add race type	25	add_racetype
98	Can change race type	25	change_racetype
99	Can delete race type	25	delete_racetype
100	Can view race type	25	view_racetype
101	Can add ability	26	add_ability
102	Can change ability	26	change_ability
103	Can delete ability	26	delete_ability
104	Can view ability	26	view_ability
105	Can add alignment	27	add_alignment
106	Can change alignment	27	change_alignment
107	Can delete alignment	27	delete_alignment
108	Can view alignment	27	view_alignment
109	Can add die	28	add_die
110	Can change die	28	change_die
111	Can delete die	28	delete_die
112	Can view die	28	view_die
113	Can add duration unit	29	add_durationunit
114	Can change duration unit	29	change_durationunit
115	Can delete duration unit	29	delete_durationunit
116	Can view duration unit	29	view_durationunit
117	Can add source	30	add_source
118	Can change source	30	change_source
119	Can delete source	30	delete_source
120	Can view source	30	view_source
121	Can add trait classification	31	add_traitclassification
122	Can change trait classification	31	change_traitclassification
123	Can delete trait classification	31	delete_traitclassification
124	Can view trait classification	31	view_traitclassification
125	Can add language	32	add_language
126	Can change language	32	change_language
127	Can delete language	32	delete_language
128	Can view language	32	view_language
129	Can add trait	33	add_trait
130	Can change trait	33	change_trait
131	Can delete trait	33	delete_trait
132	Can view trait	33	view_trait
133	Can add bab progression	34	add_babprogression
134	Can change bab progression	34	change_babprogression
135	Can delete bab progression	34	delete_babprogression
136	Can view bab progression	34	view_babprogression
137	Can add character class	35	add_characterclass
138	Can change character class	35	change_characterclass
139	Can delete character class	35	delete_characterclass
140	Can view character class	35	view_characterclass
141	Can add prestige class race requirement	36	add_prestigeclassracerequirement
142	Can change prestige class race requirement	36	change_prestigeclassracerequirement
143	Can delete prestige class race requirement	36	delete_prestigeclassracerequirement
144	Can view prestige class race requirement	36	view_prestigeclassracerequirement
145	Can add prestige class skill rank requirement	37	add_prestigeclassskillrankrequirement
146	Can change prestige class skill rank requirement	37	change_prestigeclassskillrankrequirement
147	Can delete prestige class skill rank requirement	37	delete_prestigeclassskillrankrequirement
148	Can view prestige class skill rank requirement	37	view_prestigeclassskillrankrequirement
149	Can add bsb progression	38	add_bsbprogression
150	Can change bsb progression	38	change_bsbprogression
151	Can delete bsb progression	38	delete_bsbprogression
152	Can view bsb progression	38	view_bsbprogression
153	Can add prestige character class	39	add_prestigecharacterclass
154	Can change prestige character class	39	change_prestigecharacterclass
155	Can delete prestige character class	39	delete_prestigecharacterclass
156	Can view prestige character class	39	view_prestigecharacterclass
157	Can add class alignment	40	add_classalignment
158	Can change class alignment	40	change_classalignment
159	Can delete class alignment	40	delete_classalignment
160	Can view class alignment	40	view_classalignment
161	Can add class bonus language	41	add_classbonuslanguage
162	Can change class bonus language	41	change_classbonuslanguage
163	Can delete class bonus language	41	delete_classbonuslanguage
164	Can view class bonus language	41	view_classbonuslanguage
165	Can add class bsb progression	42	add_classbsbprogression
166	Can change class bsb progression	42	change_classbsbprogression
167	Can delete class bsb progression	42	delete_classbsbprogression
168	Can view class bsb progression	42	view_classbsbprogression
169	Can add class skill	43	add_classskill
170	Can change class skill	43	change_classskill
171	Can delete class skill	43	delete_classskill
172	Can view class skill	43	view_classskill
173	Can add class trait	44	add_classtrait
174	Can change class trait	44	change_classtrait
175	Can delete class trait	44	delete_classtrait
176	Can view class trait	44	view_classtrait
177	Can add prestige class feat requirement	45	add_prestigeclassfeatrequirement
178	Can change prestige class feat requirement	45	change_prestigeclassfeatrequirement
179	Can delete prestige class feat requirement	45	delete_prestigeclassfeatrequirement
180	Can view prestige class feat requirement	45	view_prestigeclassfeatrequirement
181	Can add prestige class language requirement	46	add_prestigeclasslanguagerequirement
182	Can change prestige class language requirement	46	change_prestigeclasslanguagerequirement
183	Can delete prestige class language requirement	46	delete_prestigeclasslanguagerequirement
184	Can view prestige class language requirement	46	view_prestigeclasslanguagerequirement
185	Can add skill	47	add_skill
186	Can change skill	47	change_skill
187	Can delete skill	47	delete_skill
188	Can view skill	47	view_skill
189	Can add type of feat	48	add_typeoffeat
190	Can change type of feat	48	change_typeoffeat
191	Can delete type of feat	48	delete_typeoffeat
192	Can view type of feat	48	view_typeoffeat
193	Can add feat	49	add_feat
194	Can change feat	49	change_feat
195	Can delete feat	49	delete_feat
196	Can view feat	49	view_feat
197	Can add feat ability prerequisite	50	add_featabilityprerequisite
198	Can change feat ability prerequisite	50	change_featabilityprerequisite
199	Can delete feat ability prerequisite	50	delete_featabilityprerequisite
200	Can view feat ability prerequisite	50	view_featabilityprerequisite
201	Can add feat feat prerequisite	51	add_featfeatprerequisite
202	Can change feat feat prerequisite	51	change_featfeatprerequisite
203	Can delete feat feat prerequisite	51	delete_featfeatprerequisite
204	Can view feat feat prerequisite	51	view_featfeatprerequisite
205	Can add feat skill prerequisite	52	add_featskillprerequisite
206	Can change feat skill prerequisite	52	change_featskillprerequisite
207	Can delete feat skill prerequisite	52	delete_featskillprerequisite
208	Can view feat skill prerequisite	52	view_featskillprerequisite
209	Can add feat type of feat	53	add_feattypeoffeat
210	Can change feat type of feat	53	change_feattypeoffeat
211	Can delete feat type of feat	53	delete_feattypeoffeat
212	Can view feat type of feat	53	view_feattypeoffeat
213	Can add item	54	add_item
214	Can change item	54	change_item
215	Can delete item	54	delete_item
216	Can view item	54	view_item
217	Can add armor type	55	add_armortype
218	Can change armor type	55	change_armortype
219	Can delete armor type	55	delete_armortype
220	Can view armor type	55	view_armortype
221	Can add item category	56	add_itemcategory
222	Can change item category	56	change_itemcategory
223	Can delete item category	56	delete_itemcategory
224	Can view item category	56	view_itemcategory
225	Can add weapon category	57	add_weaponcategory
226	Can change weapon category	57	change_weaponcategory
227	Can delete weapon category	57	delete_weaponcategory
228	Can view weapon category	57	view_weaponcategory
229	Can add weapon damage type	58	add_weapondamagetype
230	Can change weapon damage type	58	change_weapondamagetype
231	Can delete weapon damage type	58	delete_weapondamagetype
232	Can view weapon damage type	58	view_weapondamagetype
233	Can add armor	59	add_armor
234	Can change armor	59	change_armor
235	Can delete armor	59	delete_armor
236	Can view armor	59	view_armor
237	Can add weapon	60	add_weapon
238	Can change weapon	60	change_weapon
239	Can delete weapon	60	delete_weapon
240	Can view weapon	60	view_weapon
241	Can add armor magic ability	61	add_armormagicability
242	Can change armor magic ability	61	change_armormagicability
243	Can delete armor magic ability	61	delete_armormagicability
244	Can view armor magic ability	61	view_armormagicability
245	Can add armor magic ability feat	62	add_armormagicabilityfeat
246	Can change armor magic ability feat	62	change_armormagicabilityfeat
247	Can delete armor magic ability feat	62	delete_armormagicabilityfeat
248	Can view armor magic ability feat	62	view_armormagicabilityfeat
249	Can add armor magic ability spell	63	add_armormagicabilityspell
250	Can change armor magic ability spell	63	change_armormagicabilityspell
251	Can delete armor magic ability spell	63	delete_armormagicabilityspell
252	Can view armor magic ability spell	63	view_armormagicabilityspell
253	Can add special material	64	add_specialmaterial
254	Can change special material	64	change_specialmaterial
255	Can delete special material	64	delete_specialmaterial
256	Can view special material	64	view_specialmaterial
257	Can add weapon magic ability	65	add_weaponmagicability
258	Can change weapon magic ability	65	change_weaponmagicability
259	Can delete weapon magic ability	65	delete_weaponmagicability
260	Can view weapon magic ability	65	view_weaponmagicability
261	Can add weapon magic ability feat	66	add_weaponmagicabilityfeat
262	Can change weapon magic ability feat	66	change_weaponmagicabilityfeat
263	Can delete weapon magic ability feat	66	delete_weaponmagicabilityfeat
264	Can view weapon magic ability feat	66	view_weaponmagicabilityfeat
265	Can add weapon magic ability spell	67	add_weaponmagicabilityspell
266	Can change weapon magic ability spell	67	change_weaponmagicabilityspell
267	Can delete weapon magic ability spell	67	delete_weaponmagicabilityspell
268	Can view weapon magic ability spell	67	view_weaponmagicabilityspell
269	Can add armor armor magic ability	68	add_armorarmormagicability
270	Can change armor armor magic ability	68	change_armorarmormagicability
271	Can delete armor armor magic ability	68	delete_armorarmormagicability
272	Can view armor armor magic ability	68	view_armorarmormagicability
273	Can add weapon weapon magic ability	69	add_weaponweaponmagicability
274	Can change weapon weapon magic ability	69	change_weaponweaponmagicability
275	Can delete weapon weapon magic ability	69	delete_weaponweaponmagicability
276	Can view weapon weapon magic ability	69	view_weaponweaponmagicability
277	Can add weapon weapon damage type	70	add_weaponweapondamagetype
278	Can change weapon weapon damage type	70	change_weaponweapondamagetype
279	Can delete weapon weapon damage type	70	delete_weaponweapondamagetype
280	Can view weapon weapon damage type	70	view_weaponweapondamagetype
281	Can add weapon weapon category	71	add_weaponweaponcategory
282	Can change weapon weapon category	71	change_weaponweaponcategory
283	Can delete weapon weapon category	71	delete_weaponweaponcategory
284	Can view weapon weapon category	71	view_weaponweaponcategory
285	Can add casting time	72	add_castingtime
286	Can change casting time	72	change_castingtime
287	Can delete casting time	72	delete_castingtime
288	Can view casting time	72	view_castingtime
289	Can add magic aura strength	73	add_magicaurastrength
290	Can change magic aura strength	73	change_magicaurastrength
291	Can delete magic aura strength	73	delete_magicaurastrength
292	Can view magic aura strength	73	view_magicaurastrength
293	Can add magic school	74	add_magicschool
294	Can change magic school	74	change_magicschool
295	Can delete magic school	74	delete_magicschool
296	Can view magic school	74	view_magicschool
297	Can add spell component	75	add_spellcomponent
298	Can change spell component	75	change_spellcomponent
299	Can delete spell component	75	delete_spellcomponent
300	Can view spell component	75	view_spellcomponent
301	Can add spell descriptor	76	add_spelldescriptor
302	Can change spell descriptor	76	change_spelldescriptor
303	Can delete spell descriptor	76	delete_spelldescriptor
304	Can view spell descriptor	76	view_spelldescriptor
305	Can add spell range	77	add_spellrange
306	Can change spell range	77	change_spellrange
307	Can delete spell range	77	delete_spellrange
308	Can view spell range	77	view_spellrange
309	Can add magic sub school	78	add_magicsubschool
310	Can change magic sub school	78	change_magicsubschool
311	Can delete magic sub school	78	delete_magicsubschool
312	Can view magic sub school	78	view_magicsubschool
313	Can add spell	79	add_spell
314	Can change spell	79	change_spell
315	Can delete spell	79	delete_spell
316	Can view spell	79	view_spell
317	Can add spell level	80	add_spelllevel
318	Can change spell level	80	change_spelllevel
319	Can delete spell level	80	delete_spelllevel
320	Can view spell level	80	view_spelllevel
321	Can add Spell Component	81	add_spellspellcomponent
322	Can change Spell Component	81	change_spellspellcomponent
323	Can delete Spell Component	81	delete_spellspellcomponent
324	Can view Spell Component	81	view_spellspellcomponent
325	Can add Spell Descriptor	82	add_spellspelldescriptor
326	Can change Spell Descriptor	82	change_spellspelldescriptor
327	Can delete Spell Descriptor	82	delete_spellspelldescriptor
328	Can view Spell Descriptor	82	view_spellspelldescriptor
\.


--
-- TOC entry 5816 (class 0 OID 561734)
-- Dependencies: 228
-- Data for Name: auth_user; Type: TABLE DATA; Schema: public; Owner: dnd_app_admin
--

COPY public.auth_user (id, password, last_login, is_superuser, username, first_name, last_name, email, is_staff, is_active, date_joined) FROM stdin;
1	pbkdf2_sha256$870000$7GjWzJXMHrUW18CVUM1MXD$tjrE4Sc+z8+ZZOoEBo+4ruZWzU/L9o/x5FfklLVNv0I=	2025-04-12 15:49:14.327581+02	t	dnd_app_admin				t	t	2025-04-12 15:49:03.846472+02
\.


--
-- TOC entry 5818 (class 0 OID 561742)
-- Dependencies: 230
-- Data for Name: auth_user_groups; Type: TABLE DATA; Schema: public; Owner: dnd_app_admin
--

COPY public.auth_user_groups (id, user_id, group_id) FROM stdin;
\.


--
-- TOC entry 5820 (class 0 OID 561748)
-- Dependencies: 232
-- Data for Name: auth_user_user_permissions; Type: TABLE DATA; Schema: public; Owner: dnd_app_admin
--

COPY public.auth_user_user_permissions (id, user_id, permission_id) FROM stdin;
\.


--
-- TOC entry 5970 (class 0 OID 563078)
-- Dependencies: 382
-- Data for Name: character_character; Type: TABLE DATA; Schema: public; Owner: dnd_app_admin
--

COPY public.character_character (id, name, level, experience, current_hit_points, max_hit_points, gender, age, height, skin_color, hair_color, eye_color, weight, spell_resistance, fortitude_save_bonus, reflex_save_bonus, will_save_bonus, initiative_bonus, speed, armor_class, alignment_id, race_id) FROM stdin;
1	Bob	2	3000	15	15	\N	\N	\N	\N	\N	\N	\N	0	2	0	0	0	30	10	2	2
2	Boberinio	2	3000	15	15	\N	\N	\N	\N	\N	\N	\N	0	2	0	0	0	30	10	2	2
\.


--
-- TOC entry 5954 (class 0 OID 563028)
-- Dependencies: 366
-- Data for Name: character_characterabilityscore; Type: TABLE DATA; Schema: public; Owner: dnd_app_admin
--

COPY public.character_characterabilityscore (id, value, bonus, ability_id, character_id) FROM stdin;
1	10	12	1	2
2	10	12	2	2
3	10	10	3	2
4	10	8	4	2
5	10	17	5	2
6	10	19	6	2
7	10	0	1	1
8	10	0	2	1
9	10	0	3	1
10	10	0	4	1
11	10	0	5	1
12	10	0	6	1
\.


--
-- TOC entry 5956 (class 0 OID 563034)
-- Dependencies: 368
-- Data for Name: character_charactercharacterclass; Type: TABLE DATA; Schema: public; Owner: dnd_app_admin
--

COPY public.character_charactercharacterclass (id, level, character_id, character_class_id) FROM stdin;
1	1	2	1
2	1	1	2
\.


--
-- TOC entry 5958 (class 0 OID 563040)
-- Dependencies: 370
-- Data for Name: character_characterfeat; Type: TABLE DATA; Schema: public; Owner: dnd_app_admin
--

COPY public.character_characterfeat (id, level_acquired, character_id, feat_id) FROM stdin;
\.


--
-- TOC entry 5960 (class 0 OID 563046)
-- Dependencies: 372
-- Data for Name: character_characterinventory; Type: TABLE DATA; Schema: public; Owner: dnd_app_admin
--

COPY public.character_characterinventory (id, character_id, inventory_id) FROM stdin;
\.


--
-- TOC entry 5962 (class 0 OID 563052)
-- Dependencies: 374
-- Data for Name: character_characterlanguage; Type: TABLE DATA; Schema: public; Owner: dnd_app_admin
--

COPY public.character_characterlanguage (id, is_automatic, character_id, language_id) FROM stdin;
1	t	2	5
2	t	2	16
3	t	1	5
4	t	1	16
\.


--
-- TOC entry 5964 (class 0 OID 563058)
-- Dependencies: 376
-- Data for Name: character_characterskill; Type: TABLE DATA; Schema: public; Owner: dnd_app_admin
--

COPY public.character_characterskill (id, ranks, misc_bonus, character_id, skill_id) FROM stdin;
1	0	0	2	5
2	0	0	2	6
3	0	0	2	18
4	0	0	2	25
5	0	0	2	29
6	0	0	2	33
7	0	0	2	37
8	0	0	2	38
9	0	0	2	52
10	0	0	2	57
11	0	0	1	1
12	0	0	1	2
13	0	0	1	3
14	0	0	1	4
15	0	0	1	5
16	0	0	1	6
17	0	0	1	17
18	0	0	1	18
19	0	0	1	20
20	0	0	1	21
21	0	0	1	23
22	0	0	1	26
23	0	0	1	28
24	0	0	1	29
25	0	0	1	30
26	0	0	1	31
27	0	0	1	32
28	0	0	1	33
29	0	0	1	34
30	0	0	1	35
31	0	0	1	36
32	0	0	1	37
33	0	0	1	38
34	0	0	1	39
35	0	0	1	40
36	0	0	1	42
37	0	0	1	52
38	0	0	1	55
39	0	0	1	56
40	0	0	1	57
41	0	0	1	60
42	0	0	1	61
43	0	0	1	62
\.


--
-- TOC entry 5854 (class 0 OID 562064)
-- Dependencies: 266
-- Data for Name: character_class_babprogression; Type: TABLE DATA; Schema: public; Owner: dnd_app_admin
--

COPY public.character_class_babprogression (id, name, attack_bonus_table) FROM stdin;
1	Good	{"1": 1, "2": 2, "3": 3, "4": 4, "5": 5, "6": 6, "7": 7, "8": 8, "9": 9, "10": 10, "11": 11, "12": 12, "13": 13, "14": 14, "15": 15, "16": 16, "17": 17, "18": 18, "19": 19, "20": 20}
2	Average	{"1": 0, "2": 1, "3": 2, "4": 3, "5": 3, "6": 4, "7": 5, "8": 6, "9": 6, "10": 7, "11": 8, "12": 9, "13": 9, "14": 10, "15": 11, "16": 12, "17": 12, "18": 13, "19": 14, "20": 15}
3	Poor	{"1": 0, "2": 0, "3": 1, "4": 1, "5": 2, "6": 2, "7": 3, "8": 3, "9": 4, "10": 4, "11": 5, "12": 5, "13": 6, "14": 6, "15": 7, "16": 7, "17": 8, "18": 8, "19": 9, "20": 9}
\.


--
-- TOC entry 5862 (class 0 OID 562096)
-- Dependencies: 274
-- Data for Name: character_class_bsbprogression; Type: TABLE DATA; Schema: public; Owner: dnd_app_admin
--

COPY public.character_class_bsbprogression (id, name, save_bonus_table, ability_id) FROM stdin;
1	Wil (Good)	{"1": 2, "2": 3, "3": 3, "4": 4, "5": 4, "6": 5, "7": 5, "8": 6, "9": 6, "10": 7, "11": 7, "12": 8, "13": 8, "14": 9, "15": 9, "16": 10, "17": 10, "18": 11, "19": 11, "20": 12}	5
2	Reflex (Good)	{"1": 2, "2": 3, "3": 3, "4": 4, "5": 4, "6": 5, "7": 5, "8": 6, "9": 6, "10": 7, "11": 7, "12": 8, "13": 8, "14": 9, "15": 9, "16": 10, "17": 10, "18": 11, "19": 11, "20": 12}	2
3	Fortitude (Good)	{"1": 2, "2": 3, "3": 3, "4": 4, "5": 4, "6": 5, "7": 5, "8": 6, "9": 6, "10": 7, "11": 7, "12": 8, "13": 8, "14": 9, "15": 9, "16": 10, "17": 10, "18": 11, "19": 11, "20": 12}	3
4	Wil (Poor)	{"1": 0, "2": 0, "3": 1, "4": 1, "5": 1, "6": 2, "7": 2, "8": 2, "9": 3, "10": 3, "11": 3, "12": 4, "13": 4, "14": 4, "15": 5, "16": 5, "17": 5, "18": 6, "19": 6, "20": 6}	5
5	Reflex (Poor)	{"1": 0, "2": 0, "3": 1, "4": 1, "5": 1, "6": 2, "7": 2, "8": 2, "9": 3, "10": 3, "11": 3, "12": 4, "13": 4, "14": 4, "15": 5, "16": 5, "17": 5, "18": 6, "19": 6, "20": 6}	2
6	Fortitude (Poor)	{"1": 0, "2": 0, "3": 1, "4": 1, "5": 1, "6": 2, "7": 2, "8": 2, "9": 3, "10": 3, "11": 3, "12": 4, "13": 4, "14": 4, "15": 5, "16": 5, "17": 5, "18": 6, "19": 6, "20": 6}	3
\.


--
-- TOC entry 5856 (class 0 OID 562074)
-- Dependencies: 268
-- Data for Name: character_class_characterclass; Type: TABLE DATA; Schema: public; Owner: dnd_app_admin
--

COPY public.character_class_characterclass (id, name, description, max_level, link, skill_points_per_level, spells_per_day, spells_known, bab_progression_id, hit_die_id, source_id) FROM stdin;
1	Cleric		20	https://www.d20srd.org/srd/classes/cleric.htm	2	{"level 1": {"0": "3", "1": "1+1"}, "level 2": {"0": "4", "1": "2+1"}, "level 3": {"0": "4", "1": "2+1", "2": "1+1"}, "level 4": {"0": "5", "1": "3+1", "2": "2+1"}, "level 5": {"0": "5", "1": "3+1", "2": "2+1", "3": "1+1"}, "level 6": {"0": "5", "1": "3+1", "2": "3+1", "3": "2+1"}, "level 7": {"0": "6", "1": "4+1", "2": "3+1", "3": "2+1", "4": "1+1"}, "level 8": {"0": "6", "1": "4+1", "2": "3+1", "3": "3+1", "4": "2+1"}, "level 9": {"0": "6", "1": "4+1", "2": "4+1", "3": "3+1", "4": "2+1", "5": "1+1"}, "level 10": {"0": "6", "1": "4+1", "2": "4+1", "3": "3+1", "4": "3+1", "5": "2+1"}, "level 11": {"0": "6", "1": "5+1", "2": "4+1", "3": "4+1", "4": "3+1", "5": "2+1", "6": "1+1"}, "level 12": {"0": "6", "1": "5+1", "2": "4+1", "3": "4+1", "4": "3+1", "5": "3+1", "6": "2+1"}, "level 13": {"0": "6", "1": "5+1", "2": "5+1", "3": "4+1", "4": "4+1", "5": "3+1", "6": "2+1", "7": "1+1"}, "level 14": {"0": "6", "1": "5+1", "2": "5+1", "3": "4+1", "4": "4+1", "5": "3+1", "6": "3+1", "7": "2+1"}, "level 15": {"0": "6", "1": "5+1", "2": "5+1", "3": "5+1", "4": "4+1", "5": "4+1", "6": "3+1", "7": "2+1", "8": "1+1"}, "level 16": {"0": "6", "1": "5+1", "2": "5+1", "3": "5+1", "4": "4+1", "5": "4+1", "6": "3+1", "7": "3+1", "8": "2+1"}, "level 17": {"0": "6", "1": "5+1", "2": "5+1", "3": "5+1", "4": "5+1", "5": "4+1", "6": "4+1", "7": "3+1", "8": "2+1", "9": "1+1"}, "level 18": {"0": "6", "1": "5+1", "2": "5+1", "3": "5+1", "4": "5+1", "5": "4+1", "6": "4+1", "7": "3+1", "8": "3+1", "9": "2+1"}, "level 19": {"0": "6", "1": "5+1", "2": "5+1", "3": "5+1", "4": "5+1", "5": "5+1", "6": "4+1", "7": "4+1", "8": "3+1", "9": "3+1"}, "level 20": {"0": "6", "1": "5+1", "2": "5+1", "3": "5+1", "4": "5+1", "5": "5+1", "6": "4+1", "7": "4+1", "8": "4+1", "9": "4+1"}}	\N	2	4	1
2	Bard		20	https://www.d20srd.org/srd/classes/bard.htm	6	\N	\N	2	3	1
3	Any (Favored Class)		20	\N	0	\N	\N	3	2	1
4	Rogue		20	https://www.dandwiki.com/wiki/SRD:Rogue	8	\N	\N	2	3	1
5	Arcane Archer		10	https://www.d20srd.org/srd/prestigeClasses/arcaneArcher.htm	4	\N	\N	1	4	1
\.


--
-- TOC entry 5865 (class 0 OID 562111)
-- Dependencies: 277
-- Data for Name: character_class_classalignment; Type: TABLE DATA; Schema: public; Owner: dnd_app_admin
--

COPY public.character_class_classalignment (id, alignment_id, character_class_id) FROM stdin;
1	1	1
2	2	1
3	3	1
4	4	1
5	5	1
6	6	1
7	7	1
8	8	1
9	9	1
10	2	2
11	3	2
12	5	2
13	6	2
14	8	2
15	9	2
16	1	4
17	2	4
18	3	4
19	4	4
20	5	4
21	6	4
22	7	4
23	8	4
24	9	4
25	1	5
26	2	5
27	3	5
28	4	5
29	5	5
30	6	5
31	7	5
32	8	5
33	9	5
\.


--
-- TOC entry 5867 (class 0 OID 562117)
-- Dependencies: 279
-- Data for Name: character_class_classbonuslanguage; Type: TABLE DATA; Schema: public; Owner: dnd_app_admin
--

COPY public.character_class_classbonuslanguage (id, character_class_id, language_id) FROM stdin;
\.


--
-- TOC entry 5869 (class 0 OID 562123)
-- Dependencies: 281
-- Data for Name: character_class_classbsbprogression; Type: TABLE DATA; Schema: public; Owner: dnd_app_admin
--

COPY public.character_class_classbsbprogression (id, bsb_progression_id, character_class_id) FROM stdin;
1	3	1
2	5	1
3	1	1
4	6	2
5	2	2
6	1	2
7	6	4
8	2	4
9	4	4
10	3	5
11	2	5
12	4	5
\.


--
-- TOC entry 5871 (class 0 OID 562129)
-- Dependencies: 283
-- Data for Name: character_class_classskill; Type: TABLE DATA; Schema: public; Owner: dnd_app_admin
--

COPY public.character_class_classskill (id, character_class_id, skill_id) FROM stdin;
1	1	5
2	1	6
3	1	18
4	1	25
5	1	29
6	1	33
7	1	37
8	1	38
9	1	52
10	1	57
11	2	1
12	2	2
13	2	3
14	2	4
15	2	5
16	2	6
17	2	17
18	2	18
19	2	20
20	2	21
21	2	23
22	2	26
23	2	28
24	2	29
25	2	30
26	2	31
27	2	32
28	2	33
29	2	34
30	2	35
31	2	36
32	2	37
33	2	38
34	2	39
35	2	40
36	2	42
37	2	52
38	2	55
39	2	56
40	2	57
41	2	60
42	2	61
43	2	62
44	5	6
45	5	26
46	5	39
47	5	40
48	5	53
49	5	58
50	5	59
51	5	63
\.


--
-- TOC entry 5873 (class 0 OID 562135)
-- Dependencies: 285
-- Data for Name: character_class_classtrait; Type: TABLE DATA; Schema: public; Owner: dnd_app_admin
--

COPY public.character_class_classtrait (id, class_level_requirement, additional_value, character_class_id, trait_id) FROM stdin;
1	1		1	98
2	1		1	33
3	1		1	152
4	1		1	153
5	1		1	154
6	1		1	155
7	1		2	87
8	1		2	88
9	1		2	89
10	1		2	90
11	1	+1	2	92
12	1		2	33
13	1	longsword, rapier, sap, short sword, shortbow, and whip	2	85
14	3		2	92
15	6		2	93
16	8	+2	2	92
17	9		2	94
18	12		2	95
19	14	+3	2	92
20	15		2	96
21	18		2	97
22	20	+4	2	92
23	1		5	33
24	1		5	34
25	1		5	152
26	1		5	153
27	1		5	37
\.


--
-- TOC entry 5863 (class 0 OID 562103)
-- Dependencies: 275
-- Data for Name: character_class_prestigecharacterclass; Type: TABLE DATA; Schema: public; Owner: dnd_app_admin
--

COPY public.character_class_prestigecharacterclass (characterclass_ptr_id, required_bab, other_requirements) FROM stdin;
5	6	Ability to cast 1st-level arcane spells.
\.


--
-- TOC entry 5875 (class 0 OID 562143)
-- Dependencies: 287
-- Data for Name: character_class_prestigeclassfeatrequirement; Type: TABLE DATA; Schema: public; Owner: dnd_app_admin
--

COPY public.character_class_prestigeclassfeatrequirement (id, feat_id, prestige_class_id) FROM stdin;
1	1	5
2	2	5
3	3	5
\.


--
-- TOC entry 5877 (class 0 OID 562149)
-- Dependencies: 289
-- Data for Name: character_class_prestigeclasslanguagerequirement; Type: TABLE DATA; Schema: public; Owner: dnd_app_admin
--

COPY public.character_class_prestigeclasslanguagerequirement (id, language_id, prestige_class_id) FROM stdin;
\.


--
-- TOC entry 5858 (class 0 OID 562084)
-- Dependencies: 270
-- Data for Name: character_class_prestigeclassracerequirement; Type: TABLE DATA; Schema: public; Owner: dnd_app_admin
--

COPY public.character_class_prestigeclassracerequirement (id, race_id, prestige_class_id) FROM stdin;
\.


--
-- TOC entry 5860 (class 0 OID 562090)
-- Dependencies: 272
-- Data for Name: character_class_prestigeclassskillrankrequirement; Type: TABLE DATA; Schema: public; Owner: dnd_app_admin
--

COPY public.character_class_prestigeclassskillrankrequirement (id, required_ranks, skill_id, prestige_class_id) FROM stdin;
\.


--
-- TOC entry 5966 (class 0 OID 563064)
-- Dependencies: 378
-- Data for Name: character_inventory; Type: TABLE DATA; Schema: public; Owner: dnd_app_admin
--

COPY public.character_inventory (id, name, capacity) FROM stdin;
\.


--
-- TOC entry 5968 (class 0 OID 563072)
-- Dependencies: 380
-- Data for Name: character_inventoryitem; Type: TABLE DATA; Schema: public; Owner: dnd_app_admin
--

COPY public.character_inventoryitem (id, quantity, inventory_id, item_id) FROM stdin;
\.


--
-- TOC entry 5824 (class 0 OID 561835)
-- Dependencies: 236
-- Data for Name: common_ability; Type: TABLE DATA; Schema: public; Owner: dnd_app_admin
--

COPY public.common_ability (id, name, abbreviation, description) FROM stdin;
1	Strength	STR	Strength measures your race's muscle and physical power. This ability is especially important for fighters, barbarians, paladins, rangers, and monks because it helps them prevail in combat. Strength also limits the amount of equipment your race can carry.
2	Dexterity	DEX	Dexterity measures hand-eye coordination, agility, reflexes, and balance. This ability is the most important one for rogues, but it's also high on the list for characters who typically wear light or medium armor (rangers and barbarians) or no armor at all (monks, wizards, and sorcerers), and for anyone who wants to be a skilled archer.
3	Constitution	CON	Constitution represents your race's health and stamina. A Constitution bonus increases a race's hit points, so the ability is important for all classes.
4	Intelligence	INT	Intelligence determines how well your race learns and reasons. This ability is important for wizards because it affects how many spells they can cast, how hard their spells are to resist, and how powerful their spells can be. It's also important for any race who wants to have a wide assortment of skills.
5	Wisdom	WIS	Wisdom describes a race's willpower, common sense, perception, and intuition. While Intelligence represents one's ability to analyze information, Wisdom represents being in tune with and aware of one's surroundings. Wisdom is the most important ability for clerics and druids, and it is also important for paladins and rangers. If you want your race to have acute senses, put a high score in Wisdom. Every creature has a Wisdom score.
6	Charisma	CHA	Charisma measures a race's force of personality, persuasiveness, personal magnetism, ability to lead, and physical attractiveness. This ability represents actual strength of personality, not merely how one is perceived by others in a social setting. Charisma is most important for paladins, sorcerers, and bards. It is also important for clerics, since it affects their ability to turn undead. Every creature has a Charisma score.
\.


--
-- TOC entry 5826 (class 0 OID 561847)
-- Dependencies: 238
-- Data for Name: common_alignment; Type: TABLE DATA; Schema: public; Owner: dnd_app_admin
--

COPY public.common_alignment (id, name, abbreviation, description) FROM stdin;
1	Lawful Good	LG	A lawful good race acts as a good person is expected or required to act. She combines a commitment to oppose evil with the discipline to fight relentlessly. She tells the truth, keeps her word, helps those in need, and speaks out against injustice. A lawful good race hates to see the guilty go unpunished. Lawful good is the best alignment you can be because it combines honor and compassion.
2	Neutral Good	NG	A neutral good race does the best that a good person can do. He is devoted to helping others. He works with kings and magistrates but does not feel beholden to them. Neutral good is the best alignment you can be because it means doing what is good without bias for or against order.
3	Chaotic Good	CG	A chaotic good race acts as his conscience directs him with little regard for what others expect of him. He makes his own way, but he's kind and benevolent. He believes in goodness and right but has little use for laws and regulations. He hates it when people try to intimidate others and tell them what to do. He follows his own moral compass, which, although good, may not agree with that of society. Chaotic good is the best alignment you can be because it combines a good heart with a free spirit.
4	Lawful Neutral	LN	A lawful neutral race acts as law, tradition, or a personal code directs her. Order and organization are paramount to her. She may believe in personal order and live by a code or standard, or she may believe in order for all and favor a strong, organized government. Lawful neutral is the best alignment you can be because it means you are reliable and honorable without being a zealot.
5	Neutral	N	A neutral race does what seems to be a good idea. She doesn't feel strongly one way or the other when it comes to good vs. evil or law vs. chaos. Most neutral characters exhibit a lack of conviction or bias rather than a commitment to neutrality. Such a race thinks of good as better than evilafter all, she would rather have good neighbors and rulers than evil ones. Still, she's not personally committed to upholding good in any abstract or universal way. Some neutral characters, on the other hand, commit themselves philosophically to neutrality. They see good, evil, law, and chaos as prejudices and dangerous extremes. They advocate the middle way of neutrality as the best, most balanced road in the long run. Neutral is the best alignment you can be because it means you act naturally, without prejudice or compulsion.
6	Chaotic Neutral	CN	A chaotic neutral race follows his whims. He is an individualist first and last. He values his own liberty but doesn't strive to protect others' freedom. He avoids authority, resents restrictions, and challenges traditions. A chaotic neutral race does not intentionally disrupt organizations as part of a campaign of anarchy. To do so, he would have to be motivated either by good (and a desire to liberate others) or evil (and a desire to make those different from himself suffer). A chaotic neutral race may be unpredictable, but his behavior is not totally random. He is not as likely to jump off a bridge as to cross it. Chaotic neutral is the best alignment you can be because it represents true freedom from both society's restrictions and a do-gooder's zeal
7	Lawful Evil	LE	A lawful evil villain methodically takes what he wants within the limits of his code of conduct without regard for whom it hurts. He cares about tradition, loyalty, and order but not about freedom, dignity, or life. He plays by the rules but without mercy or compassion. He is comfortable in a hierarchy and would like to rule, but is willing to serve. He condemns others not according to their actions but according to race, religion, homeland, or social rank. He is loath to break laws or promises. This reluctance comes partly from his nature and partly because he depends on order to protect himself from those who oppose him on moral grounds. Some lawful evil villains have particular taboos, such as not killing in cold blood (but having underlings do it) or not letting children come to harm (if it can be helped). They imagine that these compunctions put them above unprincipled villains. Some lawful evil people and creatures commit themselves to evil with a zeal like that of a crusader committed to good. Beyond being willing to hurt others for their own ends, they take pleasure in spreading evil as an end unto itself. They may also see doing evil as part of a duty to an evil deity or master. Lawful evil is sometimes called 'diabolical', because devils are the epitome of lawful evil. Lawful evil is the most dangerous alignment because it represents methodical, intentional, and frequently successful evil.
8	Neutral Evil	NE	A neutral evil villain does whatever she can get away with. She is out for herself, pure and simple. She sheds no tears for those she kills, whether for profit, sport, or convenience. She has no love of order and holds no illusion that following laws, traditions, or codes would make her any better or more noble. On the other hand, she doesn't have the restless nature or love of conflict that a chaotic evil villain has. Some neutral evil villains hold up evil as an ideal, committing evil for its own sake. Most often, such villains are devoted to evil deities or secret societies. Neutral evil is the most dangerous alignment because it represents pure evil without honor and without variation.
9	Chaotic Evil	CE	A chaotic evil race does whatever his greed, hatred, and lust for destruction drive him to do. He is hot-tempered, vicious, arbitrarily violent, and unpredictable. If he is simply out for whatever he can get, he is ruthless and brutal. If he is committed to the spread of evil and chaos, he is even worse. Thankfully, his plans are haphazard, and any groups he joins or forms are poorly organized. Typically, chaotic evil people can be made to work together only by force, and their leader lasts only as long as he can thwart attempts to topple or assassinate him. Chaotic evil is sometimes called 'demonic' because demons are the epitome of chaotic evil. Chaotic evil is the most dangerous alignment because it represents the destruction not only of beauty and life but also of the order on which beauty and life depend.
\.


--
-- TOC entry 5828 (class 0 OID 561859)
-- Dependencies: 240
-- Data for Name: common_die; Type: TABLE DATA; Schema: public; Owner: dnd_app_admin
--

COPY public.common_die (id, sides) FROM stdin;
1	2
2	4
3	6
4	8
5	10
6	12
7	20
8	100
\.


--
-- TOC entry 5830 (class 0 OID 561867)
-- Dependencies: 242
-- Data for Name: common_durationunit; Type: TABLE DATA; Schema: public; Owner: dnd_app_admin
--

COPY public.common_durationunit (id, name, name_plural, description, duration_in_seconds) FROM stdin;
1	Second	Seconds		1
2	Round	Rounds	Round is approximately 6 seconds.	6
3	Minute	Minutes		60
4	Hour	Hours		3600
5	Day	Days		86400
6	Week	Weeks		604800
7	Month	Months		2592000
8	Year	Years		31536000
\.


--
-- TOC entry 5836 (class 0 OID 561899)
-- Dependencies: 248
-- Data for Name: common_language; Type: TABLE DATA; Schema: public; Owner: dnd_app_admin
--

COPY public.common_language (id, name, alphabet, is_secret, source_id) FROM stdin;
1	Abyssal	Infernal	f	\N
2	Aquan	Elven	f	\N
3	Auran	Draconic	f	\N
4	Celestial	Celestial	f	\N
5	Common	Common	f	\N
6	Draconic	Draconic	f	\N
7	Druidic	Druidic	t	\N
8	Dwarven	Dwarven	f	\N
9	Elven	Elven	f	\N
10	Giant	Dwarven	f	\N
11	Gnome	Dwarven	f	\N
12	Goblin	Dwarven	f	\N
13	Gnoll	Common	f	\N
14	Halfling	Common	f	\N
15	Ignan	Draconic	f	\N
16	Infernal	Infernal	f	\N
17	Orc	Dwarven	f	\N
18	Sylvan	Elven	f	\N
19	Terran	Dwarven	f	\N
20	Undercommon	Elven	f	\N
21	Any (Except secret languages)		f	\N
\.


--
-- TOC entry 5832 (class 0 OID 561879)
-- Dependencies: 244
-- Data for Name: common_source; Type: TABLE DATA; Schema: public; Owner: dnd_app_admin
--

COPY public.common_source (id, name, link, year, description) FROM stdin;
1	Player's Handbook 3.5	https://web.mit.edu/dvp/Public/butters-lululu.pdf	2003	PHB for best edition there is
\.


--
-- TOC entry 5838 (class 0 OID 561907)
-- Dependencies: 250
-- Data for Name: common_trait; Type: TABLE DATA; Schema: public; Owner: dnd_app_admin
--

COPY public.common_trait (id, short_description, long_description, link, trait_classification_id) FROM stdin;
1	Darkvision		https://www.d20srd.org/srd/specialAbilities.htm#darkvision	1
2	Immunity to all mind-affecting effects	(charms, compulsions, phantasms, patterns, and morale effects)		11
3	Immunity to poison		https://www.d20srd.org/srd/specialAbilities.htm#poison	11
4	Immunity to sleep effects		https://www.d20srd.org/srd/spells/sleep.htm	11
5	Immunity to paralysis		https://www.d20srd.org/srd/specialAbilities.htm#paralysis	11
6	Immunity to stunning		https://www.d20srd.org/srd/conditionSummary.htm#stunned	11
7	Immunity to disease		https://www.d20srd.org/srd/specialAbilities.htm#disease	11
8	Immunity to death effects		https://www.d20srd.org/srd/specialAbilities.htm#deathAttacks	11
9	Uses its Charisma modifier for Concentration checks			17
10	Immunity to acid			11
11	Immunity to cold			11
12	Immunity to electricity			11
13	Immunity to fire			11
14	Immunity to sonic			11
15	Immunity to force damage			11
16	Resistance to acid			12
17	Resistance to cold			12
18	Resistance to electricity			12
19	Resistance to fire			12
20	Resistance to sonic			12
21	Resistance to force damage			12
22	Natural Armor Bonus			7
23	Racial bonus on saves against poison			3
24	Protective Aura (Su) - Archon Subtype	Against attacks made or effects created by evil creatures, this ability provides a +4 deflection bonus to AC and a +4 resistance bonus on saving throws to anyone within 20 feet of the angel. Otherwise, it functions as a magic circle against evil effect and a lesser globe of invulnerability, both with a radius of 20 feet (caster level equals angel's HD). (The defensive benefits from the circle are not included in an angel's statistics block.)		8
25	Low-light vision		https://www.d20srd.org/srd/specialAbilities.htm#lowLightVision	1
26	Vulnerability to acid			13
27	Vulnerability to cold			13
28	Vulnerability to electricity			13
29	Vulnerability to fire			13
30	Vulnerability to sonic			13
31	Vulnerability to force damage			13
32	Proficient with it's natural weapons			15
33	Proficient with all simple weapons			15
34	Proficient with all martial weapons			15
35	Proficient with armor described using and lighter types			15
36	Proficient with no armor			15
37	Proficient with shields			15
38	Need to eat			17
39	Need to sleep			17
40	Need to breathe			17
41	Do not need to eat			17
42	Do not need to sleep			17
43	Do not need to breathe			17
44	No Constitution score			17
45	Cannot heal damage naturally (Construct)	Cannot heal damage on their own, but often can be repaired by exposing them to a certain kind of effect (see the creature's description for details) or through the use of the Craft Construct feat. A construct with the fast healing special quality still benefits from that quality.		17
46	Not subject to critical hits		https://www.d20srd.org/srd/combat/actionsInCombat.htm#criticalHits	11
47	Not subject to nonlethal damage		https://www.d20srd.org/srd/combat/injuryandDeath.htm#nonlethalDamage	11
48	Not subject to ability damage		https://www.d20srd.org/srd/specialAbilities.htm#abilityDamage	11
49	Not subject to ability drain		https://www.d20srd.org/srd/specialAbilities.htm#abilityDrain	11
50	Not subject to fatigue		https://www.d20srd.org/srd/conditionSummary.htm#fatigued	11
51	Not subject to exhaustion		https://www.d20srd.org/srd/conditionSummary.htm#exhausted	11
52	Not subject to energy drain		https://www.d20srd.org/srd/specialAbilities.htm#energyDrainAndNegativeLevels	11
53	Immunity to any effect that requires a Fortitude save	(unless the effect also works on objects, or is harmless)		11
54	Not at risk of death from massive damage		https://www.d20srd.org/srd/combat/injuryandDeath.htm#massiveDamage	11
55	Cannot be raised or ressurected		https://www.d20srd.org/srd/spells/resurrection.htm	11
56	Not a subject to flanking		https://www.d20srd.org/srd/combat/combatModifiers.htm#flanking	11
57	No dual nature (Elemental)	Unlike most other living creatures, an elemental does not have a dual natureits soul and body form one unit. When an elemental is slain, no soul is set loose. Spells that restore souls to their bodies, such as raise dead, reincarnate, and resurrection, don't work on an elemental. It takes a different magical effect, such as limited wish, wish, miracle, or true resurrection, to restore it to life.		17
58	Mindless: No Intelligence score			17
59	Blind		https://www.d20srd.org/srd/conditionSummary.htm#blinded	17
60	Blindsense		https://www.d20srd.org/srd/specialAbilities.htm#blindsightAndBlindsense	1
61	Immunity to polymorphing		https://www.d20srd.org/srd/specialAbilities.htm#polymorph	11
62	Immunity to gaze attacks		https://www.d20srd.org/srd/specialAbilities.htm#gazeAttacks	11
63	Immunity to visual effects			11
64	Immunity to illusions			11
65	Immunity to attack forms that rely on sight			11
66	No Dual Nature (Outsider)	Unlike most other living creatures, an outsider does not have a dual natureits soul and body form one unit. When an outsider is slain, no soul is set loose. Spells that restore souls to their bodies, such as raise dead, reincarnate, and resurrection, don't work on an outsider. It takes a different magical effect, such as limited wish, wish, miracle, or true resurrection to restore it to life. An outsider with the native subtype can be raised, reincarnated, or resurrected just as other living creatures can be.		17
67	Immune to damage to physical ability scores			11
68	Tongues (Su) (Angel)	All angels can speak with any creature that has a language, as though using a tongues spell (caster level equal to angel's Hit Dice). This ability is always active.		8
104	Resist Nature's Lure (Ex)	Starting at 4th level, a druid gains a +4 bonus on saving throws against the spell-like abilities of fey.	https://www.d20srd.org/srd/classes/druid.htm#resistNaturesLure	10
69	Aura of Menace (Su) (Archon)	A righteous aura surrounds archons that fight or get angry. Any hostile creature within a 20-foot radius of an archon must succeed on a Will save to resist its effects. The save DC varies with the type of archon, is Charisma-based, and includes a +2 racial bonus. Those who fail take a -2 penalty on attacks, AC, and saves for 24 hours or until they successfully hit the archon that generated the aura. A creature that has resisted or broken the effect cannot be affected again by the same archon's aura for 24 hours.		8
70	Magic Circle against Evil (Su) (Archon)	A magic circle against evil effect always surrounds an archon (caster level equals the archon's Hit Dice).		8
71	Teleport (Su) (Archon)	Archons can use greater teleport at will, as the spell (caster level 14th), except that the creature can transport only itself and up to 50 pounds of objects.		8
72	Tongues (Su) (Archon)	All archons can speak with any creature that has a language, as though using a tongues spell (caster level 14th). This ability is always active.		8
73	Fast Movement (Ex) (Barbarian)	A barbarian's land speed is faster than the norm for his race by +10 feet. This benefit applies only when he is wearing no armor, light armor, or medium armor and not carrying a heavy load. Apply this bonus before modifying the barbarian's speed because of any load carried or armor worn.	https://www.d20srd.org/srd/classes/barbarian.htm#barbarianFastMovement	4
74	Illiteracy (Barbarian)	Barbarians are the only characters who do not automatically know how to read and write. A barbarian may spend 2 skill points to gain the ability to read and write all languages he is able to speak. A barbarian who gains a level in any other class automatically gains literacy. Any other character who gains a barbarian level does not lose the literacy he or she already had.	https://www.d20srd.org/srd/classes/barbarian.htm#illiteracy	17
75	Rage (Ex) (Barbarian)	A barbarian can fly into a rage a certain number of times per day. In a rage, a barbarian temporarily gains a +4 bonus to Strength, a +4 bonus to Constitution, and a +2 morale bonus on Will saves, but he takes a -2 penalty to Armor Class. The increase in Constitution increases the barbarian's hit points by 2 points per level, but these hit points go away at the end of the rage when his Constitution score drops back to normal. (These extra hit points are not lost first the way temporary hit points are.) While raging, a barbarian cannot use any Charisma-, Dexterity-, or Intelligence-based skills (except for Balance, Escape Artist, Intimidate, and Ride), the Concentration skill, or any abilities that require patience or concentration, nor can he cast spells or activate magic items that require a command word, a spell trigger (such as a wand), or spell completion (such as a scroll) to function. He can use any feat he has except Combat Expertise, item creation feats, and metamagic feats. A fit of rage lasts for a number of rounds equal to 3 + the character's (newly improved) Constitution modifier. A barbarian may prematurely end his rage. At the end of the rage, the barbarian loses the rage modifiers and restrictions and becomes fatigued (-2 penalty to Strength, -2 penalty to Dexterity, can't charge or run) for the duration of the current encounter (unless he is a 17th-level barbarian, at which point this limitation no longer applies). A barbarian can fly into a rage only once per encounter. At 1st level he can use his rage ability once per day. At 4th level and every four levels thereafter, he can use it one additional time per day (to a maximum of six times per day at 20th level). Entering a rage takes no time itself, but a barbarian can do it only during his action, not in response to someone else's action.	https://www.d20srd.org/srd/classes/barbarian.htm#rage	10
76	Spell Resistance (Ex)	Spell resistance is the Extraordinary Ability (Ex) to avoid being affected by spells. (Some spells also grant spell resistance.) To affect a creature that has spell resistance, a spellcaster must make a caster level check (1d20 + caster level) at least equal to the creatures spell resistance. (The defenders spell resistance is like an Armor Class against magical attacks.) If the caster fails the check, the spell doesnt affect the creature. The possessor does not have to do anything special to use spell resistance. The creature need not even be aware of the threat for its spell resistance to operate. Only spells and spell-like abilities are subject to spell resistance. Extraordinary and supernatural abilities (including enhancement bonuses on magic weapons) are not. A creature can have some abilities that are subject to spell resistance and some that are not. Even some spells ignore spell resistance, see When Spell Resistance Applies, below. A creature can voluntarily lower its spell resistance. Doing so is a standard action that does not provoke an attack of opportunity. Once a creature lowers its resistance, it remains down until the creatures next turn. At the beginning of the creatures next turn, the creatures spell resistance automatically returns unless the creature intentionally keeps it down (also a standard action that does not provoke an attack of opportunity). A creatures spell resistance never interferes with its own spells, items, or abilities. A creature with spell resistance cannot impart this power to others by touching them or standing in their midst. Only the rarest of creatures and a few magic items have the ability to bestow spell resistance upon another. Spell resistance does not stack. It overlaps.	https://www.d20srd.org/srd/specialAbilities.htm#spellResistance	10
77	Uncanny Dodge (Ex)	A character retains his Dexterity bonus to AC (if any) even if he is caught flat-footed or struck by an invisible attacker. However, he still loses his Dexterity bonus to AC if immobilized. If a character already has uncanny dodge from a different class, he automatically gains improved uncanny dodge instead.	https://www.d20srd.org/srd/classes/barbarian.htm#uncannyDodge	10
78	Trap Sense (Ex)	A character gains a bonus on Reflex saves made to avoid traps and a dodge bonus to AC against attacks made by traps. Trap sense bonuses gained from multiple classes stack.	https://www.d20srd.org/srd/classes/barbarian.htm#trapSense	10
79	Improved Uncanny Dodge (Ex)	A character no longer be flanked. This defense denies a rogue the ability to sneak attack the character by flanking him, unless the attacker has at least four more rogue levels than the target has levels in class that gives this ability. If a character already has uncanny dodge from a second class, the character automatically gains improved uncanny dodge instead, and the levels from the classes that grant uncanny dodge stack to determine the minimum level a rogue must be to flank the character.	https://www.d20srd.org/srd/classes/barbarian.htm#improvedUncannyDodge	10
80	Damage Reduction (Ex)	A creature with this special quality ignores damage from most weapons and natural attacks. Wounds heal immediately, or the weapon bounces off harmlessly (in either case, the opponent knows the attack was ineffective). The creature takes normal damage from energy attacks (even nonmagical ones), spells, spell-like abilities, and supernatural abilities. A certain kind of weapon can sometimes damage the creature normally, as noted below. The entry indicates the amount of damage ignored (usually 5 to 15 points) and the type of weapon that negates the ability.	https://www.d20srd.org/srd/specialAbilities.htm#damageReduction	10
81	Greater Rage (Ex) (Barbarian)	A barbarian's bonuses to Strength and Constitution during his rage each increase to +6, and his morale bonus on Will saves increases to +3. The penalty to AC remains at -2.	https://www.d20srd.org/srd/classes/barbarian.htm#greaterRage	10
82	Indomitable Will (Ex) (Barbarian)	While in a rage, a barbarian gains a +4 bonus on Will saves to resist enchantment spells. This bonus stacks with all other modifiers, including the morale bonus on Will saves he also receives during his rage.	https://www.d20srd.org/srd/classes/barbarian.htm#indomitableWill	10
83	Tireless Rage (Ex) (Barbarian)	A barbarian no longer becomes fatigued at the end of his rage.	https://www.d20srd.org/srd/classes/barbarian.htm#tirelessRage	10
84	Mighty Rage (Ex) (Barbarian)	A barbarian's bonuses to Strength and Constitution during his rage each increase to +8, and his morale bonus on Will saves increases to +4. The penalty to AC remains at -2.	https://www.d20srd.org/srd/classes/barbarian.htm#mightyRage	10
85	Specific Weapon Proficiency			15
86	Specific Armor Proficiency			15
87	Bardic Knowledge (Bard)	A bard may make a special bardic knowledge check with a bonus equal to his bard level + his Intelligence modifier to see whether he knows some relevant information about local notable people, legendary items, or noteworthy places. (If the bard has 5 or more ranks in Knowledge (history), he gains a +2 bonus on this check.) A successful bardic knowledge check will not reveal the powers of a magic item but may give a hint as to its general function. A bard may not take 10 or take 20 on this check, this sort of knowledge is essentially random.	https://www.d20srd.org/srd/classes/bard.htm#bardicKnowledge	17
88	Bardic Music (Bard)	Once per day per bard level, a bard can use his song or poetics to produce magical effects on those around him (usually including himself, if desired). While these abilities fall under the category of bardic music and the descriptions discuss singing or playing instruments, they can all be activated by reciting poetry, chanting, singing lyrical songs, singing melodies, whistling, playing an instrument, or playing an instrument in combination with some spoken performance. Each ability requires both a minimum bard level and a minimum number of ranks in the Perform skill to qualify, if a bard does not have the required number of ranks in at least one Perform skill, he does not gain the bardic music ability until he acquires the needed ranks. Starting a bardic music effect is a standard action. Some bardic music abilities require concentration, which means the bard must take a standard action each round to maintain the ability. Even while using bardic music that doesn't require concentration, a bard cannot cast spells, activate magic items by spell completion (such as scrolls), spell trigger (such as wands), or command word. Just as for casting a spell with a verbal component, a deaf bard has a 20% chance to fail when attempting to use bardic music. If he fails, the attempt still counts against his daily limit.	https://www.d20srd.org/srd/classes/bard.htm#bardicMusic	17
89	Countersong (Su) (Bard)	A bard with 3 or more ranks in a Perform skill can use his music or poetics to counter magical effects that depend on sound (but not spells that simply have verbal components). Each round of the countersong, he makes a Perform check. Any creature within 30 feet of the bard (including the bard himself) that is affected by a sonic or language-dependent magical attack may use the bard's Perform check result in place of its saving throw if, after the saving throw is rolled, the Perform check result proves to be higher. If a creature within range of the countersong is already under the effect of a noninstantaneous sonic or language-dependent magical attack, it gains another saving throw against the effect each round it hears the countersong, but it must use the bard's Perform check result for the save. Countersong has no effect against effects that don't allow saves. The bard may keep up the countersong for 10 rounds.	https://www.d20srd.org/srd/classes/bard.htm#countersong	8
90	Fascinate (Sp) (Bard)	A bard with 3 or more ranks in a Perform skill can use his music or poetics to cause one or more creatures to become fascinated with him. Each creature to be fascinated must be within 90 feet, able to see and hear the bard, and able to pay attention to him. The bard must also be able to see the creature. The distraction of a nearby combat or other dangers prevents the ability from working. For every three levels a bard attains beyond 1st, he can target one additional creature with a single use of this ability. To use the ability, a bard makes a Perform check. His check result is the DC for each affected creature's Will save against the effect. If a creature's saving throw succeeds, the bard cannot attempt to fascinate that creature again for 24 hours. If its saving throw fails, the creature sits quietly and listens to the song, taking no other actions, for as long as the bard continues to play and concentrate (up to a maximum of 1 round per bard level). While fascinated, a target takes a -4 penalty on skill checks made as reactions, such as Listen and Spot checks. Any potential threat requires the bard to make another Perform check and allows the creature a new saving throw against a DC equal to the new Perform check result. Any obvious threat, such as someone drawing a weapon, casting a spell, or aiming a ranged weapon at the target, automatically breaks the effect. Fascinate is an enchantment (compulsion), mind-affecting ability.	https://www.d20srd.org/srd/classes/bard.htm#fascinate	8
91	Inspire Courage (Su) (Bard)	A bard with 3 or more ranks in a Perform skill can use song or poetics to inspire courage in his allies (including himself), bolstering them against fear and improving their combat abilities. To be affected, an ally must be able to hear the bard sing. The effect lasts for as long as the ally hears the bard sing and for 5 rounds thereafter. An affected ally receives a +1 morale bonus on saving throws against charm and fear effects and a +1 morale bonus on attack and weapon damage rolls. At 8th level, and every six bard levels thereafter, this bonus increases by 1 (+2 at 8th, +3 at 14th, and +4 at 20th). Inspire courage is a mind-affecting ability.	https://www.d20srd.org/srd/classes/bard.htm#inspireCourage	8
92	Inspire Competence (Su) (Bard)	 bard of 3rd level or higher with 6 or more ranks in a Perform skill can use his music or poetics to help an ally succeed at a task. The ally must be within 30 feet and able to see and hear the bard. The bard must also be able to see the ally. The ally gets a +2 competence bonus on skill checks with a particular skill as long as he or she continues to hear the bard's music. Certain uses of this ability are infeasible. The effect lasts as long as the bard concentrates, up to a maximum of 2 minutes. A bard can't inspire competence in himself. Inspire competence is a mind-affecting ability.	https://www.d20srd.org/srd/classes/bard.htm#inspireCompetence	8
147	Hail of Arrows (Sp) (Arcane Archer)	In lieu of her regular attacks, once per day an arcane archer of 8th level or higher can fire an arrow at each and every target within range, to a maximum of one target for every arcane archer level she has earned. Each attack uses the archer's primary attack bonus, and each enemy may only be targeted by a single arrow.	https://www.d20srd.org/srd/prestigeClasses/arcaneArcher.htm#hailOfArrows	9
93	Suggestion (Sp) (Bard)	A bard of 6th level or higher with 9 or more ranks in a Perform skill can make a suggestion (as the spell) to a creature that he has already fascinated. Using this ability does not break the bard's concentration on the fascinate effect, nor does it allow a second saving throw against the fascinate effect. Making a suggestion doesn't count against a bard's daily limit on bardic music performances. A Will saving throw (DC 10 + 1/2 bard's level + bard's Cha modifier) negates the effect. This ability affects only a single creature (but see mass suggestion, below). Suggestion is an enchantment (compulsion), mind-affecting, language dependent ability.	https://www.d20srd.org/srd/classes/bard.htm#suggestion	9
94	Inspire Greatness (Su) (Bard)	A bard of 9th level or higher with 12 or more ranks in a Perform skill can use music or poetics to inspire greatness in himself or a single willing ally within 30 feet, granting him or her extra fighting capability. For every three levels a bard attains beyond 9th, he can target one additional ally with a single use of this ability (two at 12th level, three at 15th, four at 18th). To inspire greatness, a bard must sing and an ally must hear him sing. The effect lasts for as long as the ally hears the bard sing and for 5 rounds thereafter. A creature inspired with greatness gains 2 bonus Hit Dice (d10s), the commensurate number of temporary hit points (apply the target's Constitution modifier, if any, to these bonus Hit Dice), a +2 competence bonus on attack rolls, and a +1 competence bonus on Fortitude saves. The bonus Hit Dice count as regular Hit Dice for determining the effect of spells that are Hit Dice dependant. Inspire greatness is a mind-affecting ability.	https://www.d20srd.org/srd/classes/bard.htm#inspireGreatness	8
95	Song of Freedom (Sp) (Bard)	A bard of 12th level or higher with 15 or more ranks in a Perform skill can use music or poetics to create an effect equivalent to the break enchantment spell (caster level equals the character's bard level). Using this ability requires 1 minute of uninterrupted concentration and music, and it functions on a single target within 30 feet. A bard can't use song of freedom on himself.	https://www.d20srd.org/srd/classes/bard.htm#songOfFreedom	9
96	Inspire Heroics (Su) (Bard)	A bard of 15th level or higher with 18 or more ranks in a Perform skill can use music or poetics to inspire tremendous heroism in himself or a single willing ally within 30 feet. For every three bard levels the character attains beyond 15th, he can inspire heroics in one additional creature. To inspire heroics, a bard must sing and an ally must hear the bard sing for a full round. A creature so inspired gains a +4 morale bonus on saving throws and a +4 dodge bonus to AC. The effect lasts for as long as the ally hears the bard sing and for up to 5 rounds thereafter. Inspire heroics is a mind-affecting ability.	https://www.d20srd.org/srd/classes/bard.htm#inspireHeroics	8
97	Mass Suggestion (Sp) (Bard)	This ability functions like suggestion, above, except that a bard of 18th level or higher with 21 or more ranks in a Perform skill can make the suggestion simultaneously to any number of creatures that he has already fascinated. Mass suggestion is an enchantment (compulsion), mind-affecting, language-dependent ability.	https://www.d20srd.org/srd/classes/bard.htm#massSuggestion	9
98	Turn or Rebuke Undead (Su) (Cleric)	Any cleric, regardless of alignment, has the power to affect undead creatures by channeling the power of his faith through his holy (or unholy) symbol (see Turn or Rebuke Undead). A good cleric (or a neutral cleric who worships a good deity) can turn or destroy undead creatures. An evil cleric (or a neutral cleric who worships an evil deity) instead rebukes or commands such creatures. A neutral cleric of a neutral deity must choose whether his turning ability functions as that of a good cleric or an evil cleric. Once this choice is made, it cannot be reversed. This decision also determines whether the cleric can cast spontaneous cure or inflict spells. A cleric may attempt to turn undead a number of times per day equal to 3 + his Charisma modifier. A cleric with 5 or more ranks in Knowledge (religion) gets a +2 bonus on turning checks against undead.	https://www.d20srd.org/srd/classes/cleric.htm#turnorRebukeUndead	8
99	Animal Companion (Ex) (Druid)	A druid may begin play with an animal companion selected from the following list: badger, camel, dire rat, dog, riding dog, eagle, hawk, horse (light or heavy), owl, pony, snake (Small or Medium viper), or wolf. If the campaign takes place wholly or partly in an aquatic environment, the following creatures are also available: porpoise, Medium shark, and squid. This animal is a loyal companion that accompanies the druid on her adventures as appropriate for its kind. A 1st-level druid's companion is completely typical for its kind except as noted below. As a druid advances in level, the animal's power increases as shown on the table. If a druid releases her companion from service, she may gain a new one by performing a ceremony requiring 24 uninterrupted hours of prayer. This ceremony can also replace an animal companion that has perished. A druid of 4th level or higher may select from alternative lists of animals. Should she select an animal companion from one of these alternative lists, the creature gains abilities as if the character's druid level were lower than it actually is. Subtract the value indicated in the appropriate list header from the character's druid level and compare the result with the druid level entry on the table to determine the animal companion's powers. (If this adjustment would reduce the druid's effective level to 0 or lower, she can't have that animal as a companion.)	https://www.d20srd.org/srd/classes/druid.htm#animalCompanion	10
100	Nature Sense (Ex)	A Character gains a +2 bonus on Knowledge (nature) and Survival checks.	https://www.d20srd.org/srd/classes/druid.htm#natureSense	10
101	Wild Empathy (Ex)	Character improve the attitude of an animal. This ability functions just like a Diplomacy check made to improve the attitude of a person. The character rolls 1d20 and adds her level of the class that gave this ability and her Charisma modifier to determine the wild empathy check result. The typical domestic animal has a starting attitude of indifferent, while wild animals are usually unfriendly. To use wild empathy, the character and the animal must be able to study each other, which means that they must be within 30 feet of one another under normal conditions. Generally, influencing an animal in this way takes 1 minute but, as with influencing people, it might take more or less time. A character can also use this ability to influence a magical beast with an Intelligence score of 1 or 2, but she takes a -4 penalty on the check.	https://www.d20srd.org/srd/classes/druid.htm#wildEmpathy	10
102	Woodland Stride (Ex)	Character may move through any sort of undergrowth (such as natural thorns, briars, overgrown areas, and similar terrain) at her normal speed and without taking damage or suffering any other impairment. However, thorns, briars, and overgrown areas that have been magically manipulated to impede motion still affect her.	https://www.d20srd.org/srd/classes/druid.htm#woodlandStride	10
103	Trackless Step (Ex)	Character leaves no trail in natural surroundings and cannot be tracked. She may choose to leave a trail if so desired.	https://www.d20srd.org/srd/classes/druid.htm#tracklessStep	10
105	Wild Shape (Su) (Druid)	At 5th level, a druid gains the ability to turn herself into any Small or Medium animal and back again once per day. Her options for new forms include all creatures with the animal type. This ability functions like the alternate form special ability, except as noted here. The effect lasts for 1 hour per druid level, or until she changes back. Changing form (to animal or back) is a standard action and doesn't provoke an attack of opportunity. Each time you use wild shape, you regain lost hit points as if you had rested for a night. Any gear worn or carried by the druid melds into the new form and becomes nonfunctional. When the druid reverts to her true form, any objects previously melded into the new form reappear in the same location on her body that they previously occupied and are once again functional. Any new items worn in the assumed form fall off and land at the druid's feet. The form chosen must be that of an animal the druid is familiar with. A druid loses her ability to speak while in animal form because she is limited to the sounds that a normal, untrained animal can make, but she can communicate normally with other animals of the same general grouping as her new form. (The normal sound a wild parrot makes is a squawk, so changing to this form does not permit speech.) A druid can use this ability more times per day at 6th, 7th, 10th, 14th, and 18th level, as noted on Table: The Druid. In addition, she gains the ability to take the shape of a Large animal at 8th level, a Tiny animal at 11th level, and a Huge animal at 15th level. The new form's Hit Dice can't exceed the character's druid level. At 12th level, a druid becomes able to use wild shape to change into a plant creature with the same size restrictions as for animal forms. (A druid can't use this ability to take the form of a plant that isn't a creature.) At 16th level, a druid becomes able to use wild shape to change into a Small, Medium, or Large elemental (air, earth, fire, or water) once per day. These elemental forms are in addition to her normal wild shape usage. In addition to the normal effects of wild shape, the druid gains all the elemental's extraordinary, supernatural, and spell-like abilities. She also gains the elemental's feats for as long as she maintains the wild shape, but she retains her own creature type. At 18th level, a druid becomes able to assume elemental form twice per day, and at 20th level she can do so three times per day. At 20th level, a druid may use this wild shape ability to change into a Huge elemental.	https://www.d20srd.org/srd/classes/druid.htm#resistNaturesLure	8
106	Venom Immunity (Ex)		https://www.d20srd.org/srd/classes/druid.htm#venomImmunity	11
107	A Thousand Faces (Su)	At 13th level, a druid gains the ability to change her appearance at will, as if using the disguise self spell, but only while in her normal form. This affects the druid's body but not her possessions. It is not an illusory effect, but a minor physical alteration of the druid's appearance, within the limits described for the spell.	https://www.d20srd.org/srd/classes/druid.htm#aThousandFaces	8
108	Timeless Body (Ex)	Character no longer takes ability score penalties for aging and cannot be magically aged. Any penalties she may have already incurred, however, remain in place. Bonuses still accrue, and the character still dies of old age when her time is up.	https://www.d20srd.org/srd/classes/druid.htm#timelessBody	10
109	Fighter Bonus Feat	At 1st level, a fighter gets a bonus combat-oriented feat in addition to the feat that any 1st-level character gets and the bonus feat granted to a human character. The fighter gains an additional bonus feat at 2nd level and every two fighter levels thereafter (4th, 6th, 8th, 10th, 12th, 14th, 16th, 18th, and 20th). These bonus feats must be drawn from the feats noted as fighter bonus feats. A fighter must still meet all prerequisites for a bonus feat, including ability score and base attack bonus minimums. These bonus feats are in addition to the feat that a character of any class gets from advancing levels. A fighter is not limited to the list of fighter bonus feats when choosing these feats.	https://www.d20srd.org/srd/classes/fighter.htm#bonusFeats	16
110	Monk Bonus Feat	At 1st level, a monk may select either Improved Grapple or Stunning Fist as a bonus feat. At 2nd level, she may select either Combat Reflexes or Deflect Arrows as a bonus feat. At 6th level, she may select either Improved Disarm or Improved Trip as a bonus feat. A monk need not have any of the prerequisites normally required for these feats to select them.	https://www.d20srd.org/srd/classes/monk.htm#bonusFeat	16
111	Unarmed Strike (Monk)	At 1st level, a monk gains Improved Unarmed Strike as a bonus feat. A monk's attacks may be with either fist interchangeably or even from elbows, knees, and feet. This means that a monk may even make unarmed strikes with her hands full. There is no such thing as an off-hand attack for a monk striking unarmed. A monk may thus apply her full Strength bonus on damage rolls for all her unarmed strikes. Usually a monk's unarmed strikes deal lethal damage, but she can choose to deal nonlethal damage instead with no penalty on her attack roll. She has the same choice to deal lethal or nonlethal damage while grappling. A monk's unarmed strike is treated both as a manufactured weapon and a natural weapon for the purpose of spells and effects that enhance or improve either manufactured weapons or natural weapons. A monk also deals more damage with her unarmed strikes than a normal person would, as shown on Table: The Monk. The unarmed damage on Table: The Monk is for Medium monks. A Small monk deals less damage than the amount given there with her unarmed attacks, while a Large monk deals more damage, see Table: Small or Large Monk Unarmed Damage.	https://www.d20srd.org/srd/classes/monk.htm#unarmedStrike	17
112	Evasion (Ex)	A successful Reflex saving throw against an attack that normally deals half damage on a successful save, she instead takes no damage. Evasion can be used only if a monk is wearing light armor or no armor. A helpless monk does not gain the benefit of evasion.	https://www.d20srd.org/srd/classes/monk.htm#monkEvasion	10
113	Still Mind (Ex)	A monk of 3rd level or higher gains a +2 bonus on saving throws against spells and effects from the school of enchantment.	https://www.d20srd.org/srd/classes/monk.htm#stillMind	10
114	Ki Strike (Su) (Monk)	At 4th level, a monk's unarmed attacks are empowered with ki. Her unarmed attacks are treated as magic weapons for the purpose of dealing damage to creatures with damage reduction. Ki strike improves with the character's monk level. At 10th level, her unarmed attacks are also treated as lawful weapons for the purpose of dealing damage to creatures with damage reduction. At 16th level, her unarmed attacks are treated as adamantine weapons for the purpose of dealing damage to creatures with damage reduction and bypassing hardness.	https://www.d20srd.org/srd/classes/monk.htm#kiStrike	8
115	Slow Fall (Ex)	A character within arm's reach of a wall can use it to slow her descent. When first using this ability, she takes damage as if the fall were shorter than it actually is.	https://www.d20srd.org/srd/classes/monk.htm#slowFall	10
116	Improved Evasion (Ex)	A character's evasion ability improves. She still takes no damage on a successful Reflex saving throw against attacks, but henceforth she takes only half damage on a failed save. A helpless character does not gain the benefit of improved evasion.	https://www.d20srd.org/srd/classes/monk.htm#monkImprovedEvasion	10
117	Diamond Body (Su) (Monk)	At 11th level, a monk gains immunity to poisons of all kinds.	https://www.d20srd.org/srd/classes/monk.htm#diamondBody	8
118	Abundant Step (Su) (Monk)	At 12th level or higher, a monk can slip magically between spaces, as if using the spell dimension door, once per day. Her caster level for this effect is one-half her monk level (rounded down).	https://www.d20srd.org/srd/classes/monk.htm#abundantStep	8
119	Diamond Soul (Ex) (Monk)	At 13th level, a monk gains spell resistance equal to her current monk level + 10. In order to affect the monk with a spell, a spellcaster must get a result on a caster level check (1d20 + caster level) that equals or exceeds the monk's spell resistance.	https://www.d20srd.org/srd/classes/monk.htm#diamondSoul	10
120	Quivering Palm (Su) (Monk)	Starting at 15th level, a monk can set up vibrations within the body of another creature that can thereafter be fatal if the monk so desires. She can use this quivering palm attack once a week, and she must announce her intent before making her attack roll. Constructs, oozes, plants, undead, incorporeal creatures, and creatures immune to critical hits cannot be affected. Otherwise, if the monk strikes successfully and the target takes damage from the blow, the quivering palm attack succeeds. Thereafter the monk can try to slay the victim at any later time, as long as the attempt is made within a number of days equal to her monk level. To make such an attempt, the monk merely wills the target to die (a free action), and unless the target makes a Fortitude saving throw (DC 10 + 1/2 the monk's level + the monk's Wis modifier), it dies. If the saving throw is successful, the target is no longer in danger from that particular quivering palm attack, but it may still be affected by another one at a later time.	https://www.d20srd.org/srd/classes/monk.htm#quiveringPalm	8
121	Tongue of the Sun and Moon (Ex) (Monk)	A monk of 17th level or higher can speak with any living creature	https://www.d20srd.org/srd/classes/monk.htm#tongueoftheSunandMoon	10
122	Empty Body (Su) (Monk)	At 19th level, a monk gains the ability to assume an ethereal state for 1 round per monk level per day, as though using the spell etherealness. She may go ethereal on a number of different occasions during any single day, as long as the total number of rounds spent in an ethereal state does not exceed her monk level.	https://www.d20srd.org/srd/classes/monk.htm#emptyBody	8
123	Perfect Self (Monk)	At 20th level, a monk becomes a magical creature. She is forevermore treated as an outsider rather than as a humanoid (or whatever the monk's creature type was) for the purpose of spells and magical effects. Additionally, the monk gains damage reduction 10/magic, which allows her to ignore the first 10 points of damage from any attack made by a nonmagical weapon or by any natural attack made by a creature that doesn't have similar damage reduction. Unlike other outsiders, the monk can still be brought back from the dead as if she were a member of her previous creature type.	https://www.d20srd.org/srd/classes/monk.htm#perfectSelf	17
124	Aura of Good (Ex) (Paladin)	The power of a paladin's aura of good (see the detect good spell) is equal to her paladin level.	https://www.d20srd.org/srd/classes/paladin.htm#auraOfGood	10
125	Detect Evil (Sp) (Paladin)	At will, a paladin can use detect evil, as the spell	https://www.d20srd.org/srd/classes/paladin.htm#detectEvil	9
126	Smite Evil (Su) (Paladin)	Once per day, a paladin may attempt to smite evil with one normal melee attack. She adds her Charisma bonus (if any) to her attack roll and deals 1 extra point of damage per paladin level. If the paladin accidentally smites a creature that is not evil, the smite has no effect, but the ability is still used up for that day. At 5th level, and at every five levels thereafter, the paladin may smite evil one additional time per day, as indicated on Table: The Paladin, to a maximum of five times per day at 20th level.		8
127	Divine Grace (Su) (Paladin)	At 2nd level, a paladin gains a bonus equal to her Charisma bonus (if any) on all saving throws.	https://www.d20srd.org/srd/classes/paladin.htm#divineGrace	8
128	Lay on Hands (Su) (Paladin)	Beginning at 2nd level, a paladin with a Charisma score of 12 or higher can heal wounds (her own or those of others) by touch. Each day she can heal a total number of hit points of damage equal to her paladin level  her Charisma bonus. A paladin may choose to divide her healing among multiple recipients, and she doesn't have to use it all at once. Using lay on hands is a standard action. Alternatively, a paladin can use any or all of this healing power to deal damage to undead creatures. Using lay on hands in this way requires a successful melee touch attack and doesn't provoke an attack of opportunity. The paladin decides how many of her daily allotment of points to use as damage after successfully touching an undead creature.	https://www.d20srd.org/srd/classes/paladin.htm#layOnHands	8
129	Aura of Courage (Su) (Paladin)	Beginning at 3rd level, a paladin is immune to fear (magical or otherwise). Each ally within 10 feet of her gains a +4 morale bonus on saving throws against fear effects. This ability functions while the paladin is conscious, but not if she is unconscious or dead.	https://www.d20srd.org/srd/classes/paladin.htm#auraOfCourage	8
130	Divine Health (Ex) (Paladin)	At 3rd level, a paladin gains immunity to all diseases, including supernatural and magical diseases.	https://www.d20srd.org/srd/classes/paladin.htm#divineHealth	10
131	Turn Undead (Su) (Paladin)	When a paladin reaches 4th level, she gains the supernatural ability to turn undead. She may use this ability a number of times per day equal to 3 + her Charisma modifier. She turns undead as a cleric of three levels lower would.	https://www.d20srd.org/srd/classes/paladin.htm#turnUndead	8
132	Special Mount (Sp) (Paladin)	Upon reaching 5th level, a paladin gains the service of an unusually intelligent, strong, and loyal steed to serve her in her crusade against evil. This mount is usually a heavy warhorse (for a Medium paladin) or a warpony (for a Small paladin). Once per day, as a full-round action, a paladin may magically call her mount from the celestial realms in which it resides. This ability is the equivalent of a spell of a level equal to one-third the paladin's level. The mount immediately appears adjacent to the paladin and remains for 2 hours per paladin level, it may be dismissed at any time as a free action. The mount is the same creature each time it is summoned, though the paladin may release a particular mount from service. Each time the mount is called, it appears in full health, regardless of any damage it may have taken previously. The mount also appears wearing or carrying any gear it had when it was last dismissed. Calling a mount is a conjuration (calling) effect. Should the paladin's mount die, it immediately disappears, leaving behind any equipment it was carrying. The paladin may not summon another mount for thirty days or until she gains a paladin level, whichever comes first, even if the mount is somehow returned from the dead. During this thirty-day period, the paladin takes a -1 penalty on attack and weapon damage rolls.	https://www.d20srd.org/srd/classes/paladin.htm#specialMount	9
133	Remove Disease (Sp) (Paladin)	At 6th level, a paladin can produce a remove disease effect, as the spell, once per week. She can use this ability one additional time per week for every three levels after 6th (twice per week at 9th, three times at 12th, and so forth).	https://www.d20srd.org/srd/classes/paladin.htm#removeDisease	9
148	Arrow of Death (Sp) (Arcane Archer)	At 10th level, an arcane archer can create an arrow of death that forces the target, if damaged by the arrow's attack, to make a DC 20 Fortitude save or be slain immediately. It takes one day to make an arrow of death, and the arrow only functions for the arcane archer who created it. The arrow of death lasts no longer than one year, and the archer can only have one such arrow in existence at a time.	https://www.d20srd.org/srd/prestigeClasses/arcaneArcher.htm#arrowOfDeath	9
134	Favored Enemy (Ex)	At 1st level, a ranger may select a type of creature from among those given on Table: Ranger Favored Enemies. The ranger gains a +2 bonus on Bluff, Listen, Sense Motive, Spot, and Survival checks when using these skills against creatures of this type. Likewise, he gets a +2 bonus on weapon damage rolls against such creatures. At 5th level and every five levels thereafter (10th, 15th, and 20th level), the ranger may select an additional favored enemy from those given on the table. In addition, at each such interval, the bonus against any one favored enemy (including the one just selected, if so desired) increases by 2. If the ranger chooses humanoids or outsiders as a favored enemy, he must also choose an associated subtype, as indicated on the table. If a specific creature falls into more than one category of favored enemy, the ranger's bonuses do not stack, he simply uses whichever bonus is higher.	https://www.d20srd.org/srd/classes/ranger.htm#favoredEnemy	10
135	Bonus Feat	Gain a specific bonus feat		16
136	Combat Style (Ex)	At 2nd level, a ranger must select one of two combat styles to pursue: archery or two-weapon combat. This choice affects the character's class features but does not restrict his selection of feats or special abilities in any way. If the ranger selects archery, he is treated as having the Rapid Shot feat, even if he does not have the normal prerequisites for that feat. If the ranger selects two-weapon combat, he is treated as having the Two-Weapon Fighting feat, even if he does not have the normal prerequisites for that feat. The benefits of the ranger's chosen style apply only when he wears light or no armor. He loses all benefits of his combat style when wearing medium or heavy armor.	https://www.d20srd.org/srd/classes/ranger.htm#combatStyle	10
137	Animal Companion (Ex) (Ranger)	At 4th level, a ranger gains an animal companion selected from the following list: badger, camel, dire rat, dog, riding dog, eagle, hawk, horse (light or heavy), owl, pony, snake (Small or Medium viper), or wolf. If the campaign takes place wholly or partly in an aquatic environment, the following creatures may be added to the ranger's list of options: manta ray, porpoise, Medium shark, and squid. This animal is a loyal companion that accompanies the ranger on his adventures as appropriate for its kind. This ability functions like the druid ability of the same name, except that the ranger's effective druid level is one-half his ranger level. A ranger may select from the alternative lists of animal companions just as a druid can, though again his effective druid level is half his ranger level. Like a druid, a ranger cannot select an alternative animal if the choice would reduce his effective druid level below 1st.	https://www.d20srd.org/srd/classes/ranger.htm#animalCompanion	10
138	Improved Combat Style (Ex) (Ranger)	At 6th level, a ranger's aptitude in his chosen combat style (archery or two-weapon combat) improves. If he selected archery at 2nd level, he is treated as having the Manyshot feat, even if he does not have the normal prerequisites for that feat. If the ranger selected two-weapon combat at 2nd level, he is treated as having the Improved Two-Weapon Fighting feat, even if he does not have the normal prerequisites for that feat. As before, the benefits of the ranger's chosen style apply only when he wears light or no armor. He loses all benefits of his combat style when wearing medium or heavy armor.	https://www.d20srd.org/srd/classes/ranger.htm#improvedCombatStyle	10
139	Swift Tracker (Ex) (Ranger)	Beginning at 8th level, a ranger can move at his normal speed while following tracks without taking the normal -5 penalty. He takes only a -10 penalty (instead of the normal -20) when moving at up to twice normal speed while tracking.	https://www.d20srd.org/srd/classes/ranger.htm#swiftTracker	10
140	Combat Style Mastery (Ex) (Ranger)	At 11th level, a ranger's aptitude in his chosen combat style (archery or two-weapon combat) improves again. If he selected archery at 2nd level, he is treated as having the Improved Precise Shot feat, even if he does not have the normal prerequisites for that feat. If the ranger selected two-weapon combat at 2nd level, he is treated as having the Greater Two-Weapon Fighting feat, even if he does not have the normal prerequisites for that feat. As before, the benefits of the ranger's chosen style apply only when he wears light or no armor. He loses all benefits of his combat style when wearing medium or heavy armor.	https://www.d20srd.org/srd/classes/ranger.htm#combatStyleMastery	10
141	Camouflage (Ex) (Ranger)	A ranger of 13th level or higher can use the Hide skill in any sort of natural terrain, even if the terrain doesn't grant cover or concealment.	https://www.d20srd.org/srd/classes/ranger.htm#camouflage	10
142	Hide in Plain Sight (Ex)	While in any sort of natural terrain, a ranger of 17th level or higher can use the Hide skill even while being observed.	https://www.d20srd.org/srd/classes/ranger.htm#hideInPlainSight	10
143	Enhance Arrow (Su) (Arcane Archer)	At 1st level, every nonmagical arrow an arcane archer nocks and lets fly becomes magical, gaining a +1 enhancement bonus. Unlike magic weapons created by normal means, the archer need not spend experience points or gold pieces to accomplish this task. However, an archer's magic arrows only function for her. For every two levels the character advances past 1st level in the prestige class, the magic arrows she creates gain +1 greater potency (+1 at 1st level, +2 at 3rd level, +3 at 5th level, +4 at 7th level, and +5 at 9th level).	https://www.d20srd.org/srd/prestigeClasses/arcaneArcher.htm#enhanceArrow	8
144	Imbue Arrow (Sp) (Arcane Archer)	At 2nd level, an arcane archer gains the ability to place an area spell upon an arrow. When the arrow is fired, the spell's area is centered on where the arrow lands, even if the spell could normally be centered only on the caster. This ability allows the archer to use the bow's range rather than the spell's range. It takes a standard action to cast the spell and fire the arrow. The arrow must be fired in the round the spell is cast, or the spell is wasted.	https://www.d20srd.org/srd/prestigeClasses/arcaneArcher.htm#imbueArrow	9
145	Seeker Arrow (Sp) (Arcane Archer)	At 4th level, an arcane archer can launch an arrow once per day at a target known to her within range, and the arrow travels to the target, even around corners. Only an unavoidable obstacle or the limit of the arrow's range prevents the arrow's flight. This ability negates cover and concealment modifiers, but otherwise the attack is rolled normally. Using this ability is a standard action (and shooting the arrow is part of the action).	https://www.d20srd.org/srd/prestigeClasses/arcaneArcher.htm#seekerArrow	9
146	Phase Arrow (Sp) (Arcane Archer)	At 6th level, an arcane archer can launch an arrow once per day at a target known to her within range, and the arrow travels to the target in a straight path, passing through any nonmagical barrier or wall in its way. (Any magical barrier stops the arrow.) This ability negates cover, concealment, and even armor modifiers, but otherwise the attack is rolled normally. Using this ability is a standard action (and shooting the arrow is part of the action).	https://www.d20srd.org/srd/prestigeClasses/arcaneArcher.htm#phaseArrow	9
149	Ranged Legerdemain (Arcane Trickster)	An arcane trickster can perform one of the following class skills at a range of 30 feet: Disable Device, Open Lock, or Sleight of Hand. Working at a distance increases the normal skill check DC by 5, and an arcane trickster cannot take 10 on this check. Any object to be manipulated must weigh 5 pounds or less. An arcane trickster can use ranged legerdemain once per day initially, twice per day upon attaining 5th level, and three times per day at 9th level or higher. He can make only one ranged legerdemain skill check each day, and only if he has at least 1 rank in the skill being used.	https://www.d20srd.org/srd/prestigeClasses/arcaneTrickster.htm#rangedLegerdemain	17
150	Sneak Attack	If a character can catch an opponent when he is unable to defend himself effectively from her attack, she can strike a vital spot for extra damage. The character's attack deals extra damage any time her target would be denied a Dexterity bonus to AC (whether the target actually has a Dexterity bonus or not), or when the character flanks her target. Should the character score a critical hit with a sneak attack, this extra damage is not multiplied. Ranged attacks can count as sneak attacks only if the target is within 30 feet. With a sap (blackjack) or an unarmed strike, a character can make a sneak attack that deals nonlethal damage instead of lethal damage. She cannot use a weapon that deals lethal damage to deal nonlethal damage in a sneak attack, not even with the usual -4 penalty. A character can sneak attack only living creatures with discernible anatomiesundead, constructs, oozes, plants, and incorporeal creatures lack vital areas to attack. Any creature that is immune to critical hits is not vulnerable to sneak attacks. The character must be able to see the target well enough to pick out a vital spot and must be able to reach such a spot. A character cannot sneak attack while striking a creature with concealment or striking the limbs of a creature whose vitals are beyond reach.	https://www.d20srd.org/srd/classes/rogue.htm#sneakAttack	6
151	Impromptu Sneak Attack (Arcane Trickster)	Beginning at 3rd level, once per day an arcane trickster can declare one melee or ranged attack he makes to be a sneak attack (the target can be no more than 30 feet distant if the impromptu sneak attack is a ranged attack). The target of an impromptu sneak attack loses any Dexterity bonus to AC, but only against that attack. The power can be used against any target, but creatures that are not subject to critical hits take no extra damage (though they still lose any Dexterity bonus to AC against the attack). At 7th level, an arcane trickster can use this ability twice per day.	https://www.d20srd.org/srd/prestigeClasses/arcaneTrickster.htm#impromptuSneakAttack	17
152	Proficient with light armor			15
153	Proficient with medium armor			15
154	Proficient with heavy armor			15
155	Proficient with shields (except tower shields)			15
156	Racial bonus on saves against enchantment spells or effects			3
157	Racial bonus for specific skill			2
158	Darkness (full CL)	A character can use darkness (caster level equal to class levels).	\N	9
\.


--
-- TOC entry 5834 (class 0 OID 561889)
-- Dependencies: 246
-- Data for Name: common_traitclassification; Type: TABLE DATA; Schema: public; Owner: dnd_app_admin
--

COPY public.common_traitclassification (id, name, description) FROM stdin;
1	Vision and Senses	Some kind of vision or senses bonus such as darkvision or tremorsense
2	Skill	Some kind of skill bonus
3	Save	Some kind of save bonus
4	Movement	Some kind of movement bonus
5	Attack	Some kind of attack bonus
6	Damage	Some kind of damage bonus
7	Armor Class	Some kind of armor class bonus
8	Supernatural Ability (Su)	Some kind of supernatural ability
9	Spell-like Ability (Sp)	Some kind of spell-like ability
10	Extraordinary Ability (Ex)	Some kind of extraordinary ability
11	Immunity	Some kind of immunity
12	Resistance	Some kind of resistance
13	Vulnerability	Some kind of vulnerability
14	Damage Reduction	Some kind of damage reduction
15	Proficiency	Some weapon or armor proficiency
16	Feat	Some kind of feat
17	Other	Some other kind of bonus
\.


--
-- TOC entry 5822 (class 0 OID 561806)
-- Dependencies: 234
-- Data for Name: django_admin_log; Type: TABLE DATA; Schema: public; Owner: dnd_app_admin
--

COPY public.django_admin_log (id, action_time, object_id, object_repr, action_flag, change_message, content_type_id, user_id) FROM stdin;
1	2025-04-12 15:54:41.814072+02	1	Cleric	1	[{"added": {}}, {"added": {"name": "class alignment", "object": "Cleric - Lawful Good"}}, {"added": {"name": "class alignment", "object": "Cleric - Neutral Good"}}, {"added": {"name": "class alignment", "object": "Cleric - Chaotic Good"}}, {"added": {"name": "class alignment", "object": "Cleric - Lawful Neutral"}}, {"added": {"name": "class alignment", "object": "Cleric - Neutral"}}, {"added": {"name": "class alignment", "object": "Cleric - Chaotic Neutral"}}, {"added": {"name": "class alignment", "object": "Cleric - Lawful Evil"}}, {"added": {"name": "class alignment", "object": "Cleric - Neutral Evil"}}, {"added": {"name": "class alignment", "object": "Cleric - Chaotic Evil"}}, {"added": {"name": "class skill", "object": "ClassSkill object (1)"}}, {"added": {"name": "class skill", "object": "ClassSkill object (2)"}}, {"added": {"name": "class skill", "object": "ClassSkill object (3)"}}, {"added": {"name": "class skill", "object": "ClassSkill object (4)"}}, {"added": {"name": "class skill", "object": "ClassSkill object (5)"}}, {"added": {"name": "class skill", "object": "ClassSkill object (6)"}}, {"added": {"name": "class skill", "object": "ClassSkill object (7)"}}, {"added": {"name": "class skill", "object": "ClassSkill object (8)"}}, {"added": {"name": "class skill", "object": "ClassSkill object (9)"}}, {"added": {"name": "class skill", "object": "ClassSkill object (10)"}}, {"added": {"name": "class trait", "object": "ClassTrait object (1)"}}, {"added": {"name": "class trait", "object": "ClassTrait object (2)"}}, {"added": {"name": "class trait", "object": "ClassTrait object (3)"}}, {"added": {"name": "class trait", "object": "ClassTrait object (4)"}}, {"added": {"name": "class trait", "object": "ClassTrait object (5)"}}, {"added": {"name": "class trait", "object": "ClassTrait object (6)"}}, {"added": {"name": "class bsb progression", "object": "ClassBsbProgression object (1)"}}, {"added": {"name": "class bsb progression", "object": "ClassBsbProgression object (2)"}}, {"added": {"name": "class bsb progression", "object": "ClassBsbProgression object (3)"}}]	35	1
2	2025-04-12 15:55:01.070266+02	1	Divine Power	1	[{"added": {}}, {"added": {"name": "spell level", "object": "SpellLevel object (1)"}}, {"added": {"name": "Spell Component", "object": "SpellSpellComponent object (1)"}}, {"added": {"name": "Spell Component", "object": "SpellSpellComponent object (2)"}}, {"added": {"name": "Spell Component", "object": "SpellSpellComponent object (3)"}}]	79	1
3	2025-04-12 15:56:48.47728+02	2	Shatter	1	[{"added": {}}, {"added": {"name": "Spell Descriptor", "object": "SpellSpellDescriptor object (1)"}}, {"added": {"name": "spell level", "object": "SpellLevel object (2)"}}, {"added": {"name": "Spell Component", "object": "SpellSpellComponent object (4)"}}, {"added": {"name": "Spell Component", "object": "SpellSpellComponent object (5)"}}, {"added": {"name": "Spell Component", "object": "SpellSpellComponent object (6)"}}, {"added": {"name": "Spell Component", "object": "SpellSpellComponent object (7)"}}]	79	1
4	2025-04-12 16:05:23.522493+02	2	Bard	1	[{"added": {}}, {"added": {"name": "class alignment", "object": "Bard - Neutral Good"}}, {"added": {"name": "class alignment", "object": "Bard - Chaotic Good"}}, {"added": {"name": "class alignment", "object": "Bard - Neutral"}}, {"added": {"name": "class alignment", "object": "Bard - Chaotic Neutral"}}, {"added": {"name": "class alignment", "object": "Bard - Neutral Evil"}}, {"added": {"name": "class alignment", "object": "Bard - Chaotic Evil"}}, {"added": {"name": "class skill", "object": "ClassSkill object (11)"}}, {"added": {"name": "class skill", "object": "ClassSkill object (12)"}}, {"added": {"name": "class skill", "object": "ClassSkill object (13)"}}, {"added": {"name": "class skill", "object": "ClassSkill object (14)"}}, {"added": {"name": "class skill", "object": "ClassSkill object (15)"}}, {"added": {"name": "class skill", "object": "ClassSkill object (16)"}}, {"added": {"name": "class skill", "object": "ClassSkill object (17)"}}, {"added": {"name": "class skill", "object": "ClassSkill object (18)"}}, {"added": {"name": "class skill", "object": "ClassSkill object (19)"}}, {"added": {"name": "class skill", "object": "ClassSkill object (20)"}}, {"added": {"name": "class skill", "object": "ClassSkill object (21)"}}, {"added": {"name": "class skill", "object": "ClassSkill object (22)"}}, {"added": {"name": "class skill", "object": "ClassSkill object (23)"}}, {"added": {"name": "class skill", "object": "ClassSkill object (24)"}}, {"added": {"name": "class skill", "object": "ClassSkill object (25)"}}, {"added": {"name": "class skill", "object": "ClassSkill object (26)"}}, {"added": {"name": "class skill", "object": "ClassSkill object (27)"}}, {"added": {"name": "class skill", "object": "ClassSkill object (28)"}}, {"added": {"name": "class skill", "object": "ClassSkill object (29)"}}, {"added": {"name": "class skill", "object": "ClassSkill object (30)"}}, {"added": {"name": "class skill", "object": "ClassSkill object (31)"}}, {"added": {"name": "class skill", "object": "ClassSkill object (32)"}}, {"added": {"name": "class skill", "object": "ClassSkill object (33)"}}, {"added": {"name": "class skill", "object": "ClassSkill object (34)"}}, {"added": {"name": "class skill", "object": "ClassSkill object (35)"}}, {"added": {"name": "class skill", "object": "ClassSkill object (36)"}}, {"added": {"name": "class skill", "object": "ClassSkill object (37)"}}, {"added": {"name": "class skill", "object": "ClassSkill object (38)"}}, {"added": {"name": "class skill", "object": "ClassSkill object (39)"}}, {"added": {"name": "class skill", "object": "ClassSkill object (40)"}}, {"added": {"name": "class skill", "object": "ClassSkill object (41)"}}, {"added": {"name": "class skill", "object": "ClassSkill object (42)"}}, {"added": {"name": "class skill", "object": "ClassSkill object (43)"}}, {"added": {"name": "class trait", "object": "ClassTrait object (7)"}}, {"added": {"name": "class trait", "object": "ClassTrait object (8)"}}, {"added": {"name": "class trait", "object": "ClassTrait object (9)"}}, {"added": {"name": "class trait", "object": "ClassTrait object (10)"}}, {"added": {"name": "class trait", "object": "ClassTrait object (11)"}}, {"added": {"name": "class trait", "object": "ClassTrait object (12)"}}, {"added": {"name": "class trait", "object": "ClassTrait object (13)"}}, {"added": {"name": "class trait", "object": "ClassTrait object (14)"}}, {"added": {"name": "class trait", "object": "ClassTrait object (15)"}}, {"added": {"name": "class trait", "object": "ClassTrait object (16)"}}, {"added": {"name": "class trait", "object": "ClassTrait object (17)"}}, {"added": {"name": "class trait", "object": "ClassTrait object (18)"}}, {"added": {"name": "class trait", "object": "ClassTrait object (19)"}}, {"added": {"name": "class trait", "object": "ClassTrait object (20)"}}, {"added": {"name": "class trait", "object": "ClassTrait object (21)"}}, {"added": {"name": "class trait", "object": "ClassTrait object (22)"}}, {"added": {"name": "class bsb progression", "object": "ClassBsbProgression object (4)"}}, {"added": {"name": "class bsb progression", "object": "ClassBsbProgression object (5)"}}, {"added": {"name": "class bsb progression", "object": "ClassBsbProgression object (6)"}}]	35	1
5	2025-04-12 16:06:00.707929+02	2	Shatter	2	[{"added": {"name": "spell level", "object": "SpellLevel object (3)"}}]	79	1
6	2025-04-12 16:11:46.333878+02	1	Humanoid	1	[{"added": {}}, {"added": {"name": "character type trait", "object": "CharacterTypeTrait object (1)"}}, {"added": {"name": "character type trait", "object": "CharacterTypeTrait object (2)"}}, {"added": {"name": "character type trait", "object": "CharacterTypeTrait object (3)"}}]	18	1
7	2025-04-12 16:13:13.494528+02	3	Any (Favored Class)	1	[{"added": {}}]	35	1
8	2025-04-12 16:13:20.464989+02	1	Human	1	[{"added": {}}, {"added": {"name": "race type", "object": "RaceType object (1)"}}, {"added": {"name": "race trait", "object": "RaceTrait object (1)"}}, {"added": {"name": "race language", "object": "RaceLanguage object (1)"}}, {"added": {"name": "race language", "object": "RaceLanguage object (2)"}}, {"added": {"name": "race favored class", "object": "RaceFavoredClass object (1)"}}]	20	1
9	2025-04-12 16:16:31.459023+02	2	Outsider	1	[{"added": {}}, {"added": {"name": "character type trait", "object": "CharacterTypeTrait object (4)"}}, {"added": {"name": "character type trait", "object": "CharacterTypeTrait object (5)"}}, {"added": {"name": "character type trait", "object": "CharacterTypeTrait object (6)"}}, {"added": {"name": "character type trait", "object": "CharacterTypeTrait object (7)"}}, {"added": {"name": "character type trait", "object": "CharacterTypeTrait object (8)"}}, {"added": {"name": "character type trait", "object": "CharacterTypeTrait object (9)"}}, {"added": {"name": "character type trait", "object": "CharacterTypeTrait object (10)"}}]	18	1
10	2025-04-12 16:17:31.264749+02	3	Native	1	[{"added": {}}, {"added": {"name": "character type trait", "object": "CharacterTypeTrait object (11)"}}, {"added": {"name": "character type trait", "object": "CharacterTypeTrait object (12)"}}]	18	1
11	2025-04-12 16:18:59.712564+02	158	Darkness (full CL)	1	[{"added": {}}]	33	1
12	2025-04-12 16:21:34.516438+02	4	Rogue	1	[{"added": {}}, {"added": {"name": "class alignment", "object": "Rogue - Lawful Good"}}, {"added": {"name": "class alignment", "object": "Rogue - Neutral Good"}}, {"added": {"name": "class alignment", "object": "Rogue - Chaotic Good"}}, {"added": {"name": "class alignment", "object": "Rogue - Lawful Neutral"}}, {"added": {"name": "class alignment", "object": "Rogue - Neutral"}}, {"added": {"name": "class alignment", "object": "Rogue - Chaotic Neutral"}}, {"added": {"name": "class alignment", "object": "Rogue - Lawful Evil"}}, {"added": {"name": "class alignment", "object": "Rogue - Neutral Evil"}}, {"added": {"name": "class alignment", "object": "Rogue - Chaotic Evil"}}, {"added": {"name": "class bsb progression", "object": "ClassBsbProgression object (7)"}}, {"added": {"name": "class bsb progression", "object": "ClassBsbProgression object (8)"}}, {"added": {"name": "class bsb progression", "object": "ClassBsbProgression object (9)"}}]	35	1
13	2025-04-12 16:21:37.986124+02	2	Tiefling	1	[{"added": {}}, {"added": {"name": "race type", "object": "RaceType object (2)"}}, {"added": {"name": "race type", "object": "RaceType object (3)"}}, {"added": {"name": "race trait", "object": "RaceTrait object (2)"}}, {"added": {"name": "race trait", "object": "RaceTrait object (3)"}}, {"added": {"name": "race trait", "object": "RaceTrait object (4)"}}, {"added": {"name": "race trait", "object": "RaceTrait object (5)"}}, {"added": {"name": "race trait", "object": "RaceTrait object (6)"}}, {"added": {"name": "race language", "object": "RaceLanguage object (3)"}}, {"added": {"name": "race language", "object": "RaceLanguage object (4)"}}, {"added": {"name": "race language", "object": "RaceLanguage object (5)"}}, {"added": {"name": "race language", "object": "RaceLanguage object (6)"}}, {"added": {"name": "race language", "object": "RaceLanguage object (7)"}}, {"added": {"name": "race language", "object": "RaceLanguage object (8)"}}, {"added": {"name": "race language", "object": "RaceLanguage object (9)"}}, {"added": {"name": "race language", "object": "RaceLanguage object (10)"}}, {"added": {"name": "race language", "object": "RaceLanguage object (11)"}}, {"added": {"name": "race favored class", "object": "RaceFavoredClass object (2)"}}]	20	1
14	2025-04-12 16:22:14.611896+02	2	Tiefling	2	[{"added": {"name": "race ability modifier", "object": "RaceAbilityModifier object (1)"}}, {"added": {"name": "race ability modifier", "object": "RaceAbilityModifier object (2)"}}, {"added": {"name": "race ability modifier", "object": "RaceAbilityModifier object (3)"}}]	20	1
15	2025-04-12 16:27:55.373236+02	1	Point Blank Shot	1	[{"added": {}}, {"added": {"name": "feat type of feat", "object": "FeatTypeOfFeat object (1)"}}, {"added": {"name": "feat type of feat", "object": "FeatTypeOfFeat object (2)"}}]	49	1
16	2025-04-12 16:28:38.237986+02	2	Precise Shot	1	[{"added": {}}, {"added": {"name": "feat type of feat", "object": "FeatTypeOfFeat object (3)"}}, {"added": {"name": "feat type of feat", "object": "FeatTypeOfFeat object (4)"}}, {"added": {"name": "feat feat prerequisite", "object": "FeatFeatPrerequisite object (1)"}}]	49	1
17	2025-04-12 16:29:44.104595+02	3	Weapon Focus	1	[{"added": {}}, {"added": {"name": "feat type of feat", "object": "FeatTypeOfFeat object (5)"}}, {"added": {"name": "feat type of feat", "object": "FeatTypeOfFeat object (6)"}}]	49	1
18	2025-04-12 16:29:46.765791+02	5	Arcane Archer	1	[{"added": {}}, {"added": {"name": "class alignment", "object": "Arcane Archer - Lawful Good"}}, {"added": {"name": "class alignment", "object": "Arcane Archer - Neutral Good"}}, {"added": {"name": "class alignment", "object": "Arcane Archer - Chaotic Good"}}, {"added": {"name": "class alignment", "object": "Arcane Archer - Lawful Neutral"}}, {"added": {"name": "class alignment", "object": "Arcane Archer - Neutral"}}, {"added": {"name": "class alignment", "object": "Arcane Archer - Chaotic Neutral"}}, {"added": {"name": "class alignment", "object": "Arcane Archer - Lawful Evil"}}, {"added": {"name": "class alignment", "object": "Arcane Archer - Neutral Evil"}}, {"added": {"name": "class alignment", "object": "Arcane Archer - Chaotic Evil"}}, {"added": {"name": "class skill", "object": "ClassSkill object (44)"}}, {"added": {"name": "class skill", "object": "ClassSkill object (45)"}}, {"added": {"name": "class skill", "object": "ClassSkill object (46)"}}, {"added": {"name": "class skill", "object": "ClassSkill object (47)"}}, {"added": {"name": "class skill", "object": "ClassSkill object (48)"}}, {"added": {"name": "class skill", "object": "ClassSkill object (49)"}}, {"added": {"name": "class skill", "object": "ClassSkill object (50)"}}, {"added": {"name": "class skill", "object": "ClassSkill object (51)"}}, {"added": {"name": "class trait", "object": "ClassTrait object (23)"}}, {"added": {"name": "class trait", "object": "ClassTrait object (24)"}}, {"added": {"name": "class trait", "object": "ClassTrait object (25)"}}, {"added": {"name": "class trait", "object": "ClassTrait object (26)"}}, {"added": {"name": "class trait", "object": "ClassTrait object (27)"}}, {"added": {"name": "class bsb progression", "object": "ClassBsbProgression object (10)"}}, {"added": {"name": "class bsb progression", "object": "ClassBsbProgression object (11)"}}, {"added": {"name": "class bsb progression", "object": "ClassBsbProgression object (12)"}}, {"added": {"name": "prestige class feat requirement", "object": "PrestigeClassFeatRequirement object (1)"}}, {"added": {"name": "prestige class feat requirement", "object": "PrestigeClassFeatRequirement object (2)"}}, {"added": {"name": "prestige class feat requirement", "object": "PrestigeClassFeatRequirement object (3)"}}]	39	1
19	2025-04-12 16:31:18.823037+02	1	Chainmail	1	[{"added": {}}]	59	1
20	2025-04-12 16:32:26.544718+02	2	Chainmail, Large	1	[{"added": {}}]	59	1
21	2025-04-12 16:34:29.167491+02	3	Leather Armor	1	[{"added": {}}]	59	1
22	2025-04-12 16:36:14.927895+02	4	Craft Magic Arms And Armor	1	[{"added": {}}, {"added": {"name": "feat type of feat", "object": "FeatTypeOfFeat object (7)"}}]	49	1
23	2025-04-12 16:37:47.062778+02	3	Resist Energy	1	[{"added": {}}, {"added": {"name": "spell level", "object": "SpellLevel object (4)"}}, {"added": {"name": "Spell Component", "object": "SpellSpellComponent object (8)"}}, {"added": {"name": "Spell Component", "object": "SpellSpellComponent object (9)"}}, {"added": {"name": "Spell Component", "object": "SpellSpellComponent object (10)"}}]	79	1
24	2025-04-12 16:37:54.70308+02	1	Acid Resistance	1	[{"added": {}}, {"added": {"name": "armor magic ability feat", "object": "ArmorMagicAbilityFeat object (1)"}}, {"added": {"name": "armor magic ability spell", "object": "ArmorMagicAbilitySpell object (1)"}}]	61	1
25	2025-04-12 16:39:21.24829+02	3	+1 Leather Armor of Acid Resistance	2	[{"changed": {"fields": ["Name", "Description", "Price in gp", "Armor bonus", "Is masterwork"]}}, {"added": {"name": "armor armor magic ability", "object": "ArmorArmorMagicAbility object (1)"}}]	59	1
26	2025-04-12 18:21:49.653435+02	4	Dagger	1	[{"added": {}}, {"added": {"name": "weapon weapon category", "object": "WeaponWeaponCategory object (1)"}}, {"added": {"name": "weapon weapon category", "object": "WeaponWeaponCategory object (2)"}}, {"added": {"name": "weapon weapon category", "object": "WeaponWeaponCategory object (3)"}}, {"added": {"name": "weapon weapon category", "object": "WeaponWeaponCategory object (4)"}}]	60	1
27	2025-04-12 18:24:39.810998+02	4	Gaseous Form	1	[{"added": {}}, {"added": {"name": "spell level", "object": "SpellLevel object (5)"}}, {"added": {"name": "Spell Component", "object": "SpellSpellComponent object (11)"}}, {"added": {"name": "Spell Component", "object": "SpellSpellComponent object (12)"}}, {"added": {"name": "Spell Component", "object": "SpellSpellComponent object (13)"}}]	79	1
28	2025-04-12 18:25:45.004596+02	5	Continual Flame	1	[{"added": {}}, {"added": {"name": "Spell Descriptor", "object": "SpellSpellDescriptor object (2)"}}, {"added": {"name": "spell level", "object": "SpellLevel object (6)"}}, {"added": {"name": "Spell Component", "object": "SpellSpellComponent object (14)"}}, {"added": {"name": "Spell Component", "object": "SpellSpellComponent object (15)"}}, {"added": {"name": "Spell Component", "object": "SpellSpellComponent object (16)"}}]	79	1
29	2025-04-12 18:25:48.369086+02	1	Brilliant Energy	1	[{"added": {}}, {"added": {"name": "weapon magic ability feat", "object": "WeaponMagicAbilityFeat object (1)"}}, {"added": {"name": "weapon magic ability spell", "object": "WeaponMagicAbilitySpell object (1)"}}, {"added": {"name": "weapon magic ability spell", "object": "WeaponMagicAbilitySpell object (2)"}}]	65	1
30	2025-04-12 18:26:05.051115+02	5	+1 Dagger of Brilliant Energy	1	[{"added": {}}, {"added": {"name": "weapon weapon category", "object": "WeaponWeaponCategory object (5)"}}, {"added": {"name": "weapon weapon category", "object": "WeaponWeaponCategory object (6)"}}, {"added": {"name": "weapon weapon category", "object": "WeaponWeaponCategory object (7)"}}, {"added": {"name": "weapon weapon category", "object": "WeaponWeaponCategory object (8)"}}, {"added": {"name": "weapon weapon magic ability", "object": "WeaponWeaponMagicAbility object (1)"}}]	60	1
31	2025-04-12 18:26:34.869481+02	5	+1 Dagger of Brilliant Energy	2	[{"changed": {"fields": ["Price in gp", "Hardness", "Hit points"]}}]	60	1
32	2025-04-12 18:26:58.563021+02	3	+1 Leather Armor of Acid Resistance	2	[{"changed": {"fields": ["Hardness", "Hit points"]}}]	59	1
33	2025-04-12 18:27:48.648185+02	6	Crowbar	1	[{"added": {}}]	54	1
34	2025-04-12 18:28:03.771962+02	7	Backpack (empty)	1	[{"added": {}}]	54	1
35	2025-04-12 18:28:21.24002+02	8	Bedroll	1	[{"added": {}}]	54	1
36	2025-04-12 18:29:08.774111+02	6	Crowbar	2	[{"changed": {"fields": ["Category"]}}]	54	1
37	2025-04-12 18:37:50.220974+02	2	Bob	1	[{"added": {}}, {"added": {"name": "character character class", "object": "Bob - Cleric: 1"}}]	15	1
38	2025-04-12 18:43:06.496244+02	2	Bob	2	[{"added": {"name": "character ability score", "object": "Bob - Strength: 10"}}, {"added": {"name": "character ability score", "object": "Bob - Dexterity: 10"}}, {"added": {"name": "character ability score", "object": "Bob - Constitution: 10"}}, {"added": {"name": "character ability score", "object": "Bob - Intelligence: 10"}}, {"added": {"name": "character ability score", "object": "Bob - Wisdom: 10"}}, {"added": {"name": "character ability score", "object": "Bob - Charisma: 10"}}]	15	1
39	2025-04-12 18:44:10.573655+02	1	Bob	2	[{"added": {"name": "character ability score", "object": "Bob - Strength: 10"}}, {"added": {"name": "character ability score", "object": "Bob - Dexterity: 10"}}, {"added": {"name": "character ability score", "object": "Bob - Constitution: 10"}}, {"added": {"name": "character ability score", "object": "Bob - Intelligence: 10"}}, {"added": {"name": "character ability score", "object": "Bob - Wisdom: 10"}}, {"added": {"name": "character ability score", "object": "Bob - Charisma: 10"}}, {"added": {"name": "character character class", "object": "Bob - Bard: 1"}}]	15	1
40	2025-04-12 18:44:24.420263+02	2	Boberinio	2	[{"changed": {"fields": ["Name"]}}]	15	1
\.


--
-- TOC entry 5808 (class 0 OID 561706)
-- Dependencies: 220
-- Data for Name: django_content_type; Type: TABLE DATA; Schema: public; Owner: dnd_app_admin
--

COPY public.django_content_type (id, app_label, model) FROM stdin;
1	admin	logentry
2	auth	permission
3	auth	group
4	auth	user
5	contenttypes	contenttype
6	sessions	session
7	character	characterabilityscore
8	character	charactercharacterclass
9	character	characterfeat
10	character	characterinventory
11	character	characterlanguage
12	character	characterskill
13	character	inventory
14	character	inventoryitem
15	character	character
16	race	size
17	race	abilitymodifier
18	race	charactertype
19	race	charactertypetrait
20	race	race
21	race	raceabilitymodifier
22	race	racefavoredclass
23	race	racelanguage
24	race	racetrait
25	race	racetype
26	common	ability
27	common	alignment
28	common	die
29	common	durationunit
30	common	source
31	common	traitclassification
32	common	language
33	common	trait
34	character_class	babprogression
35	character_class	characterclass
36	character_class	prestigeclassracerequirement
37	character_class	prestigeclassskillrankrequirement
38	character_class	bsbprogression
39	character_class	prestigecharacterclass
40	character_class	classalignment
41	character_class	classbonuslanguage
42	character_class	classbsbprogression
43	character_class	classskill
44	character_class	classtrait
45	character_class	prestigeclassfeatrequirement
46	character_class	prestigeclasslanguagerequirement
47	skill	skill
48	feat	typeoffeat
49	feat	feat
50	feat	featabilityprerequisite
51	feat	featfeatprerequisite
52	feat	featskillprerequisite
53	feat	feattypeoffeat
54	item	item
55	item	armortype
56	item	itemcategory
57	item	weaponcategory
58	item	weapondamagetype
59	item	armor
60	item	weapon
61	item	armormagicability
62	item	armormagicabilityfeat
63	item	armormagicabilityspell
64	item	specialmaterial
65	item	weaponmagicability
66	item	weaponmagicabilityfeat
67	item	weaponmagicabilityspell
68	item	armorarmormagicability
69	item	weaponweaponmagicability
70	item	weaponweapondamagetype
71	item	weaponweaponcategory
72	spell	castingtime
73	spell	magicaurastrength
74	spell	magicschool
75	spell	spellcomponent
76	spell	spelldescriptor
77	spell	spellrange
78	spell	magicsubschool
79	spell	spell
80	spell	spelllevel
81	spell	spellspellcomponent
82	spell	spellspelldescriptor
\.


--
-- TOC entry 5806 (class 0 OID 561698)
-- Dependencies: 218
-- Data for Name: django_migrations; Type: TABLE DATA; Schema: public; Owner: dnd_app_admin
--

COPY public.django_migrations (id, app, name, applied) FROM stdin;
1	contenttypes	0001_initial	2025-04-12 15:46:53.052152+02
2	auth	0001_initial	2025-04-12 15:46:53.084066+02
3	admin	0001_initial	2025-04-12 15:46:53.094039+02
4	admin	0002_logentry_remove_auto_add	2025-04-12 15:46:53.097032+02
5	admin	0003_logentry_add_action_flag_choices	2025-04-12 15:46:53.101021+02
6	contenttypes	0002_remove_content_type_name	2025-04-12 15:46:53.110994+02
7	auth	0002_alter_permission_name_max_length	2025-04-12 15:46:53.115981+02
8	auth	0003_alter_user_email_max_length	2025-04-12 15:46:53.118973+02
9	auth	0004_alter_user_username_opts	2025-04-12 15:46:53.122962+02
10	auth	0005_alter_user_last_login_null	2025-04-12 15:46:53.126951+02
11	auth	0006_require_contenttypes_0002	2025-04-12 15:46:53.127949+02
12	auth	0007_alter_validators_add_error_messages	2025-04-12 15:46:53.131939+02
13	auth	0008_alter_user_username_max_length	2025-04-12 15:46:53.137921+02
14	auth	0009_alter_user_last_name_max_length	2025-04-12 15:46:53.14191+02
15	auth	0010_alter_group_name_max_length	2025-04-12 15:46:53.146898+02
16	auth	0011_update_proxy_permissions	2025-04-12 15:46:53.149889+02
17	auth	0012_alter_user_first_name_max_length	2025-04-12 15:46:53.154927+02
18	common	0001_initial	2025-04-12 15:46:53.191777+02
19	skill	0001_initial	2025-04-12 15:46:53.198759+02
20	feat	0001_initial	2025-04-12 15:46:53.25461+02
21	character_class	0001_initial	2025-04-12 15:46:53.415022+02
22	race	0001_initial	2025-04-12 15:46:53.628284+02
23	spell	0001_initial	2025-04-12 15:46:53.838986+02
24	item	0001_initial	2025-04-12 15:46:54.561375+02
25	character_class	0002_initial	2025-04-12 15:46:54.925712+02
26	character	0001_initial	2025-04-12 15:46:54.970977+02
27	character	0002_initial	2025-04-12 15:46:55.642017+02
28	sessions	0001_initial	2025-04-12 15:46:55.646558+02
29	item	0002_armor_is_masterwork	2025-04-12 16:34:20.037614+02
\.


--
-- TOC entry 5971 (class 0 OID 563184)
-- Dependencies: 383
-- Data for Name: django_session; Type: TABLE DATA; Schema: public; Owner: dnd_app_admin
--

COPY public.django_session (session_key, session_data, expire_date) FROM stdin;
ufatchk4p899swc0j1a9ksavitdzj4p5	.eJxVjEEOwiAQRe_C2hAoFAaX7j0Dgc6MVA0kpV0Z765NutDtf-_9l4hpW0vcOi1xRnEWWpx-t5ymB9Ud4D3VW5NTq-syZ7kr8qBdXhvS83K4fwcl9fKtyYyIih0ggTfeotXBILDmYAerHftAwTtI5IaRwZJTxN5rlyBklYN4fwDZszd8:1u3bEQ:rPTz_RfRYZVh9Mlm1UKRsZrgUmT3tB4vYIHDkJUv-RM	2025-04-26 15:49:14.328232+02
\.


--
-- TOC entry 5844 (class 0 OID 561966)
-- Dependencies: 256
-- Data for Name: feat_feat; Type: TABLE DATA; Schema: public; Owner: dnd_app_admin
--

COPY public.feat_feat (id, name, benefit, normal, special, other_prerequisites, link, source_id) FROM stdin;
1	Point Blank Shot	You get a +1 bonus on attack and damage rolls with ranged weapons at ranges of up to 30 feet.		A fighter may select Point Blank Shot as one of his fighter bonus feats.		https://www.d20srd.org/srd/feats.htm#pointBlankShot	1
2	Precise Shot	You can shoot or throw ranged weapons at an opponent engaged in melee without taking the standard -4 penalty on your attack roll.		A fighter may select Precise Shot as one of his fighter bonus feats.		https://www.d20srd.org/srd/feats.htm#preciseShot	\N
3	Weapon Focus	Choose one type of weapon. You can also choose unarmed strike or grapple (or ray, if you are a spellcaster) as your weapon for purposes of this feat.\r\n\r\nYou gain a +1 bonus on all attack rolls you make using the selected weapon.		You can gain this feat multiple times. Its effects do not stack. Each time you take the feat, it applies to a new type of weapon.\r\n\r\nA fighter may select Weapon Focus as one of his fighter bonus feats. He must have Weapon Focus with a weapon to gain the Weapon Specialization feat for that weapon.	Proficiency with selected weapon, base attack bonus +1.	https://www.d20srd.org/srd/feats.htm#weaponFocus	1
4	Craft Magic Arms And Armor	You can create any magic weapon, armor, or shield whose prerequisites you meet. Enhancing a weapon, suit of armor, or shield takes one day for each 1,000 gp in the price of its magical features. To enhance a weapon, suit of armor, or shield, you must spend 1/25 of its features total price in XP and use up raw materials costing one-half of this total price.\r\n\r\nThe weapon, armor, or shield to be enhanced must be a masterwork item that you provide. Its cost is not included in the above cost.\r\n\r\nYou can also mend a broken magic weapon, suit of armor, or shield if it is one that you could make. Doing so costs half the XP, half the raw materials, and half the time it would take to craft that item in the first place.			Caster level 5th.	https://www.d20srd.org/srd/feats.htm#craftMagicArmsAndArmor	1
\.


--
-- TOC entry 5846 (class 0 OID 561976)
-- Dependencies: 258
-- Data for Name: feat_featabilityprerequisite; Type: TABLE DATA; Schema: public; Owner: dnd_app_admin
--

COPY public.feat_featabilityprerequisite (id, required_ability_value, ability_id, feat_id) FROM stdin;
\.


--
-- TOC entry 5848 (class 0 OID 561982)
-- Dependencies: 260
-- Data for Name: feat_featfeatprerequisite; Type: TABLE DATA; Schema: public; Owner: dnd_app_admin
--

COPY public.feat_featfeatprerequisite (id, prerequisite_id, prerequisite_for_feat_id) FROM stdin;
1	1	2
\.


--
-- TOC entry 5850 (class 0 OID 561988)
-- Dependencies: 262
-- Data for Name: feat_featskillprerequisite; Type: TABLE DATA; Schema: public; Owner: dnd_app_admin
--

COPY public.feat_featskillprerequisite (id, required_ranks, feat_id, skill_id) FROM stdin;
\.


--
-- TOC entry 5852 (class 0 OID 561994)
-- Dependencies: 264
-- Data for Name: feat_feattypeoffeat; Type: TABLE DATA; Schema: public; Owner: dnd_app_admin
--

COPY public.feat_feattypeoffeat (id, feat_id, type_of_feat_id) FROM stdin;
1	1	4
2	1	1
3	2	4
4	2	1
5	3	4
6	3	1
7	4	2
\.


--
-- TOC entry 5842 (class 0 OID 561956)
-- Dependencies: 254
-- Data for Name: feat_typeoffeat; Type: TABLE DATA; Schema: public; Owner: dnd_app_admin
--

COPY public.feat_typeoffeat (id, name, description) FROM stdin;
1	General	No special rules govern them as a group
2	Item Creation	Allow spellcasters to create magic items of all sorts
3	Metamagic	Allow spellcasters to modify their spells in various ways
4	Fighter Bonus Feat	Any feat designated as a fighter feat can be selected as a fighter's bonus feat. This designation does not restrict characters of other classes from selecting these feats, assuming that they meet any prerequisites.
\.


--
-- TOC entry 5929 (class 0 OID 562669)
-- Dependencies: 341
-- Data for Name: item_armor; Type: TABLE DATA; Schema: public; Owner: dnd_app_admin
--

COPY public.item_armor (item_ptr_id, armor_bonus, max_dex_bonus, armor_check_penalty, spell_failure_chance, enchantment_bonus, armor_type_id, special_material_id, is_masterwork) FROM stdin;
1	5	2	-5	30	0	2	\N	f
2	5	2	-5	30	0	2	\N	f
3	3	6	0	10	0	1	\N	t
\.


--
-- TOC entry 5946 (class 0 OID 562739)
-- Dependencies: 358
-- Data for Name: item_armorarmormagicability; Type: TABLE DATA; Schema: public; Owner: dnd_app_admin
--

COPY public.item_armorarmormagicability (id, armor_magic_ability_id, armor_id) FROM stdin;
1	1	3
\.


--
-- TOC entry 5932 (class 0 OID 562680)
-- Dependencies: 344
-- Data for Name: item_armormagicability; Type: TABLE DATA; Schema: public; Owner: dnd_app_admin
--

COPY public.item_armormagicability (id, name, description, link, caster_level_required_for_creation, other_craft_requirements, cost_increase_in_bonus, cost_increase_in_gold, magic_aura_strength_id, magic_aura_type_id, source_id) FROM stdin;
1	Acid Resistance	A suit of armor or a shield with this property normally has a dull gray appearance. The armor absorbs the first 10 points of acid damage per attack that the wearer would normally take (similar to the resist energy spell).	\N	3		\N	18000.00	1	1	1
\.


--
-- TOC entry 5934 (class 0 OID 562690)
-- Dependencies: 346
-- Data for Name: item_armormagicabilityfeat; Type: TABLE DATA; Schema: public; Owner: dnd_app_admin
--

COPY public.item_armormagicabilityfeat (id, armor_magic_ability_id, feat_id) FROM stdin;
1	1	4
\.


--
-- TOC entry 5936 (class 0 OID 562696)
-- Dependencies: 348
-- Data for Name: item_armormagicabilityspell; Type: TABLE DATA; Schema: public; Owner: dnd_app_admin
--

COPY public.item_armormagicabilityspell (id, armor_magic_ability_id, spell_id) FROM stdin;
1	1	3
\.


--
-- TOC entry 5922 (class 0 OID 562632)
-- Dependencies: 334
-- Data for Name: item_armortype; Type: TABLE DATA; Schema: public; Owner: dnd_app_admin
--

COPY public.item_armortype (id, name) FROM stdin;
1	Light
2	Medium
3	Heavy
4	Shield
\.


--
-- TOC entry 5920 (class 0 OID 562622)
-- Dependencies: 332
-- Data for Name: item_item; Type: TABLE DATA; Schema: public; Owner: dnd_app_admin
--

COPY public.item_item (id, name, description, weight_in_lb, price_in_gp, link, hardness, hit_points, size_id, source_id, category_id) FROM stdin;
1	Chainmail		40.00	300.00	https://www.dandwiki.com/wiki/SRD:Chainmail	10	25	5	1	3
2	Chainmail, Large		80.00	600.00	https://www.dandwiki.com/wiki/SRD:Chainmail	10	50	6	1	3
4	Dagger		1.00	2.00	https://www.dandwiki.com/wiki/SRD:Dagger	10	2	5	1	2
5	+1 Dagger of Brilliant Energy		1.00	50302.00	https://www.dandwiki.com/wiki/SRD:Dagger	20	52	5	1	2
3	+1 Leather Armor of Acid Resistance	The armor absorbs the first 10 points of acid damage per attack that the wearer would normally take (similar to the resist energy spell).	15.00	19160.00	https://www.dandwiki.com/wiki/SRD:Leather_Armor	4	20	5	1	3
7	Backpack (empty)		2.00	2.00	\N	\N	\N	5	1	1
8	Bedroll		5.00	0.10	\N	\N	\N	5	1	1
6	Crowbar		5.00	2.00	https://www.dandwiki.com/wiki/SRD:Crowbar	\N	\N	5	1	5
\.


--
-- TOC entry 5924 (class 0 OID 562640)
-- Dependencies: 336
-- Data for Name: item_itemcategory; Type: TABLE DATA; Schema: public; Owner: dnd_app_admin
--

COPY public.item_itemcategory (id, name, description) FROM stdin;
1	Item	\N
2	Weapon	\N
3	Armor	\N
4	Consumable	\N
5	Tool	\N
6	Wand	\N
7	Staff	\N
8	Ring	\N
9	Rod	\N
10	Potion	\N
11	Scroll	\N
\.


--
-- TOC entry 5938 (class 0 OID 562707)
-- Dependencies: 350
-- Data for Name: item_specialmaterial; Type: TABLE DATA; Schema: public; Owner: dnd_app_admin
--

COPY public.item_specialmaterial (id, name, description, link, source_id) FROM stdin;
1	Adamantine	This ultrahard metal adds to the quality of a weapon or suit of armor. Weapons fashioned from adamantine have a natural ability to bypass hardness when sundering weapons or attacking objects, ignoring hardness less than 20. Armor made from adamantine grants its wearer damage reduction of 1/- if it's light armor, 2/- if it's medium armor, and 3/- if it's heavy armor. Adamantine is so costly that weapons and armor made from it are always of masterwork quality, the masterwork cost is included in the prices given below. Thus, adamantine weapons and ammunition have a +1 enhancement bonus on attack rolls, and the armor check penalty of adamantine armor is lessened by 1 compared to ordinary armor of its type. Items without metal parts cannot be made from adamantine. An arrow could be made of adamantine, but a quarterstaff could not. Only weapons, armor, and shields normally made of metal can be fashioned from adamantine. Weapons, armor and shields normally made of steel that are made of adamantine have one-third more hit points than normal. Adamantine has 40 hit points per inch of thickness and hardness 20.	\N	\N
2	Darkwood	This rare magic wood is as hard as normal wood but very light. Any wooden or mostly wooden item (such as a bow, an arrow, or a spear) made from darkwood is considered a masterwork item and weighs only half as much as a normal wooden item of that type. Items not normally made of wood or only partially of wood (such as a battleaxe or a mace) either cannot be made from darkwood or do not gain any special benefit from being made of darkwood. The armor check penalty of a darkwood shield is lessened by 2 compared to an ordinary shield of its type. To determine the price of a darkwood item, use the original weight but add 10 gp per pound to the price of a masterwork version of that item. Darkwood has 10 hit points per inch of thickness and hardness 5.	\N	\N
3	Dragonhide	Armorsmiths can work with the hides of dragons to produce armor or shields of masterwork quality. One dragon produces enough hide for a single suit of masterwork hide armor for a creature one size category smaller than the dragon. By selecting only choice scales and bits of hide, an armorsmith can produce one suit of masterwork banded mail for a creature two sizes smaller, one suit of masterwork half-plate for a creature three sizes smaller, or one masterwork breastplate or suit of full plate for a creature four sizes smaller. In each case, enough hide is available to produce a small or large masterwork shield in addition to the armor, provided that the dragon is Large or larger. Because dragonhide armor isn't made of metal, druids can wear it without penalty. Dragonhide armor costs double what masterwork armor of that type ordinarily costs, but it takes no longer to make than ordinary armor of that type. Dragonhide has 10 hit points per inch of thickness and hardness 10.	\N	\N
4	Iron, Cold	This iron, mined deep underground, known for its effectiveness against fey creatures, is forged at a lower temperature to preserve its delicate properties. Weapons made of cold iron cost twice as much to make as their normal counterparts. Also, any magical enhancements cost an additional 2,000 gp. Items without metal parts cannot be made from cold iron. An arrow could be made of cold iron, but a quarterstaff could not. A double weapon that has only half of it made of cold iron increases its cost by 50%. Cold iron has 30 hit points per inch of thickness and hardness 10.	\N	\N
5	Mithral	Mithral is a very rare silvery, glistening metal that is lighter than iron but just as hard. When worked like steel, it becomes a wonderful material from which to create armor and is occasionally used for other items as well. Most mithral armors are one category lighter than normal for purposes of movement and other limitations. Heavy armors are treated as medium, and medium armors are treated as light, but light armors are still treated as light. Spell failure chances for armors and shields made from mithral are decreased by 10%, maximum Dexterity bonus is increased by 2, and armor check penalties are lessened by 3 (to a minimum of 0). An item made from mithral weighs half as much as the same item made from other metals. In the case of weapons, this lighter weight does not change a weapon's size category or the ease with which it can be wielded (whether it is light, one-handed, or two-handed). Items not primarily of metal are not meaningfully affected by being partially made of mithral. (A longsword can be a mithral weapon, while a scythe cannot be.) Weapons or armors fashioned from mithral are always masterwork items as well, the masterwork cost is included in the prices given below. Mithral has 30 hit points per inch of thickness and hardness 15.	\N	\N
6	Silver, Alchemical	A complex process involving metallurgy and alchemy can bond silver to a weapon made of steel so that it bypasses the damage reduction of creatures such as lycanthropes. On a successful attack with a silvered weapon, the wielder takes a -1 penalty on the damage roll (with the usual minimum of 1 point of damage). The alchemical silvering process can't be applied to nonmetal items, and it doesn't work on rare metals such as adamantine, cold iron, and mithral. Alchemical silver has 10 hit points per inch of thickness and hardness 8.	\N	\N
\.


--
-- TOC entry 5930 (class 0 OID 562674)
-- Dependencies: 342
-- Data for Name: item_weapon; Type: TABLE DATA; Schema: public; Owner: dnd_app_admin
--

COPY public.item_weapon (item_ptr_id, damage, crit_multiplier, crit_range, range_increment_in_ft, is_masterwork, enchantment_bonus, special_material_id, weapon_damage_type_id) FROM stdin;
4	1d4	2	19-20	10	f	0	\N	5
5	1d4+1	2	19-20	10	t	1	\N	5
\.


--
-- TOC entry 5926 (class 0 OID 562650)
-- Dependencies: 338
-- Data for Name: item_weaponcategory; Type: TABLE DATA; Schema: public; Owner: dnd_app_admin
--

COPY public.item_weaponcategory (id, name, description) FROM stdin;
1	Simple Weapon	These category pertain to what training is needed to become proficient in a weapon's use
2	Martial Weapon	These category pertain to what training is needed to become proficient in a weapon's use
3	Exotic Weapon	These category pertain to what training is needed to become proficient in a weapon's use
4	Melee Weapon	Melee weapons are used for making melee attacks, though some of them can be thrown as well
5	Ranged Weapon	Ranged weapons are thrown weapons or projectile weapons that are not effective in melee
6	Reach Weapon	Glaives, guisarmes, lances, longspears, ranseurs, spiked chains, and whips are reach weapons. A reach weapon is a melee weapon that allows its wielder to strike at targets that aren't adjacent to him or her. Most reach weapons double the wielder's natural reach, meaning that a typical Small or Medium wielder of such a weapon can attack a creature 10 feet away, but not a creature in an adjacent square. A typical Large character wielding a reach weapon of the appropriate size can attack a creature 15 or 20 feet away, but not adjacent creatures or creatures up to 10 feet away.
7	Double Weapon	Dire flails, dwarven urgroshes, gnome hooked hammers, orc double axes, quarterstaffs, and two-bladed swords are double weapons. A character can fight with both ends of a double weapon as if fighting with two weapons, but he or she incurs all the normal attack penalties associated with two-weapon combat, just as though the character were wielding a one-handed weapon and a light weapon. The character can also choose to use a double weapon two handed, attacking with only one end of it. A creature wielding a double weapon in one hand can't use it as a double weapononly one end of the weapon can be used in any given round.
8	Thrown Weapon	Daggers, clubs, shortspears, spears, darts, javelins, throwing axes, light hammers, tridents, shuriken, and nets are thrown weapons. The wielder applies his or her Strength modifier to damage dealt by thrown weapons (except for splash weapons). It is possible to throw a weapon that isn't designed to be thrown (that is, a melee weapon that doesn't have a numeric entry in the Range Increment column on Table: Weapons), but a character who does so takes a -4 penalty on the attack roll. Throwing a light or one-handed weapon is a standard action, while throwing a two-handed weapon is a full-round action. Regardless of the type of weapon, such an attack scores a threat only on a natural roll of 20 and deals double damage on a critical hit. Such a weapon has a range increment of 10 feet.
9	Projectile Weapon	Light crossbows, slings, heavy crossbows, shortbows, composite shortbows, longbows, composite longbows, hand crossbows, and repeating crossbows are projectile weapons. Most projectile weapons require two hands to use (see specific weapon descriptions). A character gets no Strength bonus on damage rolls with a projectile weapon unless it's a specially built composite shortbow, specially built composite longbow, or sling. If the character has a penalty for low Strength, apply it to damage rolls when he or she uses a bow or a sling.
10	Ammunition	Projectile weapons use ammunition: arrows (for bows), bolts (for crossbows), or sling bullets (for slings). When using a bow, a character can draw ammunition as a free action, crossbows and slings require an action for reloading. Generally speaking, ammunition that hits its target is destroyed or rendered useless, while normal ammunition that misses has a 50% chance of being destroyed or lost.
11	Light Weapon	A light weapon is easier to use in one's off hand than a one-handed weapon is, and it can be used while grappling. A light weapon is used in one hand. Add the wielder's Strength bonus (if any) to damage rolls for melee attacks with a light weapon if it's used in the primary hand, or one-half the wielder's Strength bonus if it's used in the off hand. Using two hands to wield a light weapon gives no advantage on damage, the Strength bonus applies as though the weapon were held in the wielder's primary hand only. An unarmed strike is always considered a light weapon.
12	One-Handed Weapon	A one-handed weapon can be used in either the primary hand or the off hand. Add the wielder's Strength bonus to damage rolls for melee attacks with a one-handed weapon if it's used in the primary hand, or  his or her Strength bonus if it's used in the off hand. If a one-handed weapon is wielded with two hands during melee combat, add 1 times the character's Strength bonus to damage rolls.
13	Two-Handed Weapon	Two hands are required to use a two-handed melee weapon effectively. Apply 1 times the character's Strength bonus to damage rolls for melee attacks with such a weapon.
\.


--
-- TOC entry 5928 (class 0 OID 562660)
-- Dependencies: 340
-- Data for Name: item_weapondamagetype; Type: TABLE DATA; Schema: public; Owner: dnd_app_admin
--

COPY public.item_weapondamagetype (id, name, description) FROM stdin;
1	Piercing	Piercing damage is caused by weapons with a pointed tip, such as arrows, daggers, and spears.
2	Slashing	Slashing damage is caused by weapons with a sharp edge, such as swords, axes, and claws.
3	Bludgeoning	Bludgeoning damage is caused by weapons that crush or bludgeon, such as hammers, maces, and clubs.
4	Bludgeoning/Piercing	Bludgeoning/Piercing damage is caused by weapons that can deal either bludgeoning or piercing damage, such as Hammer, gnome hooked.
5	Slashing/Piercing	Slashing/Piercing damage is caused by weapons that can deal either slashing or piercing damage, such as daggers.
6	Bludgeoning and Piercing	Bludgeoning and Piercing damage is caused by weapons that can deal both bludgeoning and piercing damage, such as a morningstar.
\.


--
-- TOC entry 5940 (class 0 OID 562717)
-- Dependencies: 352
-- Data for Name: item_weaponmagicability; Type: TABLE DATA; Schema: public; Owner: dnd_app_admin
--

COPY public.item_weaponmagicability (name, description, link, caster_level_required_for_creation, other_craft_requirements, id, cost_increase_in_bonus, cost_increase_in_gold, magic_aura_strength_id, magic_aura_type_id, source_id) FROM stdin;
Brilliant Energy	A brilliant energy weapon has its significant portion transformed into light, although this does not modify the items weight. It always gives off light as a torch (20-foot radius). A brilliant energy weapon ignores nonliving matter. Armor and shield bonuses to AC (including any enhancement bonuses to that armor) do not count against it because the weapon passes through armor. (Dexterity, deflection, dodge, natural armor, and other such bonuses still apply.) A brilliant energy weapon cannot harm undead, constructs, and objects. This property can only be applied to melee weapons, thrown weapons, and ammunition.	https://www.d20srd.org/srd/magicItems/magicWeapons.htm#brilliantEnergy	16		1	4	\N	3	8	1
\.


--
-- TOC entry 5942 (class 0 OID 562727)
-- Dependencies: 354
-- Data for Name: item_weaponmagicabilityfeat; Type: TABLE DATA; Schema: public; Owner: dnd_app_admin
--

COPY public.item_weaponmagicabilityfeat (id, feat_id, weapon_magic_ability_id) FROM stdin;
1	4	1
\.


--
-- TOC entry 5944 (class 0 OID 562733)
-- Dependencies: 356
-- Data for Name: item_weaponmagicabilityspell; Type: TABLE DATA; Schema: public; Owner: dnd_app_admin
--

COPY public.item_weaponmagicabilityspell (id, spell_id, weapon_magic_ability_id) FROM stdin;
1	4	1
2	5	1
\.


--
-- TOC entry 5952 (class 0 OID 562767)
-- Dependencies: 364
-- Data for Name: item_weaponweaponcategory; Type: TABLE DATA; Schema: public; Owner: dnd_app_admin
--

COPY public.item_weaponweaponcategory (id, weapon_category_id, weapon_id) FROM stdin;
1	1	4
2	11	4
3	8	4
4	4	4
5	1	5
6	11	5
7	8	5
8	4	5
\.


--
-- TOC entry 5950 (class 0 OID 562761)
-- Dependencies: 362
-- Data for Name: item_weaponweapondamagetype; Type: TABLE DATA; Schema: public; Owner: dnd_app_admin
--

COPY public.item_weaponweapondamagetype (id, weapon_damage_type_id, weapon_id) FROM stdin;
\.


--
-- TOC entry 5948 (class 0 OID 562755)
-- Dependencies: 360
-- Data for Name: item_weaponweaponmagicability; Type: TABLE DATA; Schema: public; Owner: dnd_app_admin
--

COPY public.item_weaponweaponmagicability (id, weapon_magic_ability_id, weapon_id) FROM stdin;
1	1	5
\.


--
-- TOC entry 5881 (class 0 OID 562265)
-- Dependencies: 293
-- Data for Name: race_abilitymodifier; Type: TABLE DATA; Schema: public; Owner: dnd_app_admin
--

COPY public.race_abilitymodifier (id, value, ability_id) FROM stdin;
1	-6	1
2	-5	1
3	-4	1
4	-3	1
5	-2	1
6	-1	1
7	1	1
8	2	1
9	3	1
10	4	1
11	5	1
12	6	1
13	-6	2
14	-5	2
15	-4	2
16	-3	2
17	-2	2
18	-1	2
19	1	2
20	2	2
21	3	2
22	4	2
23	5	2
24	6	2
25	-6	3
26	-5	3
27	-4	3
28	-3	3
29	-2	3
30	-1	3
31	1	3
32	2	3
33	3	3
34	4	3
35	5	3
36	6	3
37	-6	4
38	-5	4
39	-4	4
40	-3	4
41	-2	4
42	-1	4
43	1	4
44	2	4
45	3	4
46	4	4
47	5	4
48	6	4
49	-6	5
50	-5	5
51	-4	5
52	-3	5
53	-2	5
54	-1	5
55	1	5
56	2	5
57	3	5
58	4	5
59	5	5
60	6	5
61	-6	6
62	-5	6
63	-4	6
64	-3	6
65	-2	6
66	-1	6
67	1	6
68	2	6
69	3	6
70	4	6
71	5	6
72	6	6
\.


--
-- TOC entry 5883 (class 0 OID 562271)
-- Dependencies: 295
-- Data for Name: race_charactertype; Type: TABLE DATA; Schema: public; Owner: dnd_app_admin
--

COPY public.race_charactertype (id, name, description, link, subtype, source_id) FROM stdin;
1	Humanoid	A humanoid usually has two arms, two legs, and one head, or a humanlike torso, arms, and a head. Humanoids have few or no supernatural or extraordinary abilities, but most can speak and usually have well-developed societies. They usually are Small or Medium. Every humanoid creature also has a subtype.\r\n\r\nHumanoids with 1 Hit Die exchange the features of their humanoid Hit Die for the class features of a PC or NPC class. Humanoids of this sort are presented as 1st-level warriors, which means that they have average combat ability and poor saving throws.\r\n\r\nHumanoids with more than 1 Hit Die are the only humanoids who make use of the features of the humanoid type.	https://www.d20srd.org/srd/typesSubtypes.htm#humanoidType	f	1
2	Outsider		https://www.dandwiki.com/wiki/SRD:Outsider_Type	f	1
3	Native	A subtype applied only to outsiders. These creatures have mortal ancestors or a strong connection to the Material Plane and can be raised, reincarnated, or resurrected just as other living creatures can be. Creatures with this subtype are native to the Material Plane (hence the subtypes name). Unlike true outsiders, native outsiders need to eat and sleep.	https://www.dandwiki.com/wiki/SRD:Native_Subtype	f	\N
\.


--
-- TOC entry 5885 (class 0 OID 562281)
-- Dependencies: 297
-- Data for Name: race_charactertypetrait; Type: TABLE DATA; Schema: public; Owner: dnd_app_admin
--

COPY public.race_charactertypetrait (id, additional_value, character_type_id, trait_id) FROM stdin;
1		1	40
2		1	38
3		1	39
4	60 feet	2	1
5		2	66
6		2	34
7		2	33
8		2	40
9		2	41
10		2	42
11		3	38
12		3	39
\.


--
-- TOC entry 5887 (class 0 OID 562289)
-- Dependencies: 299
-- Data for Name: race_race; Type: TABLE DATA; Schema: public; Owner: dnd_app_admin
--

COPY public.race_race (id, name, description, link, level_adjustment, source_id, size_id) FROM stdin;
1	Human		\N	0	1	5
2	Tiefling	Many tieflings are indistinguishable from humans. Others have small horns, pointed teeth, red eyes, a whiff of brimstone about them, or even cloven feet. No two tieflings are the same.	https://www.dandwiki.com/wiki/SRD:Tiefling	1	1	5
\.


--
-- TOC entry 5889 (class 0 OID 562299)
-- Dependencies: 301
-- Data for Name: race_raceabilitymodifier; Type: TABLE DATA; Schema: public; Owner: dnd_app_admin
--

COPY public.race_raceabilitymodifier (id, ability_modifier_id, race_id) FROM stdin;
1	20	2
2	44	2
3	65	2
\.


--
-- TOC entry 5891 (class 0 OID 562305)
-- Dependencies: 303
-- Data for Name: race_racefavoredclass; Type: TABLE DATA; Schema: public; Owner: dnd_app_admin
--

COPY public.race_racefavoredclass (id, character_class_id, race_id) FROM stdin;
1	3	1
2	4	2
\.


--
-- TOC entry 5893 (class 0 OID 562311)
-- Dependencies: 305
-- Data for Name: race_racelanguage; Type: TABLE DATA; Schema: public; Owner: dnd_app_admin
--

COPY public.race_racelanguage (id, is_automatic, language_id, race_id) FROM stdin;
1	t	5	1
2	f	21	1
3	t	5	2
4	t	16	2
5	f	6	2
6	f	8	2
7	f	9	2
8	f	11	2
9	f	12	2
10	f	14	2
11	f	17	2
\.


--
-- TOC entry 5895 (class 0 OID 562317)
-- Dependencies: 307
-- Data for Name: race_racetrait; Type: TABLE DATA; Schema: public; Owner: dnd_app_admin
--

COPY public.race_racetrait (id, additional_value, race_id, trait_id) FROM stdin;
1	1 extra feat at 1st level	1	135
2	+2 racial bonus on Bluff and Hide checks	2	157
3	1/day	2	158
4	5	2	17
5	5	2	18
6	5	2	19
\.


--
-- TOC entry 5897 (class 0 OID 562325)
-- Dependencies: 309
-- Data for Name: race_racetype; Type: TABLE DATA; Schema: public; Owner: dnd_app_admin
--

COPY public.race_racetype (id, character_type_id, race_id) FROM stdin;
1	1	1
2	2	2
3	3	2
\.


--
-- TOC entry 5879 (class 0 OID 562257)
-- Dependencies: 291
-- Data for Name: race_size; Type: TABLE DATA; Schema: public; Owner: dnd_app_admin
--

COPY public.race_size (id, name, size_modifier, grapple_modifier, height_or_length, weight, space_ft, natural_reach_tall_ft, natural_reach_long_ft) FROM stdin;
1	Fine	8	-16	6 in. or less	1/8 lb. or less	0.5	0	0
2	Diminutive	4	-12	6 in. - 1 ft.	1/8 lb. - 1 lb.	1.0	0	0
3	Tiny	2	-8	1 ft. - 2 ft.	1 lb. - 8 lb.	2.5	0	0
4	Small	1	-4	2 ft. - 4 ft.	8 lb. - 60 lb.	5.0	5	5
5	Medium	0	0	4 ft. - 8 ft.	60 lb. - 500 lb.	5.0	5	5
6	Large	-1	4	8 ft. - 16 ft.	500 lb. - 2 tons	10.0	10	5
7	Huge	-2	8	16 ft. - 32 ft.	2 tons - 16 tons	15.0	15	10
8	Gargantuan	-4	12	32 ft. - 64 ft.	16 tons - 125 tons	20.0	20	15
9	Colossal	-8	16	64 ft. or more	125 tons or more	30.0	30	20
\.


--
-- TOC entry 5840 (class 0 OID 561939)
-- Dependencies: 252
-- Data for Name: skill_skill; Type: TABLE DATA; Schema: public; Owner: dnd_app_admin
--

COPY public.skill_skill (id, name, trained_only, armor_check_penalty, description, link, ability_id) FROM stdin;
1	Appraise	f	f	You can appraise common or well-known objects with a DC 12 Appraise check. Failure means that you estimate the value at 50% to 150% (2d6+3 times 10%,) of its actual value. Appraising a rare or exotic item requires a successful check against DC 15, 20, or higher. If the check is successful, you estimate the value correctly, failure means you cannot estimate the item's value. A magnifying glass gives you a +2 circumstance bonus on Appraise checks involving any item that is small or highly detailed, such as a gem. A merchant's scale gives you a +2 circumstance bonus on Appraise checks involving any items that are valued by weight, including anything made of precious metals. These bonuses stack.	https://www.d20srd.org/srd/skills/appraise.htm	4
2	Balance	f	t	You can walk on a precarious surface. A successful check lets you move at half your speed along the surface for 1 round. A failure by 4 or less means you can't move for 1 round. A failure by 5 or more means you fall.	https://www.d20srd.org/srd/skills/balance.htm	2
3	Bluff	f	f	A Bluff check is opposed by the target's Sense Motive check. See the accompanying table for examples of different kinds of bluffs and the modifier to the target's Sense Motive check for each one. Favorable and unfavorable circumstances weigh heavily on the outcome of a bluff. Two circumstances can weigh against you: The bluff is hard to believe, or the action that the target is asked to take goes against its self-interest, nature, personality, orders, or the like. If it's important, you can distinguish between a bluff that fails because the target doesn't believe it and one that fails because it just asks too much of the target. For instance, if the target gets a +10 bonus on its Sense Motive check because the bluff demands something risky, and the Sense Motive check succeeds by 10 or less, then the target didn't so much see through the bluff as prove reluctant to go along with it. A target that succeeds by 11 or more has seen through the bluff. A successful Bluff check indicates that the target reacts as you wish, at least for a short time (usually 1 round or less) or believes something that you want it to believe. Bluff, however, is not a suggestion spell. A bluff requires interaction between you and the target. Creatures unaware of you cannot be bluffed.	https://www.d20srd.org/srd/skills/bluff.htm	6
4	Climb	f	t	With a successful Climb check, you can advance up, down, or across a slope, a wall, or some other steep incline (or even a ceiling with handholds) at one-quarter your normal speed. A slope is considered to be any incline at an angle measuring less than 60 degrees, a wall is any incline at an angle measuring 60 degrees or more. A Climb check that fails by 4 or less means that you make no progress, and one that fails by 5 or more means that you fall from whatever height you have already attained. A climber's kit gives you a +2 circumstance bonus on Climb checks. You need both hands free to climb, but you may cling to a wall with one hand while you cast a spell or take some other action that requires only one hand. While climbing, you can't move to avoid a blow, so you lose your Dexterity bonus to AC (if any). You also can't use a shield while climbing. Any time you take damage while climbing, make a Climb check against the DC of the slope or wall. Failure means you fall from your current height and sustain the appropriate falling damage.	https://www.d20srd.org/srd/skills/climb.htm	1
5	Concentration	f	f	You must make a Concentration check whenever you might potentially be distracted (by taking damage, by harsh weather, and so on) while engaged in some action that requires your full attention. Such actions include casting a spell, concentrating on an active spell, directing a spell, using a spell-like ability, or using a skill that would provoke an attack of opportunity. In general, if an action wouldn't normally provoke an attack of opportunity, you need not make a Concentration check to avoid being distracted. If the Concentration check succeeds, you may continue with the action as normal. If the check fails, the action automatically fails and is wasted. If you were in the process of casting a spell, the spell is lost. If you were concentrating on an active spell, the spell ends as if you had ceased concentrating on it. If you were directing a spell, the direction fails but the spell remains active. If you were using a spell-like ability, that use of the ability is lost. A skill use also fails, and in some cases a failed skill check may have other ramifications as well. The table below summarizes various types of distractions that cause you to make a Concentration check. If the distraction occurs while you are trying to cast a spell, you must add the level of the spell you are trying to cast to the appropriate Concentration DC. If more than one type of distraction is present, make a check for each one, any failed Concentration check indicates that the task is not completed.	https://www.d20srd.org/srd/skills/concentration.htm	3
6	Craft (Placeholder/Example)	f	f	You can practice your trade and make a decent living, earning about half your check result in gold pieces per week of dedicated work. You know how to use the tools of your trade, how to perform the craft's daily tasks, how to supervise untrained helpers, and how to handle common problems. (Untrained laborers and assistants earn an average of 1 silver piece per day.) The basic function of the Craft skill, however, is to allow you to make an item of the appropriate type. The DC depends on the complexity of the item to be created. The DC, your check results, and the price of the item determine how long it takes to make a particular item. The item's finished price also determines the cost of raw materials.	https://www.d20srd.org/srd/skills/craft.htm	4
7	Craft (Alchemy)	f	f	You can practice your trade and make a decent living, earning about half your check result in gold pieces per week of dedicated work. You know how to use the tools of your trade, how to perform the craft's daily tasks, how to supervise untrained helpers, and how to handle common problems. (Untrained laborers and assistants earn an average of 1 silver piece per day.) The basic function of the Craft skill, however, is to allow you to make an item of the appropriate type. The DC depends on the complexity of the item to be created. The DC, your check results, and the price of the item determine how long it takes to make a particular item. The item's finished price also determines the cost of raw materials.	https://www.d20srd.org/srd/skills/craft.htm	4
8	Craft (Armorsmithing)	f	f	You can practice your trade and make a decent living, earning about half your check result in gold pieces per week of dedicated work. You know how to use the tools of your trade, how to perform the craft's daily tasks, how to supervise untrained helpers, and how to handle common problems. (Untrained laborers and assistants earn an average of 1 silver piece per day.) The basic function of the Craft skill, however, is to allow you to make an item of the appropriate type. The DC depends on the complexity of the item to be created. The DC, your check results, and the price of the item determine how long it takes to make a particular item. The item's finished price also determines the cost of raw materials.	https://www.d20srd.org/srd/skills/craft.htm	4
9	Craft (Bowmaking)	f	f	You can practice your trade and make a decent living, earning about half your check result in gold pieces per week of dedicated work. You know how to use the tools of your trade, how to perform the craft's daily tasks, how to supervise untrained helpers, and how to handle common problems. (Untrained laborers and assistants earn an average of 1 silver piece per day.) The basic function of the Craft skill, however, is to allow you to make an item of the appropriate type. The DC depends on the complexity of the item to be created. The DC, your check results, and the price of the item determine how long it takes to make a particular item. The item's finished price also determines the cost of raw materials.	https://www.d20srd.org/srd/skills/craft.htm	4
10	Craft (Weaponsmithing)	f	f	You can practice your trade and make a decent living, earning about half your check result in gold pieces per week of dedicated work. You know how to use the tools of your trade, how to perform the craft's daily tasks, how to supervise untrained helpers, and how to handle common problems. (Untrained laborers and assistants earn an average of 1 silver piece per day.) The basic function of the Craft skill, however, is to allow you to make an item of the appropriate type. The DC depends on the complexity of the item to be created. The DC, your check results, and the price of the item determine how long it takes to make a particular item. The item's finished price also determines the cost of raw materials.	https://www.d20srd.org/srd/skills/craft.htm	4
11	Craft (Trapmaking)	f	f	You can practice your trade and make a decent living, earning about half your check result in gold pieces per week of dedicated work. You know how to use the tools of your trade, how to perform the craft's daily tasks, how to supervise untrained helpers, and how to handle common problems. (Untrained laborers and assistants earn an average of 1 silver piece per day.) The basic function of the Craft skill, however, is to allow you to make an item of the appropriate type. The DC depends on the complexity of the item to be created. The DC, your check results, and the price of the item determine how long it takes to make a particular item. The item's finished price also determines the cost of raw materials.	https://www.d20srd.org/srd/skills/craft.htm	4
12	Craft (Textile)	f	f	You can practice your trade and make a decent living, earning about half your check result in gold pieces per week of dedicated work. You know how to use the tools of your trade, how to perform the craft's daily tasks, how to supervise untrained helpers, and how to handle common problems. (Untrained laborers and assistants earn an average of 1 silver piece per day.) The basic function of the Craft skill, however, is to allow you to make an item of the appropriate type. The DC depends on the complexity of the item to be created. The DC, your check results, and the price of the item determine how long it takes to make a particular item. The item's finished price also determines the cost of raw materials.	https://www.d20srd.org/srd/skills/craft.htm	4
13	Craft (Leatherworking)	f	f	You can practice your trade and make a decent living, earning about half your check result in gold pieces per week of dedicated work. You know how to use the tools of your trade, how to perform the craft's daily tasks, how to supervise untrained helpers, and how to handle common problems. (Untrained laborers and assistants earn an average of 1 silver piece per day.) The basic function of the Craft skill, however, is to allow you to make an item of the appropriate type. The DC depends on the complexity of the item to be created. The DC, your check results, and the price of the item determine how long it takes to make a particular item. The item's finished price also determines the cost of raw materials.	https://www.d20srd.org/srd/skills/craft.htm	4
14	Craft (Locksmithing)	f	f	You can practice your trade and make a decent living, earning about half your check result in gold pieces per week of dedicated work. You know how to use the tools of your trade, how to perform the craft's daily tasks, how to supervise untrained helpers, and how to handle common problems. (Untrained laborers and assistants earn an average of 1 silver piece per day.) The basic function of the Craft skill, however, is to allow you to make an item of the appropriate type. The DC depends on the complexity of the item to be created. The DC, your check results, and the price of the item determine how long it takes to make a particular item. The item's finished price also determines the cost of raw materials.	https://www.d20srd.org/srd/skills/craft.htm	4
15	Craft (Jewelmaking)	f	f	You can practice your trade and make a decent living, earning about half your check result in gold pieces per week of dedicated work. You know how to use the tools of your trade, how to perform the craft's daily tasks, how to supervise untrained helpers, and how to handle common problems. (Untrained laborers and assistants earn an average of 1 silver piece per day.) The basic function of the Craft skill, however, is to allow you to make an item of the appropriate type. The DC depends on the complexity of the item to be created. The DC, your check results, and the price of the item determine how long it takes to make a particular item. The item's finished price also determines the cost of raw materials.	https://www.d20srd.org/srd/skills/craft.htm	4
16	Craft (Gemcutting)	f	f	You can practice your trade and make a decent living, earning about half your check result in gold pieces per week of dedicated work. You know how to use the tools of your trade, how to perform the craft's daily tasks, how to supervise untrained helpers, and how to handle common problems. (Untrained laborers and assistants earn an average of 1 silver piece per day.) The basic function of the Craft skill, however, is to allow you to make an item of the appropriate type. The DC depends on the complexity of the item to be created. The DC, your check results, and the price of the item determine how long it takes to make a particular item. The item's finished price also determines the cost of raw materials.	https://www.d20srd.org/srd/skills/craft.htm	4
17	Decipher Script	t	f	You can decipher writing in an unfamiliar language or a message written in an incomplete or archaic form. The base DC is 20 for the simplest messages, 25 for standard texts, and 30 or higher for intricate, exotic, or very old writing. If the check succeeds, you understand the general content of a piece of writing about one page long (or the equivalent). If the check fails, make a DC 5 Wisdom check to see if you avoid drawing a false conclusion about the text. (Success means that you do not draw a false conclusion, failure means that you do.) Both the Decipher Script check and (if necessary) the Wisdom check are made secretly, so that you can't tell whether the conclusion you draw is true or false.	https://www.d20srd.org/srd/skills/decipherScript.htm	4
18	Diplomacy	f	f	You can change the attitudes of others (nonplayer characters) with a successful Diplomacy check, see the Influencing NPC Attitudes sidebar, below, for basic DCs. In negotiations, participants roll opposed Diplomacy checks, and the winner gains the advantage. Opposed checks also resolve situations when two advocates or diplomats plead opposite cases in a hearing before a third party.	https://www.d20srd.org/srd/skills/diplomacy.htm	6
19	Disable Device	t	f	The Disable Device check is made secretly, so that you don't necessarily know whether you've succeeded. The DC depends on how tricky the device is. Disabling (or rigging or jamming) a fairly simple device has a DC of 10, more intricate and complex devices have higher DCs. If the check succeeds, you disable the device. If it fails by 4 or less, you have failed but can try again. If you fail by 5 or more, something goes wrong. If the device is a trap, you spring it. If you're attempting some sort of sabotage, you think the device is disabled, but it still works normally. You also can rig simple devices such as saddles or wagon wheels to work normally for a while and then fail or fall off some time later (usually after 1d4 rounds or minutes of use).	https://www.d20srd.org/srd/skills/disableDevice.htm	4
20	Disguise	f	f	Your Disguise check result determines how good the disguise is, and it is opposed by others' Spot check results. If you don't draw any attention to yourself, others do not get to make Spot checks. If you come to the attention of people who are suspicious (such as a guard who is watching commoners walking through a city gate), it can be assumed that such observers are taking 10 on their Spot checks. You get only one Disguise check per use of the skill, even if several people are making Spot checks against it. The Disguise check is made secretly, so that you can't be sure how good the result is. The effectiveness of your disguise depends in part on how much you're attempting to change your appearance. If you are impersonating a particular individual, those who know what that person looks like get a bonus on their Spot checks according to the table below. Furthermore, they are automatically considered to be suspicious of you, so opposed checks are always called for. Usually, an individual makes a Spot check to see through your disguise immediately upon meeting you and each hour thereafter. If you casually meet many different creatures, each for a short time, check once per day or hour, using an average Spot modifier for the group.	https://www.d20srd.org/srd/skills/disguise.htm	6
21	Escape Artist	f	t	Making an Escape Artist check to escape from rope bindings, manacles, or other restraints (except a grappler) requires 1 minute of work. Escaping from a net or an animate rope, command plants, control plants, or entangle spell is a full-round action. Escaping from a grapple or pin is a standard action. Squeezing through a tight space takes at least 1 minute, maybe longer, depending on how long the space is.	https://www.d20srd.org/srd/skills/escapeArtist.htm	2
22	Forgery	f	f	Forgery requires writing materials appropriate to the document being forged, enough light or sufficient visual acuity to see the details of what you're writing, wax for seals (if appropriate), and some time. To forge a document on which the handwriting is not specific to a person (military orders, a government decree, a business ledger, or the like), you need only to have seen a similar document before, and you gain a +8 bonus on your check. To forge a signature, you need an autograph of that person to copy, and you gain a +4 bonus on the check. To forge a longer document written in the hand of some particular person, a large sample of that person's handwriting is needed. The Forgery check is made secretly, so that you're not sure how good your forgery is. As with Disguise, you don't even need to make a check until someone examines the work. Your Forgery check is opposed by the Forgery check of the person who examines the document to check its authenticity. The examiner gains modifiers on his or her check if any of the conditions on the table below exist. A document that contradicts procedure, orders, or previous knowledge, or one that requires sacrifice on the part of the person checking the document can increase that character's suspicion (and thus create favorable circumstances for the checker's opposing Forgery check).	https://www.d20srd.org/srd/skills/forgery.htm	4
23	Gather Information	f	f	An evening's time, a few gold pieces for buying drinks and making friends, and a DC 10 Gather Information check get you a general idea of a city's major news items, assuming there are no obvious reasons why the information would be withheld. The higher your check result, the better the information. If you want to find out about a specific rumor, or a specific item, or obtain a map, or do something else along those lines, the DC for the check is 15 to 25, or even higher.	https://www.d20srd.org/srd/skills/gatherInformation.htm	6
24	Handle Animal	t	f	This task involves commanding an animal to perform a task or trick that it knows. If the animal is wounded or has taken any nonlethal damage or ability score damage, the DC increases by 2. If your check succeeds, the animal performs the task or trick on its next action.	https://www.d20srd.org/srd/skills/handleAnimal.htm	6
25	Heal	f	f	Providing first aid, treating a wound, or treating poison is a standard action. Treating a disease or tending a creature wounded by a spike growth or spike stones spell takes 10 minutes of work. Providing long-term care requires 8 hours of light activity.	https://www.d20srd.org/srd/skills/heal.htm	5
26	Hide	f	t	Your Hide check is opposed by the Spot check of anyone who might see you. You can move up to one-half your normal speed and hide at no penalty. When moving at a speed greater than one-half but less than your normal speed, you take a -5 penalty. It's practically impossible (-20 penalty) to hide while attacking, running or charging. A creature larger or smaller than Medium takes a size bonus or penalty on Hide checks depending on its size category: Fine +16, Diminutive +12, Tiny +8, Small +4, Large -4, Huge -8, Gargantuan -12, Colossal -16. You need cover or concealment in order to attempt a Hide check. Total cover or total concealment usually (but not always, see Special, below) obviates the need for a Hide check, since nothing can see you anyway. If people are observing you, even casually, you can't hide. You can run around a corner or behind cover so that you're out of sight and then hide, but the others then know at least where you went. If your observers are momentarily distracted (such as by a Bluff check, see below), though, you can attempt to hide. While the others turn their attention from you, you can attempt a Hide check if you can get to a hiding place of some kind. (As a general guideline, the hiding place has to be within 1 foot per rank you have in Hide.) This check, however, is made at a -10 penalty because you have to move fast.	https://www.d20srd.org/srd/skills/hide.htm	2
27	Intimidate	f	f	You can change another's behavior with a successful check. Your Intimidate check is opposed by the target's modified level check (1d20 + character level or Hit Dice + target's Wisdom bonus [if any] + target's modifiers on saves against fear). If you beat your target's check result, you may treat the target as friendly, but only for the purpose of actions taken while it remains intimidated. (That is, the target retains its normal attitude, but will chat, advise, offer limited help, or advocate on your behalf while intimidated. See the Diplomacy skill, above, for additional details.) The effect lasts as long as the target remains in your presence, and for 1d6 x 10 minutes afterward. After this time, the target's default attitude toward you shifts to unfriendly (or, if normally unfriendly, to hostile). If you fail the check by 5 or more, the target provides you with incorrect or useless information, or otherwise frustrates your efforts.	https://www.d20srd.org/srd/skills/intimidate.htm	6
28	Jump	f	t	The DC and the distance you can cover vary according to the type of jump you are attempting (see below). Your Jump check is modified by your speed. If your speed is 30 feet then no modifier based on speed applies to the check. If your speed is less than 30 feet, you take a -6 penalty for every 10 feet of speed less than 30 feet. If your speed is greater than 30 feet, you gain a +4 bonus for every 10 feet beyond 30 feet. All Jump DCs given here assume that you get a running start, which requires that you move at least 20 feet in a straight line before attempting the jump. If you do not get a running start, the DC for the jump is doubled. Distance moved by jumping is counted against your normal maximum movement in a round. If you have ranks in Jump and you succeed on a Jump check, you land on your feet (when appropriate). If you attempt a Jump check untrained, you land prone unless you beat the DC by 5 or more.	https://www.d20srd.org/srd/skills/jump.htm	1
29	Knowledge (Arcana)	t	f	Arcana (ancient mysteries, magic traditions, arcane symbols, cryptic phrases, constructs, dragons, magical beasts)	https://www.d20srd.org/srd/skills/knowledge.htm	4
30	Knowledge (Architecture and Engineering)	t	f	Architecture and engineering (buildings, aqueducts, bridges, fortifications)	https://www.d20srd.org/srd/skills/knowledge.htm	4
31	Knowledge (Dungeoneering)	t	f	Dungeoneering (underground hazards, subterranean creatures)	https://www.d20srd.org/srd/skills/knowledge.htm	4
32	Knowledge (Geography)	t	f	Geography (lands, terrain, climate, people)	https://www.d20srd.org/srd/skills/knowledge.htm	4
33	Knowledge (History)	t	f	History (royalty, wars, colonies, migrations, founding of cities)	https://www.d20srd.org/srd/skills/knowledge.htm	4
34	Knowledge (Local)	t	f	Local (legends, personalities, inhabitants, laws, customs, traditions, humanoids)	https://www.d20srd.org/srd/skills/knowledge.htm	4
35	Knowledge (Nature)	t	f	Nature (animals, fey, giants, monstrous humanoids, plants, seasons and cycles, weather, vermin)	https://www.d20srd.org/srd/skills/knowledge.htm	4
36	Knowledge (Nobility and Royalty)	t	f	Nobility and royalty (lineages, heraldry, family trees, mottoes, personalities)	https://www.d20srd.org/srd/skills/knowledge.htm	4
37	Knowledge (Religion)	t	f	Religion (gods and goddesses, mythic history, ecclesiastic tradition, holy symbols, undead)	https://www.d20srd.org/srd/skills/knowledge.htm	4
38	Knowledge (The Planes)	t	f	The planes (the Inner Planes, the Outer Planes, the Astral Plane, the Ethereal Plane, outsiders, elementals, magic related to the planes)	https://www.d20srd.org/srd/skills/knowledge.htm	4
39	Listen	f	f	Your Listen check is either made against a DC that reflects how quiet the noise is that you might hear, or it is opposed by your target's Move Silently check. In the case of people trying to be quiet, the DCs given on the table could be replaced by Move Silently checks, in which case the indicated DC would be their average check result.	https://www.d20srd.org/srd/skills/listen.htm	5
40	Move Silently	f	t	Your Move Silently check is opposed by the Listen check of anyone who might hear you. You can move up to one-half your normal speed at no penalty. When moving at a speed greater than one-half but less than your full speed, you take a -5 penalty. It's practically impossible (-20 penalty) to move silently while running or charging. Noisy surfaces, such as bogs or undergrowth, are tough to move silently across. When you try to sneak across such a surface, you take a penalty on your Move Silently check as indicated below.	https://www.d20srd.org/srd/skills/moveSilently.htm	2
41	Open Lock	t	f	Attempting an Open Lock check without a set of thieves' tools imposes a -2 circumstance penalty on the check, even if a simple tool is employed. If you use masterwork thieves' tools, you gain a +2 circumstance bonus on the check.	https://www.d20srd.org/srd/skills/openLock.htm	2
42	Perform (Placeholder/Example)	f	f	Placeholder for some perform skill	https://www.d20srd.org/srd/skills/perform.htm	6
43	Perform (Act)	f	f	Act (comedy, drama, mime)	https://www.d20srd.org/srd/skills/perform.htm	6
44	Perform (Comedy)	f	f	Comedy (buffoonery, limericks, joke-telling)	https://www.d20srd.org/srd/skills/perform.htm	6
45	Perform (Dance)	f	f	Dance (ballet, waltz, jig)	https://www.d20srd.org/srd/skills/perform.htm	6
46	Perform (Keyboard)	f	f	Keyboard instruments (harpsichord, piano, pipe organ)	https://www.d20srd.org/srd/skills/perform.htm	6
47	Perform (Oratory)	f	f	Oratory (epic, ode, storytelling)	https://www.d20srd.org/srd/skills/perform.htm	6
48	Perform (Percussion)	f	f	Percussion instruments (bells, chimes, drums, gong)	https://www.d20srd.org/srd/skills/perform.htm	6
49	Perform (String)	f	f	String instruments (fiddle, harp, lute, mandolin)	https://www.d20srd.org/srd/skills/perform.htm	6
50	Perform (Wind)	f	f	Wind instruments (flute, pan pipes, recorder, shawm, trumpet)	https://www.d20srd.org/srd/skills/perform.htm	6
51	Perform (Sing)	f	f	Sing (ballad, chant, melody)	https://www.d20srd.org/srd/skills/perform.htm	6
52	Profession (Placeholder/Example)	t	f	Like Craft, Knowledge, and Perform, Profession is actually a number of separate skills. You could have several Profession skills, each with its own ranks, each purchased as a separate skill. While a Craft skill represents ability in creating or making an item, a Profession skill represents an aptitude in a vocation requiring a broader range of less specific knowledge.	https://www.d20srd.org/srd/skills/profession.htm	5
53	Ride	f	f	Typical riding actions don't require checks. You can saddle, mount, ride, and dismount from a mount without a problem.	https://www.d20srd.org/srd/skills/ride.htm	2
54	Search	f	f	You generally must be within 10 feet of the object or surface to be searched.	https://www.d20srd.org/srd/skills/search.htm	4
55	Sense Motive	f	f	A successful check lets you avoid being bluffed. You can also use this skill to determine when something is up  (that is, something odd is going on) or to assess someone's trustworthiness.	https://www.d20srd.org/srd/skills/senseMotive.htm	5
56	Sleight of Hand	t	t	A DC 10 Sleight of Hand check lets you palm a coin-sized, unattended object. Performing a minor feat of legerdemain, such as making a coin disappear, also has a DC of 10 unless an observer is determined to note where the item went. When you use this skill under close observation, your skill check is opposed by the observer's Spot check. The observer's success doesn't prevent you from performing the action, just from doing it unnoticed. You can hide a small object (including a light weapon or an easily concealed ranged weapon, such as a dart, sling, or hand crossbow) on your body. Your Sleight of Hand check is opposed by the Spot check of anyone observing you or the Search check of anyone frisking you. In the latter case, the searcher gains a +4 bonus on the Search check, since it's generally easier to find such an object than to hide it. A dagger is easier to hide than most light weapons, and grants you a +2 bonus on your Sleight of Hand check to conceal it. An extraordinarily small object, such as a coin, shuriken, or ring, grants you a +4 bonus on your Sleight of Hand check to conceal it, and heavy or baggy clothing (such as a cloak) grants you a +2 bonus on the check. Drawing a hidden weapon is a standard action and doesn't provoke an attack of opportunity. If you try to take something from another creature, you must make a DC 20 Sleight of Hand check to obtain it. The opponent makes a Spot check to detect the attempt, opposed by the same Sleight of Hand check result you achieved when you tried to grab the item. An opponent who succeeds on this check notices the attempt, regardless of whether you got the item. You can also use Sleight of Hand to entertain an audience as though you were using the Perform skill. In such a case, your act  encompasses elements of legerdemain, juggling, and the like.	https://www.d20srd.org/srd/skills/sleightOfHand.htm	2
57	Spellcraft	t	f	Use this skill to identify spells as they are cast or spells already in place.	https://www.d20srd.org/srd/skills/spellcraft.htm	4
58	Spot	f	f	The Spot skill is used primarily to detect characters or creatures who are hiding. Typically, your Spot check is opposed by the Hide check of the creature trying not to be seen. Sometimes a creature isn't intentionally hiding but is still difficult to see, so a successful Spot check is necessary to notice it. A Spot check result higher than 20 generally lets you become aware of an invisible creature near you, though you can't actually see it. Spot is also used to detect someone in disguise, and to read lips when you can't hear or understand what someone is saying. Spot checks may be called for to determine the distance at which an encounter begins. A penalty applies on such checks, depending on the distance between the two individuals or groups, and an additional penalty may apply if the character making the Spot check is distracted (not concentrating on being observant).	https://www.d20srd.org/srd/skills/spot.htm	5
59	Survival	f	f	You can keep yourself and others safe and fed in the wild. The table below gives the DCs for various tasks that require Survival checks.	https://www.d20srd.org/srd/skills/survival.htm	5
60	Swim	f	t	Make a Swim check once per round while you are in the water. Success means you may swim at up to one-half your speed (as a full-round action) or at one-quarter your speed (as a move action). If you fail by 4 or less, you make no progress through the water. If you fail by 5 or more, you go underwater. If you are underwater, either because you failed a Swim check or because you are swimming underwater intentionally, you must hold your breath. You can hold your breath for a number of rounds equal to twice your Constitution score, but only if you do nothing other than take move actions or free actions. If you take a standard action or a full-round action (such as making an attack), the remainder of the duration for which you can hold your breath is reduced by 1 round. (Effectively, a character in combat can hold his or her breath only half as long as normal.) After that period of time, you must make a DC 10 Constitution check every round to continue holding your breath. Each round, the DC for that check increases by 1. If you fail the Constitution check, you begin to drown.	https://www.d20srd.org/srd/skills/swim.htm	1
61	Tumble	t	t	You can't use this skill if your speed has been reduced by armor, excess equipment, or loot. You can land softly when you fall or tumble past opponents. You can also tumble to entertain an audience (as though using the Perform skill).	https://www.d20srd.org/srd/skills/tumble.htm	2
62	Use Magic Device	t	f	You can use this skill to read a spell or to activate a magic item. Use Magic Device lets you use a magic item as if you had the spell ability or class features of another class, as if you were a different race, or as if you were of a different alignment. You make a Use Magic Device check each time you activate a device such as a wand. If you are using the check to emulate an alignment or some other quality in an ongoing manner, you need to make the relevant Use Magic Device check once per hour. You must consciously choose which requirement to emulate. That is, you must know what you are trying to emulate when you make a Use Magic Device check for that purpose.	https://www.d20srd.org/srd/skills/useMagicDevice.htm	6
63	Use Rope	f	f	Most tasks with a rope are relatively simple. The DCs for various tasks utilizing this skill are summarized on the table below.	https://www.d20srd.org/srd/skills/useRope.htm	2
\.


--
-- TOC entry 5899 (class 0 OID 562442)
-- Dependencies: 311
-- Data for Name: spell_castingtime; Type: TABLE DATA; Schema: public; Owner: dnd_app_admin
--

COPY public.spell_castingtime (id, name, description, approximate_time_in_seconds) FROM stdin;
1	Not an Action	Some activities are so minor that they are not even considered free actions. They literally don't take any time at all to do and are considered an inherent part of doing something else.	0
2	Free Action	Free actions consume a very small amount of time and effort. You can perform one or more free actions while taking another action normally. However, there are reasonable limits on what you can really do for free.	0
3	Swift Action	A swift action consumes a very small amount of time, but represents a larger expenditure of effort and energy than a free action. You can perform only a single swift action per turn.	1
4	Immediate Action	An immediate action is very similar to a swift action, but can be performed at any time  even if it's not your turn.	1
5	Standard Action	A standard action allows you to do something, most commonly make an attack or cast a spell.	3
6	Move Action	A move action allows you to move your speed or perform an action that takes a similar amount of time.	3
7	Full-Round Action	A full-round action consumes all your effort during a round. The only movement you can take during a full-round action is a 5-foot step before, during, or after the action. Some full-round actions can be taken as standard actions, but only in situations when you are limited to performing only a standard action during your round. The descriptions of specific actions, below, detail which actions allow this option.	6
8	One Minute		60
9	Ten Minutes		600
10	One Hour		3600
\.


--
-- TOC entry 5901 (class 0 OID 562452)
-- Dependencies: 313
-- Data for Name: spell_magicaurastrength; Type: TABLE DATA; Schema: public; Owner: dnd_app_admin
--

COPY public.spell_magicaurastrength (id, name, description) FROM stdin;
1	Faint	An aura's power depends on a spell's functioning spell level or an item's caster level. If an aura falls into more than one category, detect magic indicates the stronger of the two, as described in Detect Magic spell.
2	Moderate	An aura's power depends on a spell's functioning spell level or an item's caster level. If an aura falls into more than one category, detect magic indicates the stronger of the two, as described in Detect Magic spell.
3	Strong	An aura's power depends on a spell's functioning spell level or an item's caster level. If an aura falls into more than one category, detect magic indicates the stronger of the two, as described in Detect Magic spell.
4	Overwhelming	An aura's power depends on a spell's functioning spell level or an item's caster level. If an aura falls into more than one category, detect magic indicates the stronger of the two, as described in Detect Magic spell.
\.


--
-- TOC entry 5903 (class 0 OID 562462)
-- Dependencies: 315
-- Data for Name: spell_magicschool; Type: TABLE DATA; Schema: public; Owner: dnd_app_admin
--

COPY public.spell_magicschool (id, name, description) FROM stdin;
1	Abjuration	Abjurations are protective spells. They create physical or magical barriers, negate magical or physical abilities, harm trespassers, or even banish the subject of the spell to another plane of existence. If one abjuration spell is active within 10 feet of another for 24 hours or more, the magical fields interfere with each other and create barely visible energy fluctuations. The DC to find such spells with the Search skill drops by 4. If an abjuration creates a barrier that keeps certain types of creatures at bay, that barrier cannot be used to push away those creatures. If you force the barrier against such a creature, you feel a discernible pressure against the barrier. If you continue to apply pressure, you end the spell.
2	Conjuration	Each conjuration spell belongs to one of five subschools. Conjurations bring manifestations of objects, creatures, or some form of energy to you (the summoning subschool), actually transport creatures from another plane of existence to your plane (calling), heal (healing), transport creatures or objects over great distances (teleportation), or create objects or effects on the spot (creation). Creatures you conjure usually, but not always, obey your commands. A creature or object brought into being or transported to your location by a conjuration spell cannot appear inside another creature or object, nor can it appear floating in an empty space. It must arrive in an open location on a surface capable of supporting it. The creature or object must appear within the spell's range, but it does not have to remain within the range.
3	Divination	Divination spells enable you to learn secrets long forgotten, to predict the future, to find hidden things, and to foil deceptive spells. Many divination spells have cone-shaped areas. These move with you and extend in the direction you look. The cone defines the area that you can sweep each round. If you study the same area for multiple rounds, you can often gain additional information, as noted in the descriptive text for the spell.
4	Enchantment	Enchantment spells affect the minds of others, influencing or controlling their behavior. All enchantments are mind-affecting spells. Two types of enchantment spells grant you influence over a subject creature.
5	Evocation	Evocation spells manipulate energy or tap an unseen source of power to produce a desired end. In effect, they create something out of nothing. Many of these spells produce spectacular effects, and evocation spells can deal large amounts of damage.
6	Illusion	Illusion spells deceive the senses or minds of others. They cause people to see things that are not there, not see things that are there, hear phantom noises, or remember things that never happened.
7	Necromancy	Necromancy spells manipulate the power of death, unlife, and the life force. Spells involving undead creatures make up a large part of this school.
8	Transmutation	Transmutation spells change the properties of some creature, thing, or condition.
9	Universal	A small number of spells are universal, belonging to no school.
10	Calling	A calling spell transports a creature from another plane to the plane you are on. The spell grants the creature the one-time ability to return to its plane of origin, although the spell may limit the circumstances under which this is possible. Creatures who are called actually die when they are killed, they do not disappear and reform, as do those brought by a summoning spell (see below). The duration of a calling spell is instantaneous, which means that the called creature can't be dispelled.
11	Creation	A creation spell manipulates matter to create an object or creature in the place the spellcaster designates (subject to the limits noted above). If the spell has a duration other than instantaneous, magic holds the creation together, and when the spell ends, the conjured creature or object vanishes without a trace. If the spell has an instantaneous duration, the created object or creature is merely assembled through magic. It lasts indefinitely and does not depend on magic for its existence.
12	Healing	Certain divine conjurations heal creatures or even bring them back to life.
13	Summoning	A summoning spell instantly brings a creature or object to a place you designate. When the spell ends or is dispelled, a summoned creature is instantly sent back to where it came from, but a summoned object is not sent back unless the spell description specifically indicates this. A summoned creature also goes away if it is killed or if its hit points drop to 0 or lower. It is not really dead. It takes 24 hours for the creature to reform, during which time it can't be summoned again. When the spell that summoned a creature ends and the creature disappears, all the spells it has cast expire. A summoned creature cannot use any innate summoning abilities it may have, and it refuses to cast any spells that would cost it XP, or to use any spell-like abilities that would cost XP if they were spells.
14	Teleportation	A teleportation spell transports one or more creatures or objects a great distance. The most powerful of these spells can cross planar boundaries. Unlike summoning spells, the transportation is (unless otherwise noted) one-way and not dispellable. Teleportation is instantaneous travel through the Astral Plane. Anything that blocks astral travel also blocks teleportation.
15	Scrying	A scrying spell creates an invisible magical sensor that sends you information. Unless noted otherwise, the sensor has the same powers of sensory acuity that you possess. This level of acuity includes any spells or effects that target you, but not spells or effects that emanate from you. However, the sensor is treated as a separate, independent sensory organ of yours, and thus it functions normally even if you have been blinded, deafened, or otherwise suffered sensory impairment. Any creature with an Intelligence score of 12 or higher can notice the sensor by making a DC 20 Intelligence check. The sensor can be dispelled as if it were an active spell. Lead sheeting or magical protection blocks a scrying spell, and you sense that the spell is so blocked.
16	Charm	A charm spell changes how the subject views you, typically making it see you as a good friend.
17	Compulsion	A compulsion spell forces the subject to act in some manner or changes the way her mind works. Some compulsion spells determine the subject's actions or the effects on the subject, some compulsion spells allow you to determine the subject's actions when you cast the spell, and others give you ongoing control over the subject.
18	Figment	A figment spell creates a false sensation. Those who perceive the figment perceive the same thing, not their own slightly different versions of the figment. (It is not a personalized mental impression.) Figments cannot make something seem to be something else. A figment that includes audible effects cannot duplicate intelligible speech unless the spell description specifically says it can. If intelligible speech is possible, it must be in a language you can speak. If you try to duplicate a language you cannot speak, the image produces gibberish. Likewise, you cannot make a visual copy of something unless you know what it looks like. Because figments and glamers (see below) are unreal, they cannot produce real effects the way that other types of illusions can. They cannot cause damage to objects or creatures, support weight, provide nutrition, or provide protection from the elements. Consequently, these spells are useful for confounding or delaying foes, but useless for attacking them directly. A figment's AC is equal to 10 + its size modifier.
19	Glamer	A glamer spell changes a subject's sensory qualities, making it look, feel, taste, smell, or sound like something else, or even seem to disappear.
20	Pattern	Like a figment, a pattern spell creates an image that others can see, but a pattern also affects the minds of those who see it or are caught in it. All patterns are mind-affecting spells.
21	Phantasm	A phantasm spell creates a mental image that usually only the caster and the subject (or subjects) of the spell can perceive. This impression is totally in the minds of the subjects. It is a personalized mental impression. (It's all in their heads and not a fake picture or something that they actually see.) Third parties viewing or studying the scene don't notice the phantasm. All phantasms are mind-affecting spells.
22	Shadow	A shadow spell creates something that is partially real from extradimensional energy. Such illusions can have real effects. Damage dealt by a shadow illusion is real.
\.


--
-- TOC entry 5910 (class 0 OID 562503)
-- Dependencies: 322
-- Data for Name: spell_magicsubschool; Type: TABLE DATA; Schema: public; Owner: dnd_app_admin
--

COPY public.spell_magicsubschool (magicschool_ptr_id) FROM stdin;
10
11
12
13
14
15
16
17
18
19
20
21
22
\.


--
-- TOC entry 5912 (class 0 OID 562509)
-- Dependencies: 324
-- Data for Name: spell_spell; Type: TABLE DATA; Schema: public; Owner: dnd_app_admin
--

COPY public.spell_spell (id, name, description, link, target, effect, area, duration, saving_throw, spell_resistance, casting_time_id, school_id, source_id, range_id, subschool_id) FROM stdin;
1	Divine Power	Calling upon the divine power of your patron, you imbue yourself with strength and skill in combat. Your base attack bonus becomes equal to your character level (which may give you additional attacks), you gain a +6 enhancement bonus to Strength, and you gain 1 temporary hit point per caster level.	https://www.d20srd.org/srd/spells/divinePower.htm	You	\N	\N	1 round/level	\N	f	5	5	1	1	\N
2	Shatter	Shatter creates a loud, ringing noise that breaks brittle, nonmagical objects; sunders a single solid, nonmagical object; or damages a crystalline creature.\r\n\r\nUsed as an area attack, shatter destroys nonmagical objects of crystal, glass, ceramic, or porcelain. All such objects within a 5-foot radius of the point of origin are smashed into dozens of pieces by the spell. Objects weighing more than 1 pound per your level are not affected, but all other objects of the appropriate composition are shattered.\r\n\r\nAlternatively, you can target shatter against a single solid object, regardless of composition, weighing up to 10 pounds per caster level. Targeted against a crystalline creature (of any weight), shatter deals 1d6 points of sonic damage per caster level (maximum 10d6), with a Fortitude save for half damage.\r\n\r\nArcane Material Component\r\nA chip of mica.	https://www.d20srd.org/srd/spells/shatter.htm	5-ft.-radius spread; or one solid object or one cr	\N	5-ft.-radius spread; or one solid object or one cr	Instantaneous	Will negates (object); Will negates (object) or Fortitude half; see text	t	5	5	\N	3	\N
3	Resist Energy	This abjuration grants a creature limited protection from damage of whichever one of five energy types you select: acid, cold, electricity, fire, or sonic. The subject gains energy resistance 10 against the energy type chosen, meaning that each time the creature is subjected to such damage (whether from a natural or magical source), that damage is reduced by 10 points before being applied to the creatures hit points. The value of the energy resistance granted increases to 20 points at 7th level and to a maximum of 30 points at 11th level. The spell protects the recipients equipment as well.\r\n\r\nResist energy absorbs only damage. The subject could still suffer unfortunate side effects.\r\n\r\nNote: Resist energy overlaps (and does not stack with) protection from energy. If a character is warded by protection from energy and resist energy, the protection spell absorbs damage until its power is exhausted.	https://www.d20srd.org/srd/spells/resistEnergy.htm	Creature touched	\N	\N	10 min./level	Fortitude negates (harmless)	t	5	1	1	2	\N
4	Gaseous Form	The subject and all its gear become insubstantial, misty, and translucent. Its material armor (including natural armor) becomes worthless, though its size, Dexterity, deflection bonuses, and armor bonuses from force effects still apply. The subject gains damage reduction 10/magic and becomes immune to poison and critical hits. It cant attack or cast spells with verbal, somatic, material, or focus components while in gaseous form. (This does not rule out the use of certain spells that the subject may have prepared using the feats Silent Spell, Still Spell, and Eschew Materials.) The subject also loses supernatural abilities while in gaseous form. If it has a touch spell ready to use, that spell is discharged harmlessly when the gaseous form spell takes effect.\r\n\r\nA gaseous creature cant run, but it can fly at a speed of 10 feet (maneuverability perfect). It can pass through small holes or narrow openings, even mere cracks, with all it was wearing or holding in its hands, as long as the spell persists. The creature is subject to the effects of wind, and it cant enter water or other liquid. It also cant manipulate objects or activate items, even those carried along with its gaseous form. Continuously active items remain active, though in some cases their effects may be moot.\r\n\r\nArcane Material Component\r\nA bit of gauze and a wisp of smoke.	https://www.d20srd.org/srd/spells/gaseousForm.htm	Willing corporeal creature touched	\N	\N	2 min./level (D)	\N	f	5	8	1	2	\N
5	Continual Flame	A flame, equivalent in brightness to a torch, springs forth from an object that you touch. The effect looks like a regular flame, but it creates no heat and doesnt use oxygen. A continual flame can be covered and hidden but not smothered or quenched.\r\n\r\nLight spells counter and dispel darkness spells of an equal or lower level.\r\n\r\nMaterial Component\r\nYou sprinkle ruby dust (worth 50 gp) on the item that is to carry the flame.	https://www.d20srd.org/srd/spells/continualFlame.htm	Object touched	Magical, heatless flame	\N	Permanent	\N	f	5	5	1	2	\N
\.


--
-- TOC entry 5905 (class 0 OID 562472)
-- Dependencies: 317
-- Data for Name: spell_spellcomponent; Type: TABLE DATA; Schema: public; Owner: dnd_app_admin
--

COPY public.spell_spellcomponent (id, name, short_name, description) FROM stdin;
1	Verbal	V	A verbal component is a spoken incantation. To provide a verbal component, you must be able to speak in a strong voice. A silence spell or a gag spoils the incantation (and thus the spell). A spellcaster who has been deafened has a 20% chance to spoil any spell with a verbal component that he or she tries to cast.
2	Somatic	S	A somatic component is a measured and precise movement of the hand. You must have at least one hand free to provide a somatic component.
3	Material	M	A material component is one or more physical substances or objects that are annihilated by the spell energies in the casting process. Unless a cost is given for a material component, the cost is negligible. Don't bother to keep track of material components with negligible cost. Assume you have all you need as long as you have your spell component pouch.
4	Focus	F	A focus component is a prop of some sort. Unlike a material component, a focus is not consumed when the spell is cast and can be reused. As with material components, the cost for a focus is negligible unless a price is given. Assume that focus components of negligible cost are in your spell component pouch.
5	Divine Focus	DF	A divine focus component is an item of spiritual significance. The divine focus for a cleric or a paladin is a holy symbol appropriate to the character's faith. If the Components line includes F/DF or M/DF, the arcane version of the spell has a focus component or a material component (the abbreviation before the slash) and the divine version has a divine focus component (the abbreviation after the slash).
6	XP Cost	XP	Some powerful spells entail an experience point cost to you. No spell can restore the XP lost in this manner. You cannot spend so much XP that you lose a level, so you cannot cast the spell unless you have enough XP to spare. However, you may, on gaining enough XP to attain a new level, use those XP for casting a spell rather than keeping them and advancing a level. The XP are treated just like a material componentexpended when you cast the spell, whether or not the casting succeeds.
\.


--
-- TOC entry 5907 (class 0 OID 562484)
-- Dependencies: 319
-- Data for Name: spell_spelldescriptor; Type: TABLE DATA; Schema: public; Owner: dnd_app_admin
--

COPY public.spell_spelldescriptor (id, name, description) FROM stdin;
1	Acid	
2	Air	
3	Chaotic	
4	Cold	
5	Darkness	
6	Death	
7	Earth	
8	Electricity	
9	Evil	
10	Fear	
11	Fire	
12	Force	
13	Good	
14	Language-Dependent	A language-dependent spell uses intelligible language as a medium for communication. If the target cannot understand or cannot hear what the caster of a language-dependant spell says the spell fails.
15	Lawful	
16	Light	
17	Mind-Affecting	A mind-affecting spell works only against creatures with an Intelligence score of 1 or higher.
18	Sonic	
19	Water	
\.


--
-- TOC entry 5914 (class 0 OID 562519)
-- Dependencies: 326
-- Data for Name: spell_spelllevel; Type: TABLE DATA; Schema: public; Owner: dnd_app_admin
--

COPY public.spell_spelllevel (id, level, character_class_id, spell_id) FROM stdin;
1	4	1	1
2	2	1	2
3	2	2	2
4	2	1	3
5	3	2	4
6	3	1	5
\.


--
-- TOC entry 5909 (class 0 OID 562494)
-- Dependencies: 321
-- Data for Name: spell_spellrange; Type: TABLE DATA; Schema: public; Owner: dnd_app_admin
--

COPY public.spell_spellrange (id, name, description) FROM stdin;
1	Personal	The spell affects only you.
2	Touch	You must touch a creature or object to affect it. A touch spell that deals damage can score a critical hit just as a weapon can. A touch spell threatens a critical hit on a natural roll of 20 and deals double damage on a successful critical hit. Some touch spells allow you to touch multiple targets. You can touch as many willing targets as you can reach as part of the casting, but all targets of the spell must be touched in the same round that you finish casting the spell.
3	Close	The spell reaches as far as 25 feet away from you. The maximum range increases by 5 feet for every two full caster levels.
4	Medium	The spell reaches as far as 100 feet + 10 feet per caster level.
5	Long	The spell reaches as far as 400 feet + 40 feet per caster level.
6	Unlimited	The spell reaches anywhere on the same plane of existence.
7	Specific Range (60ft)	Some spells have no standard range category, just a range expressed in feet.
\.


--
-- TOC entry 5916 (class 0 OID 562530)
-- Dependencies: 328
-- Data for Name: spell_spellspellcomponent; Type: TABLE DATA; Schema: public; Owner: dnd_app_admin
--

COPY public.spell_spellspellcomponent (id, component_id, spell_id) FROM stdin;
1	1	1
2	2	1
3	5	1
4	1	2
5	2	2
6	3	2
7	5	2
8	1	3
9	2	3
10	5	3
11	2	4
12	3	4
13	5	4
14	1	5
15	2	5
16	3	5
\.


--
-- TOC entry 5918 (class 0 OID 562536)
-- Dependencies: 330
-- Data for Name: spell_spellspelldescriptor; Type: TABLE DATA; Schema: public; Owner: dnd_app_admin
--

COPY public.spell_spellspelldescriptor (id, descriptor_id, spell_id) FROM stdin;
1	18	2
2	16	5
\.


--
-- TOC entry 5977 (class 0 OID 0)
-- Dependencies: 223
-- Name: auth_group_id_seq; Type: SEQUENCE SET; Schema: public; Owner: dnd_app_admin
--

SELECT pg_catalog.setval('public.auth_group_id_seq', 1, false);


--
-- TOC entry 5978 (class 0 OID 0)
-- Dependencies: 225
-- Name: auth_group_permissions_id_seq; Type: SEQUENCE SET; Schema: public; Owner: dnd_app_admin
--

SELECT pg_catalog.setval('public.auth_group_permissions_id_seq', 1, false);


--
-- TOC entry 5979 (class 0 OID 0)
-- Dependencies: 221
-- Name: auth_permission_id_seq; Type: SEQUENCE SET; Schema: public; Owner: dnd_app_admin
--

SELECT pg_catalog.setval('public.auth_permission_id_seq', 328, true);


--
-- TOC entry 5980 (class 0 OID 0)
-- Dependencies: 229
-- Name: auth_user_groups_id_seq; Type: SEQUENCE SET; Schema: public; Owner: dnd_app_admin
--

SELECT pg_catalog.setval('public.auth_user_groups_id_seq', 1, false);


--
-- TOC entry 5981 (class 0 OID 0)
-- Dependencies: 227
-- Name: auth_user_id_seq; Type: SEQUENCE SET; Schema: public; Owner: dnd_app_admin
--

SELECT pg_catalog.setval('public.auth_user_id_seq', 1, true);


--
-- TOC entry 5982 (class 0 OID 0)
-- Dependencies: 231
-- Name: auth_user_user_permissions_id_seq; Type: SEQUENCE SET; Schema: public; Owner: dnd_app_admin
--

SELECT pg_catalog.setval('public.auth_user_user_permissions_id_seq', 1, false);


--
-- TOC entry 5983 (class 0 OID 0)
-- Dependencies: 381
-- Name: character_character_id_seq; Type: SEQUENCE SET; Schema: public; Owner: dnd_app_admin
--

SELECT pg_catalog.setval('public.character_character_id_seq', 2, true);


--
-- TOC entry 5984 (class 0 OID 0)
-- Dependencies: 365
-- Name: character_characterabilityscore_id_seq; Type: SEQUENCE SET; Schema: public; Owner: dnd_app_admin
--

SELECT pg_catalog.setval('public.character_characterabilityscore_id_seq', 12, true);


--
-- TOC entry 5985 (class 0 OID 0)
-- Dependencies: 367
-- Name: character_charactercharacterclass_id_seq; Type: SEQUENCE SET; Schema: public; Owner: dnd_app_admin
--

SELECT pg_catalog.setval('public.character_charactercharacterclass_id_seq', 2, true);


--
-- TOC entry 5986 (class 0 OID 0)
-- Dependencies: 369
-- Name: character_characterfeat_id_seq; Type: SEQUENCE SET; Schema: public; Owner: dnd_app_admin
--

SELECT pg_catalog.setval('public.character_characterfeat_id_seq', 1, false);


--
-- TOC entry 5987 (class 0 OID 0)
-- Dependencies: 371
-- Name: character_characterinventory_id_seq; Type: SEQUENCE SET; Schema: public; Owner: dnd_app_admin
--

SELECT pg_catalog.setval('public.character_characterinventory_id_seq', 1, false);


--
-- TOC entry 5988 (class 0 OID 0)
-- Dependencies: 373
-- Name: character_characterlanguage_id_seq; Type: SEQUENCE SET; Schema: public; Owner: dnd_app_admin
--

SELECT pg_catalog.setval('public.character_characterlanguage_id_seq', 4, true);


--
-- TOC entry 5989 (class 0 OID 0)
-- Dependencies: 375
-- Name: character_characterskill_id_seq; Type: SEQUENCE SET; Schema: public; Owner: dnd_app_admin
--

SELECT pg_catalog.setval('public.character_characterskill_id_seq', 43, true);


--
-- TOC entry 5990 (class 0 OID 0)
-- Dependencies: 265
-- Name: character_class_babprogression_id_seq; Type: SEQUENCE SET; Schema: public; Owner: dnd_app_admin
--

SELECT pg_catalog.setval('public.character_class_babprogression_id_seq', 3, true);


--
-- TOC entry 5991 (class 0 OID 0)
-- Dependencies: 273
-- Name: character_class_bsbprogression_id_seq; Type: SEQUENCE SET; Schema: public; Owner: dnd_app_admin
--

SELECT pg_catalog.setval('public.character_class_bsbprogression_id_seq', 6, true);


--
-- TOC entry 5992 (class 0 OID 0)
-- Dependencies: 267
-- Name: character_class_characterclass_id_seq; Type: SEQUENCE SET; Schema: public; Owner: dnd_app_admin
--

SELECT pg_catalog.setval('public.character_class_characterclass_id_seq', 5, true);


--
-- TOC entry 5993 (class 0 OID 0)
-- Dependencies: 276
-- Name: character_class_classalignment_id_seq; Type: SEQUENCE SET; Schema: public; Owner: dnd_app_admin
--

SELECT pg_catalog.setval('public.character_class_classalignment_id_seq', 33, true);


--
-- TOC entry 5994 (class 0 OID 0)
-- Dependencies: 278
-- Name: character_class_classbonuslanguage_id_seq; Type: SEQUENCE SET; Schema: public; Owner: dnd_app_admin
--

SELECT pg_catalog.setval('public.character_class_classbonuslanguage_id_seq', 1, false);


--
-- TOC entry 5995 (class 0 OID 0)
-- Dependencies: 280
-- Name: character_class_classbsbprogression_id_seq; Type: SEQUENCE SET; Schema: public; Owner: dnd_app_admin
--

SELECT pg_catalog.setval('public.character_class_classbsbprogression_id_seq', 12, true);


--
-- TOC entry 5996 (class 0 OID 0)
-- Dependencies: 282
-- Name: character_class_classskill_id_seq; Type: SEQUENCE SET; Schema: public; Owner: dnd_app_admin
--

SELECT pg_catalog.setval('public.character_class_classskill_id_seq', 51, true);


--
-- TOC entry 5997 (class 0 OID 0)
-- Dependencies: 284
-- Name: character_class_classtrait_id_seq; Type: SEQUENCE SET; Schema: public; Owner: dnd_app_admin
--

SELECT pg_catalog.setval('public.character_class_classtrait_id_seq', 27, true);


--
-- TOC entry 5998 (class 0 OID 0)
-- Dependencies: 286
-- Name: character_class_prestigeclassfeatrequirement_id_seq; Type: SEQUENCE SET; Schema: public; Owner: dnd_app_admin
--

SELECT pg_catalog.setval('public.character_class_prestigeclassfeatrequirement_id_seq', 3, true);


--
-- TOC entry 5999 (class 0 OID 0)
-- Dependencies: 288
-- Name: character_class_prestigeclasslanguagerequirement_id_seq; Type: SEQUENCE SET; Schema: public; Owner: dnd_app_admin
--

SELECT pg_catalog.setval('public.character_class_prestigeclasslanguagerequirement_id_seq', 1, false);


--
-- TOC entry 6000 (class 0 OID 0)
-- Dependencies: 269
-- Name: character_class_prestigeclassracerequirement_id_seq; Type: SEQUENCE SET; Schema: public; Owner: dnd_app_admin
--

SELECT pg_catalog.setval('public.character_class_prestigeclassracerequirement_id_seq', 1, false);


--
-- TOC entry 6001 (class 0 OID 0)
-- Dependencies: 271
-- Name: character_class_prestigeclassskillrankrequirement_id_seq; Type: SEQUENCE SET; Schema: public; Owner: dnd_app_admin
--

SELECT pg_catalog.setval('public.character_class_prestigeclassskillrankrequirement_id_seq', 1, false);


--
-- TOC entry 6002 (class 0 OID 0)
-- Dependencies: 377
-- Name: character_inventory_id_seq; Type: SEQUENCE SET; Schema: public; Owner: dnd_app_admin
--

SELECT pg_catalog.setval('public.character_inventory_id_seq', 1, false);


--
-- TOC entry 6003 (class 0 OID 0)
-- Dependencies: 379
-- Name: character_inventoryitem_id_seq; Type: SEQUENCE SET; Schema: public; Owner: dnd_app_admin
--

SELECT pg_catalog.setval('public.character_inventoryitem_id_seq', 1, false);


--
-- TOC entry 6004 (class 0 OID 0)
-- Dependencies: 235
-- Name: common_ability_id_seq; Type: SEQUENCE SET; Schema: public; Owner: dnd_app_admin
--

SELECT pg_catalog.setval('public.common_ability_id_seq', 6, true);


--
-- TOC entry 6005 (class 0 OID 0)
-- Dependencies: 237
-- Name: common_alignment_id_seq; Type: SEQUENCE SET; Schema: public; Owner: dnd_app_admin
--

SELECT pg_catalog.setval('public.common_alignment_id_seq', 9, true);


--
-- TOC entry 6006 (class 0 OID 0)
-- Dependencies: 239
-- Name: common_die_id_seq; Type: SEQUENCE SET; Schema: public; Owner: dnd_app_admin
--

SELECT pg_catalog.setval('public.common_die_id_seq', 8, true);


--
-- TOC entry 6007 (class 0 OID 0)
-- Dependencies: 241
-- Name: common_durationunit_id_seq; Type: SEQUENCE SET; Schema: public; Owner: dnd_app_admin
--

SELECT pg_catalog.setval('public.common_durationunit_id_seq', 8, true);


--
-- TOC entry 6008 (class 0 OID 0)
-- Dependencies: 247
-- Name: common_language_id_seq; Type: SEQUENCE SET; Schema: public; Owner: dnd_app_admin
--

SELECT pg_catalog.setval('public.common_language_id_seq', 21, true);


--
-- TOC entry 6009 (class 0 OID 0)
-- Dependencies: 243
-- Name: common_source_id_seq; Type: SEQUENCE SET; Schema: public; Owner: dnd_app_admin
--

SELECT pg_catalog.setval('public.common_source_id_seq', 1, true);


--
-- TOC entry 6010 (class 0 OID 0)
-- Dependencies: 249
-- Name: common_trait_id_seq; Type: SEQUENCE SET; Schema: public; Owner: dnd_app_admin
--

SELECT pg_catalog.setval('public.common_trait_id_seq', 158, true);


--
-- TOC entry 6011 (class 0 OID 0)
-- Dependencies: 245
-- Name: common_traitclassification_id_seq; Type: SEQUENCE SET; Schema: public; Owner: dnd_app_admin
--

SELECT pg_catalog.setval('public.common_traitclassification_id_seq', 17, true);


--
-- TOC entry 6012 (class 0 OID 0)
-- Dependencies: 233
-- Name: django_admin_log_id_seq; Type: SEQUENCE SET; Schema: public; Owner: dnd_app_admin
--

SELECT pg_catalog.setval('public.django_admin_log_id_seq', 40, true);


--
-- TOC entry 6013 (class 0 OID 0)
-- Dependencies: 219
-- Name: django_content_type_id_seq; Type: SEQUENCE SET; Schema: public; Owner: dnd_app_admin
--

SELECT pg_catalog.setval('public.django_content_type_id_seq', 82, true);


--
-- TOC entry 6014 (class 0 OID 0)
-- Dependencies: 217
-- Name: django_migrations_id_seq; Type: SEQUENCE SET; Schema: public; Owner: dnd_app_admin
--

SELECT pg_catalog.setval('public.django_migrations_id_seq', 29, true);


--
-- TOC entry 6015 (class 0 OID 0)
-- Dependencies: 255
-- Name: feat_feat_id_seq; Type: SEQUENCE SET; Schema: public; Owner: dnd_app_admin
--

SELECT pg_catalog.setval('public.feat_feat_id_seq', 4, true);


--
-- TOC entry 6016 (class 0 OID 0)
-- Dependencies: 257
-- Name: feat_featabilityprerequisite_id_seq; Type: SEQUENCE SET; Schema: public; Owner: dnd_app_admin
--

SELECT pg_catalog.setval('public.feat_featabilityprerequisite_id_seq', 1, false);


--
-- TOC entry 6017 (class 0 OID 0)
-- Dependencies: 259
-- Name: feat_featfeatprerequisite_id_seq; Type: SEQUENCE SET; Schema: public; Owner: dnd_app_admin
--

SELECT pg_catalog.setval('public.feat_featfeatprerequisite_id_seq', 1, true);


--
-- TOC entry 6018 (class 0 OID 0)
-- Dependencies: 261
-- Name: feat_featskillprerequisite_id_seq; Type: SEQUENCE SET; Schema: public; Owner: dnd_app_admin
--

SELECT pg_catalog.setval('public.feat_featskillprerequisite_id_seq', 1, false);


--
-- TOC entry 6019 (class 0 OID 0)
-- Dependencies: 263
-- Name: feat_feattypeoffeat_id_seq; Type: SEQUENCE SET; Schema: public; Owner: dnd_app_admin
--

SELECT pg_catalog.setval('public.feat_feattypeoffeat_id_seq', 7, true);


--
-- TOC entry 6020 (class 0 OID 0)
-- Dependencies: 253
-- Name: feat_typeoffeat_id_seq; Type: SEQUENCE SET; Schema: public; Owner: dnd_app_admin
--

SELECT pg_catalog.setval('public.feat_typeoffeat_id_seq', 4, true);


--
-- TOC entry 6021 (class 0 OID 0)
-- Dependencies: 357
-- Name: item_armorarmormagicability_id_seq; Type: SEQUENCE SET; Schema: public; Owner: dnd_app_admin
--

SELECT pg_catalog.setval('public.item_armorarmormagicability_id_seq', 1, true);


--
-- TOC entry 6022 (class 0 OID 0)
-- Dependencies: 343
-- Name: item_armormagicability_id_seq; Type: SEQUENCE SET; Schema: public; Owner: dnd_app_admin
--

SELECT pg_catalog.setval('public.item_armormagicability_id_seq', 1, true);


--
-- TOC entry 6023 (class 0 OID 0)
-- Dependencies: 345
-- Name: item_armormagicabilityfeat_id_seq; Type: SEQUENCE SET; Schema: public; Owner: dnd_app_admin
--

SELECT pg_catalog.setval('public.item_armormagicabilityfeat_id_seq', 1, true);


--
-- TOC entry 6024 (class 0 OID 0)
-- Dependencies: 347
-- Name: item_armormagicabilityspell_id_seq; Type: SEQUENCE SET; Schema: public; Owner: dnd_app_admin
--

SELECT pg_catalog.setval('public.item_armormagicabilityspell_id_seq', 1, true);


--
-- TOC entry 6025 (class 0 OID 0)
-- Dependencies: 333
-- Name: item_armortype_id_seq; Type: SEQUENCE SET; Schema: public; Owner: dnd_app_admin
--

SELECT pg_catalog.setval('public.item_armortype_id_seq', 4, true);


--
-- TOC entry 6026 (class 0 OID 0)
-- Dependencies: 331
-- Name: item_item_id_seq; Type: SEQUENCE SET; Schema: public; Owner: dnd_app_admin
--

SELECT pg_catalog.setval('public.item_item_id_seq', 8, true);


--
-- TOC entry 6027 (class 0 OID 0)
-- Dependencies: 335
-- Name: item_itemcategory_id_seq; Type: SEQUENCE SET; Schema: public; Owner: dnd_app_admin
--

SELECT pg_catalog.setval('public.item_itemcategory_id_seq', 11, true);


--
-- TOC entry 6028 (class 0 OID 0)
-- Dependencies: 349
-- Name: item_specialmaterial_id_seq; Type: SEQUENCE SET; Schema: public; Owner: dnd_app_admin
--

SELECT pg_catalog.setval('public.item_specialmaterial_id_seq', 6, true);


--
-- TOC entry 6029 (class 0 OID 0)
-- Dependencies: 337
-- Name: item_weaponcategory_id_seq; Type: SEQUENCE SET; Schema: public; Owner: dnd_app_admin
--

SELECT pg_catalog.setval('public.item_weaponcategory_id_seq', 13, true);


--
-- TOC entry 6030 (class 0 OID 0)
-- Dependencies: 339
-- Name: item_weapondamagetype_id_seq; Type: SEQUENCE SET; Schema: public; Owner: dnd_app_admin
--

SELECT pg_catalog.setval('public.item_weapondamagetype_id_seq', 6, true);


--
-- TOC entry 6031 (class 0 OID 0)
-- Dependencies: 351
-- Name: item_weaponmagicability_id_seq; Type: SEQUENCE SET; Schema: public; Owner: dnd_app_admin
--

SELECT pg_catalog.setval('public.item_weaponmagicability_id_seq', 1, true);


--
-- TOC entry 6032 (class 0 OID 0)
-- Dependencies: 353
-- Name: item_weaponmagicabilityfeat_id_seq; Type: SEQUENCE SET; Schema: public; Owner: dnd_app_admin
--

SELECT pg_catalog.setval('public.item_weaponmagicabilityfeat_id_seq', 1, true);


--
-- TOC entry 6033 (class 0 OID 0)
-- Dependencies: 355
-- Name: item_weaponmagicabilityspell_id_seq; Type: SEQUENCE SET; Schema: public; Owner: dnd_app_admin
--

SELECT pg_catalog.setval('public.item_weaponmagicabilityspell_id_seq', 2, true);


--
-- TOC entry 6034 (class 0 OID 0)
-- Dependencies: 363
-- Name: item_weaponweaponcategory_id_seq; Type: SEQUENCE SET; Schema: public; Owner: dnd_app_admin
--

SELECT pg_catalog.setval('public.item_weaponweaponcategory_id_seq', 8, true);


--
-- TOC entry 6035 (class 0 OID 0)
-- Dependencies: 361
-- Name: item_weaponweapondamagetype_id_seq; Type: SEQUENCE SET; Schema: public; Owner: dnd_app_admin
--

SELECT pg_catalog.setval('public.item_weaponweapondamagetype_id_seq', 1, false);


--
-- TOC entry 6036 (class 0 OID 0)
-- Dependencies: 359
-- Name: item_weaponweaponmagicability_id_seq; Type: SEQUENCE SET; Schema: public; Owner: dnd_app_admin
--

SELECT pg_catalog.setval('public.item_weaponweaponmagicability_id_seq', 1, true);


--
-- TOC entry 6037 (class 0 OID 0)
-- Dependencies: 292
-- Name: race_abilitymodifier_id_seq; Type: SEQUENCE SET; Schema: public; Owner: dnd_app_admin
--

SELECT pg_catalog.setval('public.race_abilitymodifier_id_seq', 72, true);


--
-- TOC entry 6038 (class 0 OID 0)
-- Dependencies: 294
-- Name: race_charactertype_id_seq; Type: SEQUENCE SET; Schema: public; Owner: dnd_app_admin
--

SELECT pg_catalog.setval('public.race_charactertype_id_seq', 3, true);


--
-- TOC entry 6039 (class 0 OID 0)
-- Dependencies: 296
-- Name: race_charactertypetrait_id_seq; Type: SEQUENCE SET; Schema: public; Owner: dnd_app_admin
--

SELECT pg_catalog.setval('public.race_charactertypetrait_id_seq', 12, true);


--
-- TOC entry 6040 (class 0 OID 0)
-- Dependencies: 298
-- Name: race_race_id_seq; Type: SEQUENCE SET; Schema: public; Owner: dnd_app_admin
--

SELECT pg_catalog.setval('public.race_race_id_seq', 2, true);


--
-- TOC entry 6041 (class 0 OID 0)
-- Dependencies: 300
-- Name: race_raceabilitymodifier_id_seq; Type: SEQUENCE SET; Schema: public; Owner: dnd_app_admin
--

SELECT pg_catalog.setval('public.race_raceabilitymodifier_id_seq', 3, true);


--
-- TOC entry 6042 (class 0 OID 0)
-- Dependencies: 302
-- Name: race_racefavoredclass_id_seq; Type: SEQUENCE SET; Schema: public; Owner: dnd_app_admin
--

SELECT pg_catalog.setval('public.race_racefavoredclass_id_seq', 2, true);


--
-- TOC entry 6043 (class 0 OID 0)
-- Dependencies: 304
-- Name: race_racelanguage_id_seq; Type: SEQUENCE SET; Schema: public; Owner: dnd_app_admin
--

SELECT pg_catalog.setval('public.race_racelanguage_id_seq', 11, true);


--
-- TOC entry 6044 (class 0 OID 0)
-- Dependencies: 306
-- Name: race_racetrait_id_seq; Type: SEQUENCE SET; Schema: public; Owner: dnd_app_admin
--

SELECT pg_catalog.setval('public.race_racetrait_id_seq', 6, true);


--
-- TOC entry 6045 (class 0 OID 0)
-- Dependencies: 308
-- Name: race_racetype_id_seq; Type: SEQUENCE SET; Schema: public; Owner: dnd_app_admin
--

SELECT pg_catalog.setval('public.race_racetype_id_seq', 3, true);


--
-- TOC entry 6046 (class 0 OID 0)
-- Dependencies: 290
-- Name: race_size_id_seq; Type: SEQUENCE SET; Schema: public; Owner: dnd_app_admin
--

SELECT pg_catalog.setval('public.race_size_id_seq', 9, true);


--
-- TOC entry 6047 (class 0 OID 0)
-- Dependencies: 251
-- Name: skill_skill_id_seq; Type: SEQUENCE SET; Schema: public; Owner: dnd_app_admin
--

SELECT pg_catalog.setval('public.skill_skill_id_seq', 63, true);


--
-- TOC entry 6048 (class 0 OID 0)
-- Dependencies: 310
-- Name: spell_castingtime_id_seq; Type: SEQUENCE SET; Schema: public; Owner: dnd_app_admin
--

SELECT pg_catalog.setval('public.spell_castingtime_id_seq', 10, true);


--
-- TOC entry 6049 (class 0 OID 0)
-- Dependencies: 312
-- Name: spell_magicaurastrength_id_seq; Type: SEQUENCE SET; Schema: public; Owner: dnd_app_admin
--

SELECT pg_catalog.setval('public.spell_magicaurastrength_id_seq', 4, true);


--
-- TOC entry 6050 (class 0 OID 0)
-- Dependencies: 314
-- Name: spell_magicschool_id_seq; Type: SEQUENCE SET; Schema: public; Owner: dnd_app_admin
--

SELECT pg_catalog.setval('public.spell_magicschool_id_seq', 22, true);


--
-- TOC entry 6051 (class 0 OID 0)
-- Dependencies: 323
-- Name: spell_spell_id_seq; Type: SEQUENCE SET; Schema: public; Owner: dnd_app_admin
--

SELECT pg_catalog.setval('public.spell_spell_id_seq', 5, true);


--
-- TOC entry 6052 (class 0 OID 0)
-- Dependencies: 316
-- Name: spell_spellcomponent_id_seq; Type: SEQUENCE SET; Schema: public; Owner: dnd_app_admin
--

SELECT pg_catalog.setval('public.spell_spellcomponent_id_seq', 6, true);


--
-- TOC entry 6053 (class 0 OID 0)
-- Dependencies: 318
-- Name: spell_spelldescriptor_id_seq; Type: SEQUENCE SET; Schema: public; Owner: dnd_app_admin
--

SELECT pg_catalog.setval('public.spell_spelldescriptor_id_seq', 19, true);


--
-- TOC entry 6054 (class 0 OID 0)
-- Dependencies: 325
-- Name: spell_spelllevel_id_seq; Type: SEQUENCE SET; Schema: public; Owner: dnd_app_admin
--

SELECT pg_catalog.setval('public.spell_spelllevel_id_seq', 6, true);


--
-- TOC entry 6055 (class 0 OID 0)
-- Dependencies: 320
-- Name: spell_spellrange_id_seq; Type: SEQUENCE SET; Schema: public; Owner: dnd_app_admin
--

SELECT pg_catalog.setval('public.spell_spellrange_id_seq', 7, true);


--
-- TOC entry 6056 (class 0 OID 0)
-- Dependencies: 327
-- Name: spell_spellspellcomponent_id_seq; Type: SEQUENCE SET; Schema: public; Owner: dnd_app_admin
--

SELECT pg_catalog.setval('public.spell_spellspellcomponent_id_seq', 16, true);


--
-- TOC entry 6057 (class 0 OID 0)
-- Dependencies: 329
-- Name: spell_spellspelldescriptor_id_seq; Type: SEQUENCE SET; Schema: public; Owner: dnd_app_admin
--

SELECT pg_catalog.setval('public.spell_spellspelldescriptor_id_seq', 2, true);


--
-- TOC entry 5077 (class 2606 OID 561832)
-- Name: auth_group auth_group_name_key; Type: CONSTRAINT; Schema: public; Owner: dnd_app_admin
--

ALTER TABLE ONLY public.auth_group
    ADD CONSTRAINT auth_group_name_key UNIQUE (name);


--
-- TOC entry 5082 (class 2606 OID 561763)
-- Name: auth_group_permissions auth_group_permissions_group_id_permission_id_0cd325b0_uniq; Type: CONSTRAINT; Schema: public; Owner: dnd_app_admin
--

ALTER TABLE ONLY public.auth_group_permissions
    ADD CONSTRAINT auth_group_permissions_group_id_permission_id_0cd325b0_uniq UNIQUE (group_id, permission_id);


--
-- TOC entry 5085 (class 2606 OID 561732)
-- Name: auth_group_permissions auth_group_permissions_pkey; Type: CONSTRAINT; Schema: public; Owner: dnd_app_admin
--

ALTER TABLE ONLY public.auth_group_permissions
    ADD CONSTRAINT auth_group_permissions_pkey PRIMARY KEY (id);


--
-- TOC entry 5079 (class 2606 OID 561724)
-- Name: auth_group auth_group_pkey; Type: CONSTRAINT; Schema: public; Owner: dnd_app_admin
--

ALTER TABLE ONLY public.auth_group
    ADD CONSTRAINT auth_group_pkey PRIMARY KEY (id);


--
-- TOC entry 5072 (class 2606 OID 561754)
-- Name: auth_permission auth_permission_content_type_id_codename_01ab375a_uniq; Type: CONSTRAINT; Schema: public; Owner: dnd_app_admin
--

ALTER TABLE ONLY public.auth_permission
    ADD CONSTRAINT auth_permission_content_type_id_codename_01ab375a_uniq UNIQUE (content_type_id, codename);


--
-- TOC entry 5074 (class 2606 OID 561718)
-- Name: auth_permission auth_permission_pkey; Type: CONSTRAINT; Schema: public; Owner: dnd_app_admin
--

ALTER TABLE ONLY public.auth_permission
    ADD CONSTRAINT auth_permission_pkey PRIMARY KEY (id);


--
-- TOC entry 5093 (class 2606 OID 561746)
-- Name: auth_user_groups auth_user_groups_pkey; Type: CONSTRAINT; Schema: public; Owner: dnd_app_admin
--

ALTER TABLE ONLY public.auth_user_groups
    ADD CONSTRAINT auth_user_groups_pkey PRIMARY KEY (id);


--
-- TOC entry 5096 (class 2606 OID 561778)
-- Name: auth_user_groups auth_user_groups_user_id_group_id_94350c0c_uniq; Type: CONSTRAINT; Schema: public; Owner: dnd_app_admin
--

ALTER TABLE ONLY public.auth_user_groups
    ADD CONSTRAINT auth_user_groups_user_id_group_id_94350c0c_uniq UNIQUE (user_id, group_id);


--
-- TOC entry 5087 (class 2606 OID 561738)
-- Name: auth_user auth_user_pkey; Type: CONSTRAINT; Schema: public; Owner: dnd_app_admin
--

ALTER TABLE ONLY public.auth_user
    ADD CONSTRAINT auth_user_pkey PRIMARY KEY (id);


--
-- TOC entry 5099 (class 2606 OID 561752)
-- Name: auth_user_user_permissions auth_user_user_permissions_pkey; Type: CONSTRAINT; Schema: public; Owner: dnd_app_admin
--

ALTER TABLE ONLY public.auth_user_user_permissions
    ADD CONSTRAINT auth_user_user_permissions_pkey PRIMARY KEY (id);


--
-- TOC entry 5102 (class 2606 OID 561792)
-- Name: auth_user_user_permissions auth_user_user_permissions_user_id_permission_id_14a6b632_uniq; Type: CONSTRAINT; Schema: public; Owner: dnd_app_admin
--

ALTER TABLE ONLY public.auth_user_user_permissions
    ADD CONSTRAINT auth_user_user_permissions_user_id_permission_id_14a6b632_uniq UNIQUE (user_id, permission_id);


--
-- TOC entry 5090 (class 2606 OID 561827)
-- Name: auth_user auth_user_username_key; Type: CONSTRAINT; Schema: public; Owner: dnd_app_admin
--

ALTER TABLE ONLY public.auth_user
    ADD CONSTRAINT auth_user_username_key UNIQUE (username);


--
-- TOC entry 5534 (class 2606 OID 563082)
-- Name: character_character character_character_pkey; Type: CONSTRAINT; Schema: public; Owner: dnd_app_admin
--

ALTER TABLE ONLY public.character_character
    ADD CONSTRAINT character_character_pkey PRIMARY KEY (id);


--
-- TOC entry 5496 (class 2606 OID 563166)
-- Name: character_characterabilityscore character_characterabili_character_id_ability_id_8fafcccb_uniq; Type: CONSTRAINT; Schema: public; Owner: dnd_app_admin
--

ALTER TABLE ONLY public.character_characterabilityscore
    ADD CONSTRAINT character_characterabili_character_id_ability_id_8fafcccb_uniq UNIQUE (character_id, ability_id);


--
-- TOC entry 5500 (class 2606 OID 563032)
-- Name: character_characterabilityscore character_characterabilityscore_pkey; Type: CONSTRAINT; Schema: public; Owner: dnd_app_admin
--

ALTER TABLE ONLY public.character_characterabilityscore
    ADD CONSTRAINT character_characterabilityscore_pkey PRIMARY KEY (id);


--
-- TOC entry 5502 (class 2606 OID 563168)
-- Name: character_charactercharacterclass character_characterchara_character_id_character_c_c8c337d0_uniq; Type: CONSTRAINT; Schema: public; Owner: dnd_app_admin
--

ALTER TABLE ONLY public.character_charactercharacterclass
    ADD CONSTRAINT character_characterchara_character_id_character_c_c8c337d0_uniq UNIQUE (character_id, character_class_id);


--
-- TOC entry 5506 (class 2606 OID 563038)
-- Name: character_charactercharacterclass character_charactercharacterclass_pkey; Type: CONSTRAINT; Schema: public; Owner: dnd_app_admin
--

ALTER TABLE ONLY public.character_charactercharacterclass
    ADD CONSTRAINT character_charactercharacterclass_pkey PRIMARY KEY (id);


--
-- TOC entry 5510 (class 2606 OID 563044)
-- Name: character_characterfeat character_characterfeat_pkey; Type: CONSTRAINT; Schema: public; Owner: dnd_app_admin
--

ALTER TABLE ONLY public.character_characterfeat
    ADD CONSTRAINT character_characterfeat_pkey PRIMARY KEY (id);


--
-- TOC entry 5514 (class 2606 OID 563050)
-- Name: character_characterinventory character_characterinventory_pkey; Type: CONSTRAINT; Schema: public; Owner: dnd_app_admin
--

ALTER TABLE ONLY public.character_characterinventory
    ADD CONSTRAINT character_characterinventory_pkey PRIMARY KEY (id);


--
-- TOC entry 5518 (class 2606 OID 563056)
-- Name: character_characterlanguage character_characterlanguage_pkey; Type: CONSTRAINT; Schema: public; Owner: dnd_app_admin
--

ALTER TABLE ONLY public.character_characterlanguage
    ADD CONSTRAINT character_characterlanguage_pkey PRIMARY KEY (id);


--
-- TOC entry 5521 (class 2606 OID 563062)
-- Name: character_characterskill character_characterskill_pkey; Type: CONSTRAINT; Schema: public; Owner: dnd_app_admin
--

ALTER TABLE ONLY public.character_characterskill
    ADD CONSTRAINT character_characterskill_pkey PRIMARY KEY (id);


--
-- TOC entry 5199 (class 2606 OID 562072)
-- Name: character_class_babprogression character_class_babprogression_attack_bonus_table_key; Type: CONSTRAINT; Schema: public; Owner: dnd_app_admin
--

ALTER TABLE ONLY public.character_class_babprogression
    ADD CONSTRAINT character_class_babprogression_attack_bonus_table_key UNIQUE (attack_bonus_table);


--
-- TOC entry 5201 (class 2606 OID 562070)
-- Name: character_class_babprogression character_class_babprogression_pkey; Type: CONSTRAINT; Schema: public; Owner: dnd_app_admin
--

ALTER TABLE ONLY public.character_class_babprogression
    ADD CONSTRAINT character_class_babprogression_pkey PRIMARY KEY (id);


--
-- TOC entry 5223 (class 2606 OID 562984)
-- Name: character_class_bsbprogression character_class_bsbprogr_ability_id_save_bonus_ta_3fa6f243_uniq; Type: CONSTRAINT; Schema: public; Owner: dnd_app_admin
--

ALTER TABLE ONLY public.character_class_bsbprogression
    ADD CONSTRAINT character_class_bsbprogr_ability_id_save_bonus_ta_3fa6f243_uniq UNIQUE (ability_id, save_bonus_table);


--
-- TOC entry 5226 (class 2606 OID 562102)
-- Name: character_class_bsbprogression character_class_bsbprogression_pkey; Type: CONSTRAINT; Schema: public; Owner: dnd_app_admin
--

ALTER TABLE ONLY public.character_class_bsbprogression
    ADD CONSTRAINT character_class_bsbprogression_pkey PRIMARY KEY (id);


--
-- TOC entry 5206 (class 2606 OID 562082)
-- Name: character_class_characterclass character_class_characterclass_name_key; Type: CONSTRAINT; Schema: public; Owner: dnd_app_admin
--

ALTER TABLE ONLY public.character_class_characterclass
    ADD CONSTRAINT character_class_characterclass_name_key UNIQUE (name);


--
-- TOC entry 5208 (class 2606 OID 562080)
-- Name: character_class_characterclass character_class_characterclass_pkey; Type: CONSTRAINT; Schema: public; Owner: dnd_app_admin
--

ALTER TABLE ONLY public.character_class_characterclass
    ADD CONSTRAINT character_class_characterclass_pkey PRIMARY KEY (id);


--
-- TOC entry 5230 (class 2606 OID 563006)
-- Name: character_class_classalignment character_class_classali_character_class_id_align_0bbd1d47_uniq; Type: CONSTRAINT; Schema: public; Owner: dnd_app_admin
--

ALTER TABLE ONLY public.character_class_classalignment
    ADD CONSTRAINT character_class_classali_character_class_id_align_0bbd1d47_uniq UNIQUE (character_class_id, alignment_id);


--
-- TOC entry 5234 (class 2606 OID 562115)
-- Name: character_class_classalignment character_class_classalignment_pkey; Type: CONSTRAINT; Schema: public; Owner: dnd_app_admin
--

ALTER TABLE ONLY public.character_class_classalignment
    ADD CONSTRAINT character_class_classalignment_pkey PRIMARY KEY (id);


--
-- TOC entry 5236 (class 2606 OID 563008)
-- Name: character_class_classbonuslanguage character_class_classbon_character_class_id_langu_e27a36f0_uniq; Type: CONSTRAINT; Schema: public; Owner: dnd_app_admin
--

ALTER TABLE ONLY public.character_class_classbonuslanguage
    ADD CONSTRAINT character_class_classbon_character_class_id_langu_e27a36f0_uniq UNIQUE (character_class_id, language_id);


--
-- TOC entry 5240 (class 2606 OID 562121)
-- Name: character_class_classbonuslanguage character_class_classbonuslanguage_pkey; Type: CONSTRAINT; Schema: public; Owner: dnd_app_admin
--

ALTER TABLE ONLY public.character_class_classbonuslanguage
    ADD CONSTRAINT character_class_classbonuslanguage_pkey PRIMARY KEY (id);


--
-- TOC entry 5242 (class 2606 OID 563010)
-- Name: character_class_classbsbprogression character_class_classbsb_character_class_id_bsb_p_ee3b2fa8_uniq; Type: CONSTRAINT; Schema: public; Owner: dnd_app_admin
--

ALTER TABLE ONLY public.character_class_classbsbprogression
    ADD CONSTRAINT character_class_classbsb_character_class_id_bsb_p_ee3b2fa8_uniq UNIQUE (character_class_id, bsb_progression_id);


--
-- TOC entry 5246 (class 2606 OID 562127)
-- Name: character_class_classbsbprogression character_class_classbsbprogression_pkey; Type: CONSTRAINT; Schema: public; Owner: dnd_app_admin
--

ALTER TABLE ONLY public.character_class_classbsbprogression
    ADD CONSTRAINT character_class_classbsbprogression_pkey PRIMARY KEY (id);


--
-- TOC entry 5248 (class 2606 OID 563012)
-- Name: character_class_classskill character_class_classski_character_class_id_skill_d549011f_uniq; Type: CONSTRAINT; Schema: public; Owner: dnd_app_admin
--

ALTER TABLE ONLY public.character_class_classskill
    ADD CONSTRAINT character_class_classski_character_class_id_skill_d549011f_uniq UNIQUE (character_class_id, skill_id);


--
-- TOC entry 5251 (class 2606 OID 562133)
-- Name: character_class_classskill character_class_classskill_pkey; Type: CONSTRAINT; Schema: public; Owner: dnd_app_admin
--

ALTER TABLE ONLY public.character_class_classskill
    ADD CONSTRAINT character_class_classskill_pkey PRIMARY KEY (id);


--
-- TOC entry 5255 (class 2606 OID 562141)
-- Name: character_class_classtrait character_class_classtrait_pkey; Type: CONSTRAINT; Schema: public; Owner: dnd_app_admin
--

ALTER TABLE ONLY public.character_class_classtrait
    ADD CONSTRAINT character_class_classtrait_pkey PRIMARY KEY (id);


--
-- TOC entry 5258 (class 2606 OID 563020)
-- Name: character_class_prestigeclassfeatrequirement character_class_prestige_prestige_class_id_feat_i_05a138b0_uniq; Type: CONSTRAINT; Schema: public; Owner: dnd_app_admin
--

ALTER TABLE ONLY public.character_class_prestigeclassfeatrequirement
    ADD CONSTRAINT character_class_prestige_prestige_class_id_feat_i_05a138b0_uniq UNIQUE (prestige_class_id, feat_id);


--
-- TOC entry 5264 (class 2606 OID 563018)
-- Name: character_class_prestigeclasslanguagerequirement character_class_prestige_prestige_class_id_langua_90935c9d_uniq; Type: CONSTRAINT; Schema: public; Owner: dnd_app_admin
--

ALTER TABLE ONLY public.character_class_prestigeclasslanguagerequirement
    ADD CONSTRAINT character_class_prestige_prestige_class_id_langua_90935c9d_uniq UNIQUE (prestige_class_id, language_id);


--
-- TOC entry 5211 (class 2606 OID 563016)
-- Name: character_class_prestigeclassracerequirement character_class_prestige_prestige_class_id_race_i_8f35c4f6_uniq; Type: CONSTRAINT; Schema: public; Owner: dnd_app_admin
--

ALTER TABLE ONLY public.character_class_prestigeclassracerequirement
    ADD CONSTRAINT character_class_prestige_prestige_class_id_race_i_8f35c4f6_uniq UNIQUE (prestige_class_id, race_id);


--
-- TOC entry 5217 (class 2606 OID 563014)
-- Name: character_class_prestigeclassskillrankrequirement character_class_prestige_prestige_class_id_skill__62d0d8a7_uniq; Type: CONSTRAINT; Schema: public; Owner: dnd_app_admin
--

ALTER TABLE ONLY public.character_class_prestigeclassskillrankrequirement
    ADD CONSTRAINT character_class_prestige_prestige_class_id_skill__62d0d8a7_uniq UNIQUE (prestige_class_id, skill_id);


--
-- TOC entry 5228 (class 2606 OID 562109)
-- Name: character_class_prestigecharacterclass character_class_prestigecharacterclass_pkey; Type: CONSTRAINT; Schema: public; Owner: dnd_app_admin
--

ALTER TABLE ONLY public.character_class_prestigecharacterclass
    ADD CONSTRAINT character_class_prestigecharacterclass_pkey PRIMARY KEY (characterclass_ptr_id);


--
-- TOC entry 5262 (class 2606 OID 562147)
-- Name: character_class_prestigeclassfeatrequirement character_class_prestigeclassfeatrequirement_pkey; Type: CONSTRAINT; Schema: public; Owner: dnd_app_admin
--

ALTER TABLE ONLY public.character_class_prestigeclassfeatrequirement
    ADD CONSTRAINT character_class_prestigeclassfeatrequirement_pkey PRIMARY KEY (id);


--
-- TOC entry 5268 (class 2606 OID 562153)
-- Name: character_class_prestigeclasslanguagerequirement character_class_prestigeclasslanguagerequirement_pkey; Type: CONSTRAINT; Schema: public; Owner: dnd_app_admin
--

ALTER TABLE ONLY public.character_class_prestigeclasslanguagerequirement
    ADD CONSTRAINT character_class_prestigeclasslanguagerequirement_pkey PRIMARY KEY (id);


--
-- TOC entry 5214 (class 2606 OID 562088)
-- Name: character_class_prestigeclassracerequirement character_class_prestigeclassracerequirement_pkey; Type: CONSTRAINT; Schema: public; Owner: dnd_app_admin
--

ALTER TABLE ONLY public.character_class_prestigeclassracerequirement
    ADD CONSTRAINT character_class_prestigeclassracerequirement_pkey PRIMARY KEY (id);


--
-- TOC entry 5221 (class 2606 OID 562094)
-- Name: character_class_prestigeclassskillrankrequirement character_class_prestigeclassskillrankrequirement_pkey; Type: CONSTRAINT; Schema: public; Owner: dnd_app_admin
--

ALTER TABLE ONLY public.character_class_prestigeclassskillrankrequirement
    ADD CONSTRAINT character_class_prestigeclassskillrankrequirement_pkey PRIMARY KEY (id);


--
-- TOC entry 5525 (class 2606 OID 563070)
-- Name: character_inventory character_inventory_name_key; Type: CONSTRAINT; Schema: public; Owner: dnd_app_admin
--

ALTER TABLE ONLY public.character_inventory
    ADD CONSTRAINT character_inventory_name_key UNIQUE (name);


--
-- TOC entry 5527 (class 2606 OID 563068)
-- Name: character_inventory character_inventory_pkey; Type: CONSTRAINT; Schema: public; Owner: dnd_app_admin
--

ALTER TABLE ONLY public.character_inventory
    ADD CONSTRAINT character_inventory_pkey PRIMARY KEY (id);


--
-- TOC entry 5531 (class 2606 OID 563076)
-- Name: character_inventoryitem character_inventoryitem_pkey; Type: CONSTRAINT; Schema: public; Owner: dnd_app_admin
--

ALTER TABLE ONLY public.character_inventoryitem
    ADD CONSTRAINT character_inventoryitem_pkey PRIMARY KEY (id);


--
-- TOC entry 5109 (class 2606 OID 561845)
-- Name: common_ability common_ability_abbreviation_key; Type: CONSTRAINT; Schema: public; Owner: dnd_app_admin
--

ALTER TABLE ONLY public.common_ability
    ADD CONSTRAINT common_ability_abbreviation_key UNIQUE (abbreviation);


--
-- TOC entry 5112 (class 2606 OID 561843)
-- Name: common_ability common_ability_name_key; Type: CONSTRAINT; Schema: public; Owner: dnd_app_admin
--

ALTER TABLE ONLY public.common_ability
    ADD CONSTRAINT common_ability_name_key UNIQUE (name);


--
-- TOC entry 5114 (class 2606 OID 561841)
-- Name: common_ability common_ability_pkey; Type: CONSTRAINT; Schema: public; Owner: dnd_app_admin
--

ALTER TABLE ONLY public.common_ability
    ADD CONSTRAINT common_ability_pkey PRIMARY KEY (id);


--
-- TOC entry 5117 (class 2606 OID 561857)
-- Name: common_alignment common_alignment_abbreviation_key; Type: CONSTRAINT; Schema: public; Owner: dnd_app_admin
--

ALTER TABLE ONLY public.common_alignment
    ADD CONSTRAINT common_alignment_abbreviation_key UNIQUE (abbreviation);


--
-- TOC entry 5120 (class 2606 OID 561855)
-- Name: common_alignment common_alignment_name_key; Type: CONSTRAINT; Schema: public; Owner: dnd_app_admin
--

ALTER TABLE ONLY public.common_alignment
    ADD CONSTRAINT common_alignment_name_key UNIQUE (name);


--
-- TOC entry 5122 (class 2606 OID 561853)
-- Name: common_alignment common_alignment_pkey; Type: CONSTRAINT; Schema: public; Owner: dnd_app_admin
--

ALTER TABLE ONLY public.common_alignment
    ADD CONSTRAINT common_alignment_pkey PRIMARY KEY (id);


--
-- TOC entry 5124 (class 2606 OID 561863)
-- Name: common_die common_die_pkey; Type: CONSTRAINT; Schema: public; Owner: dnd_app_admin
--

ALTER TABLE ONLY public.common_die
    ADD CONSTRAINT common_die_pkey PRIMARY KEY (id);


--
-- TOC entry 5126 (class 2606 OID 561865)
-- Name: common_die common_die_sides_key; Type: CONSTRAINT; Schema: public; Owner: dnd_app_admin
--

ALTER TABLE ONLY public.common_die
    ADD CONSTRAINT common_die_sides_key UNIQUE (sides);


--
-- TOC entry 5129 (class 2606 OID 561875)
-- Name: common_durationunit common_durationunit_name_key; Type: CONSTRAINT; Schema: public; Owner: dnd_app_admin
--

ALTER TABLE ONLY public.common_durationunit
    ADD CONSTRAINT common_durationunit_name_key UNIQUE (name);


--
-- TOC entry 5132 (class 2606 OID 561877)
-- Name: common_durationunit common_durationunit_name_plural_key; Type: CONSTRAINT; Schema: public; Owner: dnd_app_admin
--

ALTER TABLE ONLY public.common_durationunit
    ADD CONSTRAINT common_durationunit_name_plural_key UNIQUE (name_plural);


--
-- TOC entry 5134 (class 2606 OID 561873)
-- Name: common_durationunit common_durationunit_pkey; Type: CONSTRAINT; Schema: public; Owner: dnd_app_admin
--

ALTER TABLE ONLY public.common_durationunit
    ADD CONSTRAINT common_durationunit_pkey PRIMARY KEY (id);


--
-- TOC entry 5147 (class 2606 OID 561905)
-- Name: common_language common_language_name_key; Type: CONSTRAINT; Schema: public; Owner: dnd_app_admin
--

ALTER TABLE ONLY public.common_language
    ADD CONSTRAINT common_language_name_key UNIQUE (name);


--
-- TOC entry 5149 (class 2606 OID 561903)
-- Name: common_language common_language_pkey; Type: CONSTRAINT; Schema: public; Owner: dnd_app_admin
--

ALTER TABLE ONLY public.common_language
    ADD CONSTRAINT common_language_pkey PRIMARY KEY (id);


--
-- TOC entry 5137 (class 2606 OID 561887)
-- Name: common_source common_source_name_key; Type: CONSTRAINT; Schema: public; Owner: dnd_app_admin
--

ALTER TABLE ONLY public.common_source
    ADD CONSTRAINT common_source_name_key UNIQUE (name);


--
-- TOC entry 5139 (class 2606 OID 561885)
-- Name: common_source common_source_pkey; Type: CONSTRAINT; Schema: public; Owner: dnd_app_admin
--

ALTER TABLE ONLY public.common_source
    ADD CONSTRAINT common_source_pkey PRIMARY KEY (id);


--
-- TOC entry 5152 (class 2606 OID 561913)
-- Name: common_trait common_trait_pkey; Type: CONSTRAINT; Schema: public; Owner: dnd_app_admin
--

ALTER TABLE ONLY public.common_trait
    ADD CONSTRAINT common_trait_pkey PRIMARY KEY (id);


--
-- TOC entry 5155 (class 2606 OID 561915)
-- Name: common_trait common_trait_short_description_key; Type: CONSTRAINT; Schema: public; Owner: dnd_app_admin
--

ALTER TABLE ONLY public.common_trait
    ADD CONSTRAINT common_trait_short_description_key UNIQUE (short_description);


--
-- TOC entry 5142 (class 2606 OID 561897)
-- Name: common_traitclassification common_traitclassification_name_key; Type: CONSTRAINT; Schema: public; Owner: dnd_app_admin
--

ALTER TABLE ONLY public.common_traitclassification
    ADD CONSTRAINT common_traitclassification_name_key UNIQUE (name);


--
-- TOC entry 5144 (class 2606 OID 561895)
-- Name: common_traitclassification common_traitclassification_pkey; Type: CONSTRAINT; Schema: public; Owner: dnd_app_admin
--

ALTER TABLE ONLY public.common_traitclassification
    ADD CONSTRAINT common_traitclassification_pkey PRIMARY KEY (id);


--
-- TOC entry 5105 (class 2606 OID 561813)
-- Name: django_admin_log django_admin_log_pkey; Type: CONSTRAINT; Schema: public; Owner: dnd_app_admin
--

ALTER TABLE ONLY public.django_admin_log
    ADD CONSTRAINT django_admin_log_pkey PRIMARY KEY (id);


--
-- TOC entry 5067 (class 2606 OID 561712)
-- Name: django_content_type django_content_type_app_label_model_76bd3d3b_uniq; Type: CONSTRAINT; Schema: public; Owner: dnd_app_admin
--

ALTER TABLE ONLY public.django_content_type
    ADD CONSTRAINT django_content_type_app_label_model_76bd3d3b_uniq UNIQUE (app_label, model);


--
-- TOC entry 5069 (class 2606 OID 561710)
-- Name: django_content_type django_content_type_pkey; Type: CONSTRAINT; Schema: public; Owner: dnd_app_admin
--

ALTER TABLE ONLY public.django_content_type
    ADD CONSTRAINT django_content_type_pkey PRIMARY KEY (id);


--
-- TOC entry 5065 (class 2606 OID 561704)
-- Name: django_migrations django_migrations_pkey; Type: CONSTRAINT; Schema: public; Owner: dnd_app_admin
--

ALTER TABLE ONLY public.django_migrations
    ADD CONSTRAINT django_migrations_pkey PRIMARY KEY (id);


--
-- TOC entry 5538 (class 2606 OID 563190)
-- Name: django_session django_session_pkey; Type: CONSTRAINT; Schema: public; Owner: dnd_app_admin
--

ALTER TABLE ONLY public.django_session
    ADD CONSTRAINT django_session_pkey PRIMARY KEY (session_key);


--
-- TOC entry 5170 (class 2606 OID 561974)
-- Name: feat_feat feat_feat_name_key; Type: CONSTRAINT; Schema: public; Owner: dnd_app_admin
--

ALTER TABLE ONLY public.feat_feat
    ADD CONSTRAINT feat_feat_name_key UNIQUE (name);


--
-- TOC entry 5172 (class 2606 OID 561972)
-- Name: feat_feat feat_feat_pkey; Type: CONSTRAINT; Schema: public; Owner: dnd_app_admin
--

ALTER TABLE ONLY public.feat_feat
    ADD CONSTRAINT feat_feat_pkey PRIMARY KEY (id);


--
-- TOC entry 5177 (class 2606 OID 562008)
-- Name: feat_featabilityprerequisite feat_featabilityprerequisite_feat_id_ability_id_813276ff_uniq; Type: CONSTRAINT; Schema: public; Owner: dnd_app_admin
--

ALTER TABLE ONLY public.feat_featabilityprerequisite
    ADD CONSTRAINT feat_featabilityprerequisite_feat_id_ability_id_813276ff_uniq UNIQUE (feat_id, ability_id);


--
-- TOC entry 5179 (class 2606 OID 561980)
-- Name: feat_featabilityprerequisite feat_featabilityprerequisite_pkey; Type: CONSTRAINT; Schema: public; Owner: dnd_app_admin
--

ALTER TABLE ONLY public.feat_featabilityprerequisite
    ADD CONSTRAINT feat_featabilityprerequisite_pkey PRIMARY KEY (id);


--
-- TOC entry 5181 (class 2606 OID 562022)
-- Name: feat_featfeatprerequisite feat_featfeatprerequisit_prerequisite_for_feat_id_1245dce7_uniq; Type: CONSTRAINT; Schema: public; Owner: dnd_app_admin
--

ALTER TABLE ONLY public.feat_featfeatprerequisite
    ADD CONSTRAINT feat_featfeatprerequisit_prerequisite_for_feat_id_1245dce7_uniq UNIQUE (prerequisite_for_feat_id, prerequisite_id);


--
-- TOC entry 5183 (class 2606 OID 561986)
-- Name: feat_featfeatprerequisite feat_featfeatprerequisite_pkey; Type: CONSTRAINT; Schema: public; Owner: dnd_app_admin
--

ALTER TABLE ONLY public.feat_featfeatprerequisite
    ADD CONSTRAINT feat_featfeatprerequisite_pkey PRIMARY KEY (id);


--
-- TOC entry 5188 (class 2606 OID 562036)
-- Name: feat_featskillprerequisite feat_featskillprerequisite_feat_id_skill_id_8db435d5_uniq; Type: CONSTRAINT; Schema: public; Owner: dnd_app_admin
--

ALTER TABLE ONLY public.feat_featskillprerequisite
    ADD CONSTRAINT feat_featskillprerequisite_feat_id_skill_id_8db435d5_uniq UNIQUE (feat_id, skill_id);


--
-- TOC entry 5190 (class 2606 OID 561992)
-- Name: feat_featskillprerequisite feat_featskillprerequisite_pkey; Type: CONSTRAINT; Schema: public; Owner: dnd_app_admin
--

ALTER TABLE ONLY public.feat_featskillprerequisite
    ADD CONSTRAINT feat_featskillprerequisite_pkey PRIMARY KEY (id);


--
-- TOC entry 5194 (class 2606 OID 562050)
-- Name: feat_feattypeoffeat feat_feattypeoffeat_feat_id_type_of_feat_id_c29c488b_uniq; Type: CONSTRAINT; Schema: public; Owner: dnd_app_admin
--

ALTER TABLE ONLY public.feat_feattypeoffeat
    ADD CONSTRAINT feat_feattypeoffeat_feat_id_type_of_feat_id_c29c488b_uniq UNIQUE (feat_id, type_of_feat_id);


--
-- TOC entry 5196 (class 2606 OID 561998)
-- Name: feat_feattypeoffeat feat_feattypeoffeat_pkey; Type: CONSTRAINT; Schema: public; Owner: dnd_app_admin
--

ALTER TABLE ONLY public.feat_feattypeoffeat
    ADD CONSTRAINT feat_feattypeoffeat_pkey PRIMARY KEY (id);


--
-- TOC entry 5165 (class 2606 OID 561964)
-- Name: feat_typeoffeat feat_typeoffeat_name_key; Type: CONSTRAINT; Schema: public; Owner: dnd_app_admin
--

ALTER TABLE ONLY public.feat_typeoffeat
    ADD CONSTRAINT feat_typeoffeat_name_key UNIQUE (name);


--
-- TOC entry 5167 (class 2606 OID 561962)
-- Name: feat_typeoffeat feat_typeoffeat_pkey; Type: CONSTRAINT; Schema: public; Owner: dnd_app_admin
--

ALTER TABLE ONLY public.feat_typeoffeat
    ADD CONSTRAINT feat_typeoffeat_pkey PRIMARY KEY (id);


--
-- TOC entry 5419 (class 2606 OID 562673)
-- Name: item_armor item_armor_pkey; Type: CONSTRAINT; Schema: public; Owner: dnd_app_admin
--

ALTER TABLE ONLY public.item_armor
    ADD CONSTRAINT item_armor_pkey PRIMARY KEY (item_ptr_id);


--
-- TOC entry 5472 (class 2606 OID 562789)
-- Name: item_armorarmormagicability item_armorarmormagicabil_armor_id_armor_magic_abi_1c8f7a89_uniq; Type: CONSTRAINT; Schema: public; Owner: dnd_app_admin
--

ALTER TABLE ONLY public.item_armorarmormagicability
    ADD CONSTRAINT item_armorarmormagicabil_armor_id_armor_magic_abi_1c8f7a89_uniq UNIQUE (armor_id, armor_magic_ability_id);


--
-- TOC entry 5476 (class 2606 OID 562743)
-- Name: item_armorarmormagicability item_armorarmormagicability_pkey; Type: CONSTRAINT; Schema: public; Owner: dnd_app_admin
--

ALTER TABLE ONLY public.item_armorarmormagicability
    ADD CONSTRAINT item_armorarmormagicability_pkey PRIMARY KEY (id);


--
-- TOC entry 5429 (class 2606 OID 562688)
-- Name: item_armormagicability item_armormagicability_name_key; Type: CONSTRAINT; Schema: public; Owner: dnd_app_admin
--

ALTER TABLE ONLY public.item_armormagicability
    ADD CONSTRAINT item_armormagicability_name_key UNIQUE (name);


--
-- TOC entry 5431 (class 2606 OID 562686)
-- Name: item_armormagicability item_armormagicability_pkey; Type: CONSTRAINT; Schema: public; Owner: dnd_app_admin
--

ALTER TABLE ONLY public.item_armormagicability
    ADD CONSTRAINT item_armormagicability_pkey PRIMARY KEY (id);


--
-- TOC entry 5434 (class 2606 OID 562843)
-- Name: item_armormagicabilityfeat item_armormagicabilityfe_armor_magic_ability_id_f_ec4f8d83_uniq; Type: CONSTRAINT; Schema: public; Owner: dnd_app_admin
--

ALTER TABLE ONLY public.item_armormagicabilityfeat
    ADD CONSTRAINT item_armormagicabilityfe_armor_magic_ability_id_f_ec4f8d83_uniq UNIQUE (armor_magic_ability_id, feat_id);


--
-- TOC entry 5438 (class 2606 OID 562694)
-- Name: item_armormagicabilityfeat item_armormagicabilityfeat_pkey; Type: CONSTRAINT; Schema: public; Owner: dnd_app_admin
--

ALTER TABLE ONLY public.item_armormagicabilityfeat
    ADD CONSTRAINT item_armormagicabilityfeat_pkey PRIMARY KEY (id);


--
-- TOC entry 5440 (class 2606 OID 562857)
-- Name: item_armormagicabilityspell item_armormagicabilitysp_armor_magic_ability_id_s_d5367046_uniq; Type: CONSTRAINT; Schema: public; Owner: dnd_app_admin
--

ALTER TABLE ONLY public.item_armormagicabilityspell
    ADD CONSTRAINT item_armormagicabilitysp_armor_magic_ability_id_s_d5367046_uniq UNIQUE (armor_magic_ability_id, spell_id);


--
-- TOC entry 5443 (class 2606 OID 562700)
-- Name: item_armormagicabilityspell item_armormagicabilityspell_pkey; Type: CONSTRAINT; Schema: public; Owner: dnd_app_admin
--

ALTER TABLE ONLY public.item_armormagicabilityspell
    ADD CONSTRAINT item_armormagicabilityspell_pkey PRIMARY KEY (id);


--
-- TOC entry 5399 (class 2606 OID 562638)
-- Name: item_armortype item_armortype_name_key; Type: CONSTRAINT; Schema: public; Owner: dnd_app_admin
--

ALTER TABLE ONLY public.item_armortype
    ADD CONSTRAINT item_armortype_name_key UNIQUE (name);


--
-- TOC entry 5401 (class 2606 OID 562636)
-- Name: item_armortype item_armortype_pkey; Type: CONSTRAINT; Schema: public; Owner: dnd_app_admin
--

ALTER TABLE ONLY public.item_armortype
    ADD CONSTRAINT item_armortype_pkey PRIMARY KEY (id);


--
-- TOC entry 5392 (class 2606 OID 562630)
-- Name: item_item item_item_name_key; Type: CONSTRAINT; Schema: public; Owner: dnd_app_admin
--

ALTER TABLE ONLY public.item_item
    ADD CONSTRAINT item_item_name_key UNIQUE (name);


--
-- TOC entry 5394 (class 2606 OID 562628)
-- Name: item_item item_item_pkey; Type: CONSTRAINT; Schema: public; Owner: dnd_app_admin
--

ALTER TABLE ONLY public.item_item
    ADD CONSTRAINT item_item_pkey PRIMARY KEY (id);


--
-- TOC entry 5404 (class 2606 OID 562648)
-- Name: item_itemcategory item_itemcategory_name_key; Type: CONSTRAINT; Schema: public; Owner: dnd_app_admin
--

ALTER TABLE ONLY public.item_itemcategory
    ADD CONSTRAINT item_itemcategory_name_key UNIQUE (name);


--
-- TOC entry 5406 (class 2606 OID 562646)
-- Name: item_itemcategory item_itemcategory_pkey; Type: CONSTRAINT; Schema: public; Owner: dnd_app_admin
--

ALTER TABLE ONLY public.item_itemcategory
    ADD CONSTRAINT item_itemcategory_pkey PRIMARY KEY (id);


--
-- TOC entry 5447 (class 2606 OID 562715)
-- Name: item_specialmaterial item_specialmaterial_name_key; Type: CONSTRAINT; Schema: public; Owner: dnd_app_admin
--

ALTER TABLE ONLY public.item_specialmaterial
    ADD CONSTRAINT item_specialmaterial_name_key UNIQUE (name);


--
-- TOC entry 5449 (class 2606 OID 562713)
-- Name: item_specialmaterial item_specialmaterial_pkey; Type: CONSTRAINT; Schema: public; Owner: dnd_app_admin
--

ALTER TABLE ONLY public.item_specialmaterial
    ADD CONSTRAINT item_specialmaterial_pkey PRIMARY KEY (id);


--
-- TOC entry 5422 (class 2606 OID 562678)
-- Name: item_weapon item_weapon_pkey; Type: CONSTRAINT; Schema: public; Owner: dnd_app_admin
--

ALTER TABLE ONLY public.item_weapon
    ADD CONSTRAINT item_weapon_pkey PRIMARY KEY (item_ptr_id);


--
-- TOC entry 5409 (class 2606 OID 562658)
-- Name: item_weaponcategory item_weaponcategory_name_key; Type: CONSTRAINT; Schema: public; Owner: dnd_app_admin
--

ALTER TABLE ONLY public.item_weaponcategory
    ADD CONSTRAINT item_weaponcategory_name_key UNIQUE (name);


--
-- TOC entry 5411 (class 2606 OID 562656)
-- Name: item_weaponcategory item_weaponcategory_pkey; Type: CONSTRAINT; Schema: public; Owner: dnd_app_admin
--

ALTER TABLE ONLY public.item_weaponcategory
    ADD CONSTRAINT item_weaponcategory_pkey PRIMARY KEY (id);


--
-- TOC entry 5414 (class 2606 OID 562668)
-- Name: item_weapondamagetype item_weapondamagetype_name_key; Type: CONSTRAINT; Schema: public; Owner: dnd_app_admin
--

ALTER TABLE ONLY public.item_weapondamagetype
    ADD CONSTRAINT item_weapondamagetype_name_key UNIQUE (name);


--
-- TOC entry 5416 (class 2606 OID 562666)
-- Name: item_weapondamagetype item_weapondamagetype_pkey; Type: CONSTRAINT; Schema: public; Owner: dnd_app_admin
--

ALTER TABLE ONLY public.item_weapondamagetype
    ADD CONSTRAINT item_weapondamagetype_pkey PRIMARY KEY (id);


--
-- TOC entry 5455 (class 2606 OID 562725)
-- Name: item_weaponmagicability item_weaponmagicability_name_key; Type: CONSTRAINT; Schema: public; Owner: dnd_app_admin
--

ALTER TABLE ONLY public.item_weaponmagicability
    ADD CONSTRAINT item_weaponmagicability_name_key UNIQUE (name);


--
-- TOC entry 5457 (class 2606 OID 562723)
-- Name: item_weaponmagicability item_weaponmagicability_pkey; Type: CONSTRAINT; Schema: public; Owner: dnd_app_admin
--

ALTER TABLE ONLY public.item_weaponmagicability
    ADD CONSTRAINT item_weaponmagicability_pkey PRIMARY KEY (id);


--
-- TOC entry 5460 (class 2606 OID 562784)
-- Name: item_weaponmagicabilityfeat item_weaponmagicabilityf_weapon_magic_ability_id__960f07bf_uniq; Type: CONSTRAINT; Schema: public; Owner: dnd_app_admin
--

ALTER TABLE ONLY public.item_weaponmagicabilityfeat
    ADD CONSTRAINT item_weaponmagicabilityf_weapon_magic_ability_id__960f07bf_uniq UNIQUE (weapon_magic_ability_id, feat_id);


--
-- TOC entry 5463 (class 2606 OID 562731)
-- Name: item_weaponmagicabilityfeat item_weaponmagicabilityfeat_pkey; Type: CONSTRAINT; Schema: public; Owner: dnd_app_admin
--

ALTER TABLE ONLY public.item_weaponmagicabilityfeat
    ADD CONSTRAINT item_weaponmagicabilityfeat_pkey PRIMARY KEY (id);


--
-- TOC entry 5466 (class 2606 OID 562786)
-- Name: item_weaponmagicabilityspell item_weaponmagicabilitys_weapon_magic_ability_id__a7fc4b25_uniq; Type: CONSTRAINT; Schema: public; Owner: dnd_app_admin
--

ALTER TABLE ONLY public.item_weaponmagicabilityspell
    ADD CONSTRAINT item_weaponmagicabilitys_weapon_magic_ability_id__a7fc4b25_uniq UNIQUE (weapon_magic_ability_id, spell_id);


--
-- TOC entry 5468 (class 2606 OID 562737)
-- Name: item_weaponmagicabilityspell item_weaponmagicabilityspell_pkey; Type: CONSTRAINT; Schema: public; Owner: dnd_app_admin
--

ALTER TABLE ONLY public.item_weaponmagicabilityspell
    ADD CONSTRAINT item_weaponmagicabilityspell_pkey PRIMARY KEY (id);


--
-- TOC entry 5490 (class 2606 OID 562795)
-- Name: item_weaponweaponcategory item_weaponweaponcategor_weapon_id_weapon_categor_97398913_uniq; Type: CONSTRAINT; Schema: public; Owner: dnd_app_admin
--

ALTER TABLE ONLY public.item_weaponweaponcategory
    ADD CONSTRAINT item_weaponweaponcategor_weapon_id_weapon_categor_97398913_uniq UNIQUE (weapon_id, weapon_category_id);


--
-- TOC entry 5492 (class 2606 OID 562771)
-- Name: item_weaponweaponcategory item_weaponweaponcategory_pkey; Type: CONSTRAINT; Schema: public; Owner: dnd_app_admin
--

ALTER TABLE ONLY public.item_weaponweaponcategory
    ADD CONSTRAINT item_weaponweaponcategory_pkey PRIMARY KEY (id);


--
-- TOC entry 5484 (class 2606 OID 562793)
-- Name: item_weaponweapondamagetype item_weaponweapondamaget_weapon_id_weapon_damage__2b7a2b46_uniq; Type: CONSTRAINT; Schema: public; Owner: dnd_app_admin
--

ALTER TABLE ONLY public.item_weaponweapondamagetype
    ADD CONSTRAINT item_weaponweapondamaget_weapon_id_weapon_damage__2b7a2b46_uniq UNIQUE (weapon_id, weapon_damage_type_id);


--
-- TOC entry 5486 (class 2606 OID 562765)
-- Name: item_weaponweapondamagetype item_weaponweapondamagetype_pkey; Type: CONSTRAINT; Schema: public; Owner: dnd_app_admin
--

ALTER TABLE ONLY public.item_weaponweapondamagetype
    ADD CONSTRAINT item_weaponweapondamagetype_pkey PRIMARY KEY (id);


--
-- TOC entry 5478 (class 2606 OID 562791)
-- Name: item_weaponweaponmagicability item_weaponweaponmagicab_weapon_id_weapon_magic_a_dc8e7566_uniq; Type: CONSTRAINT; Schema: public; Owner: dnd_app_admin
--

ALTER TABLE ONLY public.item_weaponweaponmagicability
    ADD CONSTRAINT item_weaponweaponmagicab_weapon_id_weapon_magic_a_dc8e7566_uniq UNIQUE (weapon_id, weapon_magic_ability_id);


--
-- TOC entry 5480 (class 2606 OID 562759)
-- Name: item_weaponweaponmagicability item_weaponweaponmagicability_pkey; Type: CONSTRAINT; Schema: public; Owner: dnd_app_admin
--

ALTER TABLE ONLY public.item_weaponweaponmagicability
    ADD CONSTRAINT item_weaponweaponmagicability_pkey PRIMARY KEY (id);


--
-- TOC entry 5276 (class 2606 OID 562269)
-- Name: race_abilitymodifier race_abilitymodifier_pkey; Type: CONSTRAINT; Schema: public; Owner: dnd_app_admin
--

ALTER TABLE ONLY public.race_abilitymodifier
    ADD CONSTRAINT race_abilitymodifier_pkey PRIMARY KEY (id);


--
-- TOC entry 5278 (class 2606 OID 562337)
-- Name: race_abilitymodifier race_abilitymodifier_value_ability_id_e0f1c846_uniq; Type: CONSTRAINT; Schema: public; Owner: dnd_app_admin
--

ALTER TABLE ONLY public.race_abilitymodifier
    ADD CONSTRAINT race_abilitymodifier_value_ability_id_e0f1c846_uniq UNIQUE (value, ability_id);


--
-- TOC entry 5281 (class 2606 OID 562279)
-- Name: race_charactertype race_charactertype_name_key; Type: CONSTRAINT; Schema: public; Owner: dnd_app_admin
--

ALTER TABLE ONLY public.race_charactertype
    ADD CONSTRAINT race_charactertype_name_key UNIQUE (name);


--
-- TOC entry 5283 (class 2606 OID 562277)
-- Name: race_charactertype race_charactertype_pkey; Type: CONSTRAINT; Schema: public; Owner: dnd_app_admin
--

ALTER TABLE ONLY public.race_charactertype
    ADD CONSTRAINT race_charactertype_pkey PRIMARY KEY (id);


--
-- TOC entry 5287 (class 2606 OID 562352)
-- Name: race_charactertypetrait race_charactertypetrait_character_type_id_trait__31c42b18_uniq; Type: CONSTRAINT; Schema: public; Owner: dnd_app_admin
--

ALTER TABLE ONLY public.race_charactertypetrait
    ADD CONSTRAINT race_charactertypetrait_character_type_id_trait__31c42b18_uniq UNIQUE (character_type_id, trait_id);


--
-- TOC entry 5289 (class 2606 OID 562287)
-- Name: race_charactertypetrait race_charactertypetrait_pkey; Type: CONSTRAINT; Schema: public; Owner: dnd_app_admin
--

ALTER TABLE ONLY public.race_charactertypetrait
    ADD CONSTRAINT race_charactertypetrait_pkey PRIMARY KEY (id);


--
-- TOC entry 5293 (class 2606 OID 562297)
-- Name: race_race race_race_name_key; Type: CONSTRAINT; Schema: public; Owner: dnd_app_admin
--

ALTER TABLE ONLY public.race_race
    ADD CONSTRAINT race_race_name_key UNIQUE (name);


--
-- TOC entry 5295 (class 2606 OID 562295)
-- Name: race_race race_race_pkey; Type: CONSTRAINT; Schema: public; Owner: dnd_app_admin
--

ALTER TABLE ONLY public.race_race
    ADD CONSTRAINT race_race_pkey PRIMARY KEY (id);


--
-- TOC entry 5300 (class 2606 OID 562303)
-- Name: race_raceabilitymodifier race_raceabilitymodifier_pkey; Type: CONSTRAINT; Schema: public; Owner: dnd_app_admin
--

ALTER TABLE ONLY public.race_raceabilitymodifier
    ADD CONSTRAINT race_raceabilitymodifier_pkey PRIMARY KEY (id);


--
-- TOC entry 5303 (class 2606 OID 562373)
-- Name: race_raceabilitymodifier race_raceabilitymodifier_race_id_ability_modifier_a592bd81_uniq; Type: CONSTRAINT; Schema: public; Owner: dnd_app_admin
--

ALTER TABLE ONLY public.race_raceabilitymodifier
    ADD CONSTRAINT race_raceabilitymodifier_race_id_ability_modifier_a592bd81_uniq UNIQUE (race_id, ability_modifier_id);


--
-- TOC entry 5306 (class 2606 OID 562309)
-- Name: race_racefavoredclass race_racefavoredclass_pkey; Type: CONSTRAINT; Schema: public; Owner: dnd_app_admin
--

ALTER TABLE ONLY public.race_racefavoredclass
    ADD CONSTRAINT race_racefavoredclass_pkey PRIMARY KEY (id);


--
-- TOC entry 5309 (class 2606 OID 562387)
-- Name: race_racefavoredclass race_racefavoredclass_race_id_character_class_id_3c9baf53_uniq; Type: CONSTRAINT; Schema: public; Owner: dnd_app_admin
--

ALTER TABLE ONLY public.race_racefavoredclass
    ADD CONSTRAINT race_racefavoredclass_race_id_character_class_id_3c9baf53_uniq UNIQUE (race_id, character_class_id);


--
-- TOC entry 5312 (class 2606 OID 562315)
-- Name: race_racelanguage race_racelanguage_pkey; Type: CONSTRAINT; Schema: public; Owner: dnd_app_admin
--

ALTER TABLE ONLY public.race_racelanguage
    ADD CONSTRAINT race_racelanguage_pkey PRIMARY KEY (id);


--
-- TOC entry 5315 (class 2606 OID 562401)
-- Name: race_racelanguage race_racelanguage_race_id_language_id_ca84ea18_uniq; Type: CONSTRAINT; Schema: public; Owner: dnd_app_admin
--

ALTER TABLE ONLY public.race_racelanguage
    ADD CONSTRAINT race_racelanguage_race_id_language_id_ca84ea18_uniq UNIQUE (race_id, language_id);


--
-- TOC entry 5317 (class 2606 OID 562323)
-- Name: race_racetrait race_racetrait_pkey; Type: CONSTRAINT; Schema: public; Owner: dnd_app_admin
--

ALTER TABLE ONLY public.race_racetrait
    ADD CONSTRAINT race_racetrait_pkey PRIMARY KEY (id);


--
-- TOC entry 5322 (class 2606 OID 562329)
-- Name: race_racetype race_racetype_pkey; Type: CONSTRAINT; Schema: public; Owner: dnd_app_admin
--

ALTER TABLE ONLY public.race_racetype
    ADD CONSTRAINT race_racetype_pkey PRIMARY KEY (id);


--
-- TOC entry 5324 (class 2606 OID 562427)
-- Name: race_racetype race_racetype_race_id_character_type_id_d1566081_uniq; Type: CONSTRAINT; Schema: public; Owner: dnd_app_admin
--

ALTER TABLE ONLY public.race_racetype
    ADD CONSTRAINT race_racetype_race_id_character_type_id_d1566081_uniq UNIQUE (race_id, character_type_id);


--
-- TOC entry 5271 (class 2606 OID 562263)
-- Name: race_size race_size_name_key; Type: CONSTRAINT; Schema: public; Owner: dnd_app_admin
--

ALTER TABLE ONLY public.race_size
    ADD CONSTRAINT race_size_name_key UNIQUE (name);


--
-- TOC entry 5273 (class 2606 OID 562261)
-- Name: race_size race_size_pkey; Type: CONSTRAINT; Schema: public; Owner: dnd_app_admin
--

ALTER TABLE ONLY public.race_size
    ADD CONSTRAINT race_size_pkey PRIMARY KEY (id);


--
-- TOC entry 5160 (class 2606 OID 561947)
-- Name: skill_skill skill_skill_name_key; Type: CONSTRAINT; Schema: public; Owner: dnd_app_admin
--

ALTER TABLE ONLY public.skill_skill
    ADD CONSTRAINT skill_skill_name_key UNIQUE (name);


--
-- TOC entry 5162 (class 2606 OID 561945)
-- Name: skill_skill skill_skill_pkey; Type: CONSTRAINT; Schema: public; Owner: dnd_app_admin
--

ALTER TABLE ONLY public.skill_skill
    ADD CONSTRAINT skill_skill_pkey PRIMARY KEY (id);


--
-- TOC entry 5328 (class 2606 OID 562450)
-- Name: spell_castingtime spell_castingtime_name_key; Type: CONSTRAINT; Schema: public; Owner: dnd_app_admin
--

ALTER TABLE ONLY public.spell_castingtime
    ADD CONSTRAINT spell_castingtime_name_key UNIQUE (name);


--
-- TOC entry 5330 (class 2606 OID 562448)
-- Name: spell_castingtime spell_castingtime_pkey; Type: CONSTRAINT; Schema: public; Owner: dnd_app_admin
--

ALTER TABLE ONLY public.spell_castingtime
    ADD CONSTRAINT spell_castingtime_pkey PRIMARY KEY (id);


--
-- TOC entry 5333 (class 2606 OID 562460)
-- Name: spell_magicaurastrength spell_magicaurastrength_name_key; Type: CONSTRAINT; Schema: public; Owner: dnd_app_admin
--

ALTER TABLE ONLY public.spell_magicaurastrength
    ADD CONSTRAINT spell_magicaurastrength_name_key UNIQUE (name);


--
-- TOC entry 5335 (class 2606 OID 562458)
-- Name: spell_magicaurastrength spell_magicaurastrength_pkey; Type: CONSTRAINT; Schema: public; Owner: dnd_app_admin
--

ALTER TABLE ONLY public.spell_magicaurastrength
    ADD CONSTRAINT spell_magicaurastrength_pkey PRIMARY KEY (id);


--
-- TOC entry 5338 (class 2606 OID 562470)
-- Name: spell_magicschool spell_magicschool_name_key; Type: CONSTRAINT; Schema: public; Owner: dnd_app_admin
--

ALTER TABLE ONLY public.spell_magicschool
    ADD CONSTRAINT spell_magicschool_name_key UNIQUE (name);


--
-- TOC entry 5340 (class 2606 OID 562468)
-- Name: spell_magicschool spell_magicschool_pkey; Type: CONSTRAINT; Schema: public; Owner: dnd_app_admin
--

ALTER TABLE ONLY public.spell_magicschool
    ADD CONSTRAINT spell_magicschool_pkey PRIMARY KEY (id);


--
-- TOC entry 5360 (class 2606 OID 562507)
-- Name: spell_magicsubschool spell_magicsubschool_pkey; Type: CONSTRAINT; Schema: public; Owner: dnd_app_admin
--

ALTER TABLE ONLY public.spell_magicsubschool
    ADD CONSTRAINT spell_magicsubschool_pkey PRIMARY KEY (magicschool_ptr_id);


--
-- TOC entry 5364 (class 2606 OID 562517)
-- Name: spell_spell spell_spell_name_key; Type: CONSTRAINT; Schema: public; Owner: dnd_app_admin
--

ALTER TABLE ONLY public.spell_spell
    ADD CONSTRAINT spell_spell_name_key UNIQUE (name);


--
-- TOC entry 5366 (class 2606 OID 562515)
-- Name: spell_spell spell_spell_pkey; Type: CONSTRAINT; Schema: public; Owner: dnd_app_admin
--

ALTER TABLE ONLY public.spell_spell
    ADD CONSTRAINT spell_spell_pkey PRIMARY KEY (id);


--
-- TOC entry 5343 (class 2606 OID 562480)
-- Name: spell_spellcomponent spell_spellcomponent_name_key; Type: CONSTRAINT; Schema: public; Owner: dnd_app_admin
--

ALTER TABLE ONLY public.spell_spellcomponent
    ADD CONSTRAINT spell_spellcomponent_name_key UNIQUE (name);


--
-- TOC entry 5345 (class 2606 OID 562478)
-- Name: spell_spellcomponent spell_spellcomponent_pkey; Type: CONSTRAINT; Schema: public; Owner: dnd_app_admin
--

ALTER TABLE ONLY public.spell_spellcomponent
    ADD CONSTRAINT spell_spellcomponent_pkey PRIMARY KEY (id);


--
-- TOC entry 5348 (class 2606 OID 562482)
-- Name: spell_spellcomponent spell_spellcomponent_short_name_key; Type: CONSTRAINT; Schema: public; Owner: dnd_app_admin
--

ALTER TABLE ONLY public.spell_spellcomponent
    ADD CONSTRAINT spell_spellcomponent_short_name_key UNIQUE (short_name);


--
-- TOC entry 5351 (class 2606 OID 562492)
-- Name: spell_spelldescriptor spell_spelldescriptor_name_key; Type: CONSTRAINT; Schema: public; Owner: dnd_app_admin
--

ALTER TABLE ONLY public.spell_spelldescriptor
    ADD CONSTRAINT spell_spelldescriptor_name_key UNIQUE (name);


--
-- TOC entry 5353 (class 2606 OID 562490)
-- Name: spell_spelldescriptor spell_spelldescriptor_pkey; Type: CONSTRAINT; Schema: public; Owner: dnd_app_admin
--

ALTER TABLE ONLY public.spell_spelldescriptor
    ADD CONSTRAINT spell_spelldescriptor_pkey PRIMARY KEY (id);


--
-- TOC entry 5373 (class 2606 OID 562523)
-- Name: spell_spelllevel spell_spelllevel_pkey; Type: CONSTRAINT; Schema: public; Owner: dnd_app_admin
--

ALTER TABLE ONLY public.spell_spelllevel
    ADD CONSTRAINT spell_spelllevel_pkey PRIMARY KEY (id);


--
-- TOC entry 5376 (class 2606 OID 562578)
-- Name: spell_spelllevel spell_spelllevel_spell_id_character_class_id_c5d4da0d_uniq; Type: CONSTRAINT; Schema: public; Owner: dnd_app_admin
--

ALTER TABLE ONLY public.spell_spelllevel
    ADD CONSTRAINT spell_spelllevel_spell_id_character_class_id_c5d4da0d_uniq UNIQUE (spell_id, character_class_id);


--
-- TOC entry 5356 (class 2606 OID 562502)
-- Name: spell_spellrange spell_spellrange_name_key; Type: CONSTRAINT; Schema: public; Owner: dnd_app_admin
--

ALTER TABLE ONLY public.spell_spellrange
    ADD CONSTRAINT spell_spellrange_name_key UNIQUE (name);


--
-- TOC entry 5358 (class 2606 OID 562500)
-- Name: spell_spellrange spell_spellrange_pkey; Type: CONSTRAINT; Schema: public; Owner: dnd_app_admin
--

ALTER TABLE ONLY public.spell_spellrange
    ADD CONSTRAINT spell_spellrange_pkey PRIMARY KEY (id);


--
-- TOC entry 5379 (class 2606 OID 562534)
-- Name: spell_spellspellcomponent spell_spellspellcomponent_pkey; Type: CONSTRAINT; Schema: public; Owner: dnd_app_admin
--

ALTER TABLE ONLY public.spell_spellspellcomponent
    ADD CONSTRAINT spell_spellspellcomponent_pkey PRIMARY KEY (id);


--
-- TOC entry 5381 (class 2606 OID 562593)
-- Name: spell_spellspellcomponent spell_spellspellcomponent_spell_id_component_id_b34bc06b_uniq; Type: CONSTRAINT; Schema: public; Owner: dnd_app_admin
--

ALTER TABLE ONLY public.spell_spellspellcomponent
    ADD CONSTRAINT spell_spellspellcomponent_spell_id_component_id_b34bc06b_uniq UNIQUE (spell_id, component_id);


--
-- TOC entry 5385 (class 2606 OID 562540)
-- Name: spell_spellspelldescriptor spell_spellspelldescriptor_pkey; Type: CONSTRAINT; Schema: public; Owner: dnd_app_admin
--

ALTER TABLE ONLY public.spell_spellspelldescriptor
    ADD CONSTRAINT spell_spellspelldescriptor_pkey PRIMARY KEY (id);


--
-- TOC entry 5388 (class 2606 OID 562607)
-- Name: spell_spellspelldescriptor spell_spellspelldescriptor_spell_id_descriptor_id_e9f3ed70_uniq; Type: CONSTRAINT; Schema: public; Owner: dnd_app_admin
--

ALTER TABLE ONLY public.spell_spellspelldescriptor
    ADD CONSTRAINT spell_spellspelldescriptor_spell_id_descriptor_id_e9f3ed70_uniq UNIQUE (spell_id, descriptor_id);


--
-- TOC entry 5075 (class 1259 OID 561833)
-- Name: auth_group_name_a6ea08ec_like; Type: INDEX; Schema: public; Owner: dnd_app_admin
--

CREATE INDEX auth_group_name_a6ea08ec_like ON public.auth_group USING btree (name varchar_pattern_ops);


--
-- TOC entry 5080 (class 1259 OID 561774)
-- Name: auth_group_permissions_group_id_b120cbf9; Type: INDEX; Schema: public; Owner: dnd_app_admin
--

CREATE INDEX auth_group_permissions_group_id_b120cbf9 ON public.auth_group_permissions USING btree (group_id);


--
-- TOC entry 5083 (class 1259 OID 561775)
-- Name: auth_group_permissions_permission_id_84c5c92e; Type: INDEX; Schema: public; Owner: dnd_app_admin
--

CREATE INDEX auth_group_permissions_permission_id_84c5c92e ON public.auth_group_permissions USING btree (permission_id);


--
-- TOC entry 5070 (class 1259 OID 561760)
-- Name: auth_permission_content_type_id_2f476e4b; Type: INDEX; Schema: public; Owner: dnd_app_admin
--

CREATE INDEX auth_permission_content_type_id_2f476e4b ON public.auth_permission USING btree (content_type_id);


--
-- TOC entry 5091 (class 1259 OID 561790)
-- Name: auth_user_groups_group_id_97559544; Type: INDEX; Schema: public; Owner: dnd_app_admin
--

CREATE INDEX auth_user_groups_group_id_97559544 ON public.auth_user_groups USING btree (group_id);


--
-- TOC entry 5094 (class 1259 OID 561789)
-- Name: auth_user_groups_user_id_6a12ed8b; Type: INDEX; Schema: public; Owner: dnd_app_admin
--

CREATE INDEX auth_user_groups_user_id_6a12ed8b ON public.auth_user_groups USING btree (user_id);


--
-- TOC entry 5097 (class 1259 OID 561804)
-- Name: auth_user_user_permissions_permission_id_1fbb5f2c; Type: INDEX; Schema: public; Owner: dnd_app_admin
--

CREATE INDEX auth_user_user_permissions_permission_id_1fbb5f2c ON public.auth_user_user_permissions USING btree (permission_id);


--
-- TOC entry 5100 (class 1259 OID 561803)
-- Name: auth_user_user_permissions_user_id_a95ead1b; Type: INDEX; Schema: public; Owner: dnd_app_admin
--

CREATE INDEX auth_user_user_permissions_user_id_a95ead1b ON public.auth_user_user_permissions USING btree (user_id);


--
-- TOC entry 5088 (class 1259 OID 561828)
-- Name: auth_user_username_6821ab7c_like; Type: INDEX; Schema: public; Owner: dnd_app_admin
--

CREATE INDEX auth_user_username_6821ab7c_like ON public.auth_user USING btree (username varchar_pattern_ops);


--
-- TOC entry 5532 (class 1259 OID 563089)
-- Name: character_character_alignment_id_1bb336b5; Type: INDEX; Schema: public; Owner: dnd_app_admin
--

CREATE INDEX character_character_alignment_id_1bb336b5 ON public.character_character USING btree (alignment_id);


--
-- TOC entry 5535 (class 1259 OID 563169)
-- Name: character_character_race_id_30db780b; Type: INDEX; Schema: public; Owner: dnd_app_admin
--

CREATE INDEX character_character_race_id_30db780b ON public.character_character USING btree (race_id);


--
-- TOC entry 5497 (class 1259 OID 563170)
-- Name: character_characterabilityscore_ability_id_08e102d4; Type: INDEX; Schema: public; Owner: dnd_app_admin
--

CREATE INDEX character_characterabilityscore_ability_id_08e102d4 ON public.character_characterabilityscore USING btree (ability_id);


--
-- TOC entry 5498 (class 1259 OID 563171)
-- Name: character_characterabilityscore_character_id_154f9a8b; Type: INDEX; Schema: public; Owner: dnd_app_admin
--

CREATE INDEX character_characterabilityscore_character_id_154f9a8b ON public.character_characterabilityscore USING btree (character_id);


--
-- TOC entry 5503 (class 1259 OID 563173)
-- Name: character_charactercharacterclass_character_class_id_8ac62807; Type: INDEX; Schema: public; Owner: dnd_app_admin
--

CREATE INDEX character_charactercharacterclass_character_class_id_8ac62807 ON public.character_charactercharacterclass USING btree (character_class_id);


--
-- TOC entry 5504 (class 1259 OID 563172)
-- Name: character_charactercharacterclass_character_id_7f0acd18; Type: INDEX; Schema: public; Owner: dnd_app_admin
--

CREATE INDEX character_charactercharacterclass_character_id_7f0acd18 ON public.character_charactercharacterclass USING btree (character_id);


--
-- TOC entry 5507 (class 1259 OID 563174)
-- Name: character_characterfeat_character_id_2852bf47; Type: INDEX; Schema: public; Owner: dnd_app_admin
--

CREATE INDEX character_characterfeat_character_id_2852bf47 ON public.character_characterfeat USING btree (character_id);


--
-- TOC entry 5508 (class 1259 OID 563175)
-- Name: character_characterfeat_feat_id_54fbbb5b; Type: INDEX; Schema: public; Owner: dnd_app_admin
--

CREATE INDEX character_characterfeat_feat_id_54fbbb5b ON public.character_characterfeat USING btree (feat_id);


--
-- TOC entry 5511 (class 1259 OID 563176)
-- Name: character_characterinventory_character_id_d7ca88e1; Type: INDEX; Schema: public; Owner: dnd_app_admin
--

CREATE INDEX character_characterinventory_character_id_d7ca88e1 ON public.character_characterinventory USING btree (character_id);


--
-- TOC entry 5512 (class 1259 OID 563181)
-- Name: character_characterinventory_inventory_id_70afbfad; Type: INDEX; Schema: public; Owner: dnd_app_admin
--

CREATE INDEX character_characterinventory_inventory_id_70afbfad ON public.character_characterinventory USING btree (inventory_id);


--
-- TOC entry 5515 (class 1259 OID 563177)
-- Name: character_characterlanguage_character_id_437f38ac; Type: INDEX; Schema: public; Owner: dnd_app_admin
--

CREATE INDEX character_characterlanguage_character_id_437f38ac ON public.character_characterlanguage USING btree (character_id);


--
-- TOC entry 5516 (class 1259 OID 563178)
-- Name: character_characterlanguage_language_id_66b86dda; Type: INDEX; Schema: public; Owner: dnd_app_admin
--

CREATE INDEX character_characterlanguage_language_id_66b86dda ON public.character_characterlanguage USING btree (language_id);


--
-- TOC entry 5519 (class 1259 OID 563179)
-- Name: character_characterskill_character_id_2a9aca7f; Type: INDEX; Schema: public; Owner: dnd_app_admin
--

CREATE INDEX character_characterskill_character_id_2a9aca7f ON public.character_characterskill USING btree (character_id);


--
-- TOC entry 5522 (class 1259 OID 563180)
-- Name: character_characterskill_skill_id_c2a71938; Type: INDEX; Schema: public; Owner: dnd_app_admin
--

CREATE INDEX character_characterskill_skill_id_c2a71938 ON public.character_characterskill USING btree (skill_id);


--
-- TOC entry 5224 (class 1259 OID 562178)
-- Name: character_class_bsbprogression_ability_id_21ce4c7a; Type: INDEX; Schema: public; Owner: dnd_app_admin
--

CREATE INDEX character_class_bsbprogression_ability_id_21ce4c7a ON public.character_class_bsbprogression USING btree (ability_id);


--
-- TOC entry 5202 (class 1259 OID 562170)
-- Name: character_class_characterclass_bab_progression_id_fd81d6cb; Type: INDEX; Schema: public; Owner: dnd_app_admin
--

CREATE INDEX character_class_characterclass_bab_progression_id_fd81d6cb ON public.character_class_characterclass USING btree (bab_progression_id);


--
-- TOC entry 5203 (class 1259 OID 562171)
-- Name: character_class_characterclass_hit_die_id_6feb2263; Type: INDEX; Schema: public; Owner: dnd_app_admin
--

CREATE INDEX character_class_characterclass_hit_die_id_6feb2263 ON public.character_class_characterclass USING btree (hit_die_id);


--
-- TOC entry 5204 (class 1259 OID 562169)
-- Name: character_class_characterclass_name_0a9ab007_like; Type: INDEX; Schema: public; Owner: dnd_app_admin
--

CREATE INDEX character_class_characterclass_name_0a9ab007_like ON public.character_class_characterclass USING btree (name varchar_pattern_ops);


--
-- TOC entry 5209 (class 1259 OID 562172)
-- Name: character_class_characterclass_source_id_9abf271a; Type: INDEX; Schema: public; Owner: dnd_app_admin
--

CREATE INDEX character_class_characterclass_source_id_9abf271a ON public.character_class_characterclass USING btree (source_id);


--
-- TOC entry 5231 (class 1259 OID 562194)
-- Name: character_class_classalignment_alignment_id_e167872e; Type: INDEX; Schema: public; Owner: dnd_app_admin
--

CREATE INDEX character_class_classalignment_alignment_id_e167872e ON public.character_class_classalignment USING btree (alignment_id);


--
-- TOC entry 5232 (class 1259 OID 562195)
-- Name: character_class_classalignment_character_class_id_eb61cadc; Type: INDEX; Schema: public; Owner: dnd_app_admin
--

CREATE INDEX character_class_classalignment_character_class_id_eb61cadc ON public.character_class_classalignment USING btree (character_class_id);


--
-- TOC entry 5237 (class 1259 OID 562206)
-- Name: character_class_classbonuslanguage_character_class_id_98e0f0a6; Type: INDEX; Schema: public; Owner: dnd_app_admin
--

CREATE INDEX character_class_classbonuslanguage_character_class_id_98e0f0a6 ON public.character_class_classbonuslanguage USING btree (character_class_id);


--
-- TOC entry 5238 (class 1259 OID 562207)
-- Name: character_class_classbonuslanguage_language_id_6c5cd998; Type: INDEX; Schema: public; Owner: dnd_app_admin
--

CREATE INDEX character_class_classbonuslanguage_language_id_6c5cd998 ON public.character_class_classbonuslanguage USING btree (language_id);


--
-- TOC entry 5243 (class 1259 OID 562218)
-- Name: character_class_classbsbprogression_bsb_progression_id_30e0526a; Type: INDEX; Schema: public; Owner: dnd_app_admin
--

CREATE INDEX character_class_classbsbprogression_bsb_progression_id_30e0526a ON public.character_class_classbsbprogression USING btree (bsb_progression_id);


--
-- TOC entry 5244 (class 1259 OID 562219)
-- Name: character_class_classbsbprogression_character_class_id_d4ad1b7f; Type: INDEX; Schema: public; Owner: dnd_app_admin
--

CREATE INDEX character_class_classbsbprogression_character_class_id_d4ad1b7f ON public.character_class_classbsbprogression USING btree (character_class_id);


--
-- TOC entry 5249 (class 1259 OID 562230)
-- Name: character_class_classskill_character_class_id_36a736f2; Type: INDEX; Schema: public; Owner: dnd_app_admin
--

CREATE INDEX character_class_classskill_character_class_id_36a736f2 ON public.character_class_classskill USING btree (character_class_id);


--
-- TOC entry 5252 (class 1259 OID 562231)
-- Name: character_class_classskill_skill_id_fb4ae349; Type: INDEX; Schema: public; Owner: dnd_app_admin
--

CREATE INDEX character_class_classskill_skill_id_fb4ae349 ON public.character_class_classskill USING btree (skill_id);


--
-- TOC entry 5253 (class 1259 OID 562242)
-- Name: character_class_classtrait_character_class_id_078d5eef; Type: INDEX; Schema: public; Owner: dnd_app_admin
--

CREATE INDEX character_class_classtrait_character_class_id_078d5eef ON public.character_class_classtrait USING btree (character_class_id);


--
-- TOC entry 5256 (class 1259 OID 562243)
-- Name: character_class_classtrait_trait_id_2574198f; Type: INDEX; Schema: public; Owner: dnd_app_admin
--

CREATE INDEX character_class_classtrait_trait_id_2574198f ON public.character_class_classtrait USING btree (trait_id);


--
-- TOC entry 5265 (class 1259 OID 562255)
-- Name: character_class_prestigecl_language_id_ea4b3460; Type: INDEX; Schema: public; Owner: dnd_app_admin
--

CREATE INDEX character_class_prestigecl_language_id_ea4b3460 ON public.character_class_prestigeclasslanguagerequirement USING btree (language_id);


--
-- TOC entry 5212 (class 1259 OID 563024)
-- Name: character_class_prestigecl_prestige_class_id_542f4a1d; Type: INDEX; Schema: public; Owner: dnd_app_admin
--

CREATE INDEX character_class_prestigecl_prestige_class_id_542f4a1d ON public.character_class_prestigeclassracerequirement USING btree (prestige_class_id);


--
-- TOC entry 5266 (class 1259 OID 563025)
-- Name: character_class_prestigecl_prestige_class_id_941436b8; Type: INDEX; Schema: public; Owner: dnd_app_admin
--

CREATE INDEX character_class_prestigecl_prestige_class_id_941436b8 ON public.character_class_prestigeclasslanguagerequirement USING btree (prestige_class_id);


--
-- TOC entry 5259 (class 1259 OID 563026)
-- Name: character_class_prestigecl_prestige_class_id_d6842413; Type: INDEX; Schema: public; Owner: dnd_app_admin
--

CREATE INDEX character_class_prestigecl_prestige_class_id_d6842413 ON public.character_class_prestigeclassfeatrequirement USING btree (prestige_class_id);


--
-- TOC entry 5218 (class 1259 OID 563023)
-- Name: character_class_prestigecl_prestige_class_id_f592f84f; Type: INDEX; Schema: public; Owner: dnd_app_admin
--

CREATE INDEX character_class_prestigecl_prestige_class_id_f592f84f ON public.character_class_prestigeclassskillrankrequirement USING btree (prestige_class_id);


--
-- TOC entry 5219 (class 1259 OID 563022)
-- Name: character_class_prestigecl_skill_id_d5b139ed; Type: INDEX; Schema: public; Owner: dnd_app_admin
--

CREATE INDEX character_class_prestigecl_skill_id_d5b139ed ON public.character_class_prestigeclassskillrankrequirement USING btree (skill_id);


--
-- TOC entry 5260 (class 1259 OID 562249)
-- Name: character_class_prestigeclassfeatrequirement_feat_id_97f47695; Type: INDEX; Schema: public; Owner: dnd_app_admin
--

CREATE INDEX character_class_prestigeclassfeatrequirement_feat_id_97f47695 ON public.character_class_prestigeclassfeatrequirement USING btree (feat_id);


--
-- TOC entry 5215 (class 1259 OID 563021)
-- Name: character_class_prestigeclassracerequirement_race_id_0677afce; Type: INDEX; Schema: public; Owner: dnd_app_admin
--

CREATE INDEX character_class_prestigeclassracerequirement_race_id_0677afce ON public.character_class_prestigeclassracerequirement USING btree (race_id);


--
-- TOC entry 5523 (class 1259 OID 563083)
-- Name: character_inventory_name_9f050f68_like; Type: INDEX; Schema: public; Owner: dnd_app_admin
--

CREATE INDEX character_inventory_name_9f050f68_like ON public.character_inventory USING btree (name varchar_pattern_ops);


--
-- TOC entry 5528 (class 1259 OID 563182)
-- Name: character_inventoryitem_inventory_id_2ea01ce0; Type: INDEX; Schema: public; Owner: dnd_app_admin
--

CREATE INDEX character_inventoryitem_inventory_id_2ea01ce0 ON public.character_inventoryitem USING btree (inventory_id);


--
-- TOC entry 5529 (class 1259 OID 563183)
-- Name: character_inventoryitem_item_id_3c8e9084; Type: INDEX; Schema: public; Owner: dnd_app_admin
--

CREATE INDEX character_inventoryitem_item_id_3c8e9084 ON public.character_inventoryitem USING btree (item_id);


--
-- TOC entry 5107 (class 1259 OID 561917)
-- Name: common_ability_abbreviation_07510dd7_like; Type: INDEX; Schema: public; Owner: dnd_app_admin
--

CREATE INDEX common_ability_abbreviation_07510dd7_like ON public.common_ability USING btree (abbreviation varchar_pattern_ops);


--
-- TOC entry 5110 (class 1259 OID 561916)
-- Name: common_ability_name_d324fa76_like; Type: INDEX; Schema: public; Owner: dnd_app_admin
--

CREATE INDEX common_ability_name_d324fa76_like ON public.common_ability USING btree (name varchar_pattern_ops);


--
-- TOC entry 5115 (class 1259 OID 561919)
-- Name: common_alignment_abbreviation_fe45941a_like; Type: INDEX; Schema: public; Owner: dnd_app_admin
--

CREATE INDEX common_alignment_abbreviation_fe45941a_like ON public.common_alignment USING btree (abbreviation varchar_pattern_ops);


--
-- TOC entry 5118 (class 1259 OID 561918)
-- Name: common_alignment_name_217fdd17_like; Type: INDEX; Schema: public; Owner: dnd_app_admin
--

CREATE INDEX common_alignment_name_217fdd17_like ON public.common_alignment USING btree (name varchar_pattern_ops);


--
-- TOC entry 5127 (class 1259 OID 561920)
-- Name: common_durationunit_name_39fd1c60_like; Type: INDEX; Schema: public; Owner: dnd_app_admin
--

CREATE INDEX common_durationunit_name_39fd1c60_like ON public.common_durationunit USING btree (name varchar_pattern_ops);


--
-- TOC entry 5130 (class 1259 OID 561921)
-- Name: common_durationunit_name_plural_58150384_like; Type: INDEX; Schema: public; Owner: dnd_app_admin
--

CREATE INDEX common_durationunit_name_plural_58150384_like ON public.common_durationunit USING btree (name_plural varchar_pattern_ops);


--
-- TOC entry 5145 (class 1259 OID 561929)
-- Name: common_language_name_457d6be8_like; Type: INDEX; Schema: public; Owner: dnd_app_admin
--

CREATE INDEX common_language_name_457d6be8_like ON public.common_language USING btree (name varchar_pattern_ops);


--
-- TOC entry 5150 (class 1259 OID 561930)
-- Name: common_language_source_id_fdc82423; Type: INDEX; Schema: public; Owner: dnd_app_admin
--

CREATE INDEX common_language_source_id_fdc82423 ON public.common_language USING btree (source_id);


--
-- TOC entry 5135 (class 1259 OID 561922)
-- Name: common_source_name_4861a09a_like; Type: INDEX; Schema: public; Owner: dnd_app_admin
--

CREATE INDEX common_source_name_4861a09a_like ON public.common_source USING btree (name varchar_pattern_ops);


--
-- TOC entry 5153 (class 1259 OID 561936)
-- Name: common_trait_short_description_050cc23e_like; Type: INDEX; Schema: public; Owner: dnd_app_admin
--

CREATE INDEX common_trait_short_description_050cc23e_like ON public.common_trait USING btree (short_description varchar_pattern_ops);


--
-- TOC entry 5156 (class 1259 OID 561937)
-- Name: common_trait_trait_classification_id_763ffa16; Type: INDEX; Schema: public; Owner: dnd_app_admin
--

CREATE INDEX common_trait_trait_classification_id_763ffa16 ON public.common_trait USING btree (trait_classification_id);


--
-- TOC entry 5140 (class 1259 OID 561923)
-- Name: common_traitclassification_name_f3640f61_like; Type: INDEX; Schema: public; Owner: dnd_app_admin
--

CREATE INDEX common_traitclassification_name_f3640f61_like ON public.common_traitclassification USING btree (name varchar_pattern_ops);


--
-- TOC entry 5103 (class 1259 OID 561824)
-- Name: django_admin_log_content_type_id_c4bce8eb; Type: INDEX; Schema: public; Owner: dnd_app_admin
--

CREATE INDEX django_admin_log_content_type_id_c4bce8eb ON public.django_admin_log USING btree (content_type_id);


--
-- TOC entry 5106 (class 1259 OID 561825)
-- Name: django_admin_log_user_id_c564eba6; Type: INDEX; Schema: public; Owner: dnd_app_admin
--

CREATE INDEX django_admin_log_user_id_c564eba6 ON public.django_admin_log USING btree (user_id);


--
-- TOC entry 5536 (class 1259 OID 563192)
-- Name: django_session_expire_date_a5c62663; Type: INDEX; Schema: public; Owner: dnd_app_admin
--

CREATE INDEX django_session_expire_date_a5c62663 ON public.django_session USING btree (expire_date);


--
-- TOC entry 5539 (class 1259 OID 563191)
-- Name: django_session_session_key_c0390e0f_like; Type: INDEX; Schema: public; Owner: dnd_app_admin
--

CREATE INDEX django_session_session_key_c0390e0f_like ON public.django_session USING btree (session_key varchar_pattern_ops);


--
-- TOC entry 5168 (class 1259 OID 562005)
-- Name: feat_feat_name_e6dbc831_like; Type: INDEX; Schema: public; Owner: dnd_app_admin
--

CREATE INDEX feat_feat_name_e6dbc831_like ON public.feat_feat USING btree (name varchar_pattern_ops);


--
-- TOC entry 5173 (class 1259 OID 562006)
-- Name: feat_feat_source_id_d2b45b79; Type: INDEX; Schema: public; Owner: dnd_app_admin
--

CREATE INDEX feat_feat_source_id_d2b45b79 ON public.feat_feat USING btree (source_id);


--
-- TOC entry 5174 (class 1259 OID 562019)
-- Name: feat_featabilityprerequisite_ability_id_6fcb066e; Type: INDEX; Schema: public; Owner: dnd_app_admin
--

CREATE INDEX feat_featabilityprerequisite_ability_id_6fcb066e ON public.feat_featabilityprerequisite USING btree (ability_id);


--
-- TOC entry 5175 (class 1259 OID 562020)
-- Name: feat_featabilityprerequisite_feat_id_149db254; Type: INDEX; Schema: public; Owner: dnd_app_admin
--

CREATE INDEX feat_featabilityprerequisite_feat_id_149db254 ON public.feat_featabilityprerequisite USING btree (feat_id);


--
-- TOC entry 5184 (class 1259 OID 562034)
-- Name: feat_featfeatprerequisite_prerequisite_for_feat_id_9dd3913b; Type: INDEX; Schema: public; Owner: dnd_app_admin
--

CREATE INDEX feat_featfeatprerequisite_prerequisite_for_feat_id_9dd3913b ON public.feat_featfeatprerequisite USING btree (prerequisite_for_feat_id);


--
-- TOC entry 5185 (class 1259 OID 562033)
-- Name: feat_featfeatprerequisite_prerequisite_id_d212a3f5; Type: INDEX; Schema: public; Owner: dnd_app_admin
--

CREATE INDEX feat_featfeatprerequisite_prerequisite_id_d212a3f5 ON public.feat_featfeatprerequisite USING btree (prerequisite_id);


--
-- TOC entry 5186 (class 1259 OID 562047)
-- Name: feat_featskillprerequisite_feat_id_a8e98edb; Type: INDEX; Schema: public; Owner: dnd_app_admin
--

CREATE INDEX feat_featskillprerequisite_feat_id_a8e98edb ON public.feat_featskillprerequisite USING btree (feat_id);


--
-- TOC entry 5191 (class 1259 OID 562048)
-- Name: feat_featskillprerequisite_skill_id_2934e0a6; Type: INDEX; Schema: public; Owner: dnd_app_admin
--

CREATE INDEX feat_featskillprerequisite_skill_id_2934e0a6 ON public.feat_featskillprerequisite USING btree (skill_id);


--
-- TOC entry 5192 (class 1259 OID 562061)
-- Name: feat_feattypeoffeat_feat_id_695d9b3e; Type: INDEX; Schema: public; Owner: dnd_app_admin
--

CREATE INDEX feat_feattypeoffeat_feat_id_695d9b3e ON public.feat_feattypeoffeat USING btree (feat_id);


--
-- TOC entry 5197 (class 1259 OID 562062)
-- Name: feat_feattypeoffeat_type_of_feat_id_2a84f0ee; Type: INDEX; Schema: public; Owner: dnd_app_admin
--

CREATE INDEX feat_feattypeoffeat_type_of_feat_id_2a84f0ee ON public.feat_feattypeoffeat USING btree (type_of_feat_id);


--
-- TOC entry 5163 (class 1259 OID 561999)
-- Name: feat_typeoffeat_name_f50d204f_like; Type: INDEX; Schema: public; Owner: dnd_app_admin
--

CREATE INDEX feat_typeoffeat_name_f50d204f_like ON public.feat_typeoffeat USING btree (name varchar_pattern_ops);


--
-- TOC entry 5417 (class 1259 OID 562933)
-- Name: item_armor_armor_type_id_5e28eb72; Type: INDEX; Schema: public; Owner: dnd_app_admin
--

CREATE INDEX item_armor_armor_type_id_5e28eb72 ON public.item_armor USING btree (armor_type_id);


--
-- TOC entry 5420 (class 1259 OID 562934)
-- Name: item_armor_special_material_id_2c17892a; Type: INDEX; Schema: public; Owner: dnd_app_admin
--

CREATE INDEX item_armor_special_material_id_2c17892a ON public.item_armor USING btree (special_material_id);


--
-- TOC entry 5473 (class 1259 OID 562932)
-- Name: item_armorarmormagicability_armor_id_be839f51; Type: INDEX; Schema: public; Owner: dnd_app_admin
--

CREATE INDEX item_armorarmormagicability_armor_id_be839f51 ON public.item_armorarmormagicability USING btree (armor_id);


--
-- TOC entry 5474 (class 1259 OID 562931)
-- Name: item_armorarmormagicability_armor_magic_ability_id_105cbb4b; Type: INDEX; Schema: public; Owner: dnd_app_admin
--

CREATE INDEX item_armorarmormagicability_armor_magic_ability_id_105cbb4b ON public.item_armorarmormagicability USING btree (armor_magic_ability_id);


--
-- TOC entry 5425 (class 1259 OID 562839)
-- Name: item_armormagicability_magic_aura_strength_id_68f0cd25; Type: INDEX; Schema: public; Owner: dnd_app_admin
--

CREATE INDEX item_armormagicability_magic_aura_strength_id_68f0cd25 ON public.item_armormagicability USING btree (magic_aura_strength_id);


--
-- TOC entry 5426 (class 1259 OID 562840)
-- Name: item_armormagicability_magic_aura_type_id_9b961f12; Type: INDEX; Schema: public; Owner: dnd_app_admin
--

CREATE INDEX item_armormagicability_magic_aura_type_id_9b961f12 ON public.item_armormagicability USING btree (magic_aura_type_id);


--
-- TOC entry 5427 (class 1259 OID 562838)
-- Name: item_armormagicability_name_942b3cae_like; Type: INDEX; Schema: public; Owner: dnd_app_admin
--

CREATE INDEX item_armormagicability_name_942b3cae_like ON public.item_armormagicability USING btree (name varchar_pattern_ops);


--
-- TOC entry 5432 (class 1259 OID 562841)
-- Name: item_armormagicability_source_id_ba45c5d4; Type: INDEX; Schema: public; Owner: dnd_app_admin
--

CREATE INDEX item_armormagicability_source_id_ba45c5d4 ON public.item_armormagicability USING btree (source_id);


--
-- TOC entry 5435 (class 1259 OID 562854)
-- Name: item_armormagicabilityfeat_armor_magic_ability_id_3bb9acb1; Type: INDEX; Schema: public; Owner: dnd_app_admin
--

CREATE INDEX item_armormagicabilityfeat_armor_magic_ability_id_3bb9acb1 ON public.item_armormagicabilityfeat USING btree (armor_magic_ability_id);


--
-- TOC entry 5436 (class 1259 OID 562855)
-- Name: item_armormagicabilityfeat_feat_id_5fd63137; Type: INDEX; Schema: public; Owner: dnd_app_admin
--

CREATE INDEX item_armormagicabilityfeat_feat_id_5fd63137 ON public.item_armormagicabilityfeat USING btree (feat_id);


--
-- TOC entry 5441 (class 1259 OID 562868)
-- Name: item_armormagicabilityspell_armor_magic_ability_id_f1d07fec; Type: INDEX; Schema: public; Owner: dnd_app_admin
--

CREATE INDEX item_armormagicabilityspell_armor_magic_ability_id_f1d07fec ON public.item_armormagicabilityspell USING btree (armor_magic_ability_id);


--
-- TOC entry 5444 (class 1259 OID 562869)
-- Name: item_armormagicabilityspell_spell_id_79941acd; Type: INDEX; Schema: public; Owner: dnd_app_admin
--

CREATE INDEX item_armormagicabilityspell_spell_id_79941acd ON public.item_armormagicabilityspell USING btree (spell_id);


--
-- TOC entry 5397 (class 1259 OID 562809)
-- Name: item_armortype_name_b05de801_like; Type: INDEX; Schema: public; Owner: dnd_app_admin
--

CREATE INDEX item_armortype_name_b05de801_like ON public.item_armortype USING btree (name varchar_pattern_ops);


--
-- TOC entry 5389 (class 1259 OID 562870)
-- Name: item_item_category_id_7971a411; Type: INDEX; Schema: public; Owner: dnd_app_admin
--

CREATE INDEX item_item_category_id_7971a411 ON public.item_item USING btree (category_id);


--
-- TOC entry 5390 (class 1259 OID 562806)
-- Name: item_item_name_06759196_like; Type: INDEX; Schema: public; Owner: dnd_app_admin
--

CREATE INDEX item_item_name_06759196_like ON public.item_item USING btree (name varchar_pattern_ops);


--
-- TOC entry 5395 (class 1259 OID 562807)
-- Name: item_item_size_id_bccc0a25; Type: INDEX; Schema: public; Owner: dnd_app_admin
--

CREATE INDEX item_item_size_id_bccc0a25 ON public.item_item USING btree (size_id);


--
-- TOC entry 5396 (class 1259 OID 562808)
-- Name: item_item_source_id_71e33ab7; Type: INDEX; Schema: public; Owner: dnd_app_admin
--

CREATE INDEX item_item_source_id_71e33ab7 ON public.item_item USING btree (source_id);


--
-- TOC entry 5402 (class 1259 OID 562810)
-- Name: item_itemcategory_name_8bb3456d_like; Type: INDEX; Schema: public; Owner: dnd_app_admin
--

CREATE INDEX item_itemcategory_name_8bb3456d_like ON public.item_itemcategory USING btree (name varchar_pattern_ops);


--
-- TOC entry 5445 (class 1259 OID 562876)
-- Name: item_specialmaterial_name_cbb80b55_like; Type: INDEX; Schema: public; Owner: dnd_app_admin
--

CREATE INDEX item_specialmaterial_name_cbb80b55_like ON public.item_specialmaterial USING btree (name varchar_pattern_ops);


--
-- TOC entry 5450 (class 1259 OID 562877)
-- Name: item_specialmaterial_source_id_310403bb; Type: INDEX; Schema: public; Owner: dnd_app_admin
--

CREATE INDEX item_specialmaterial_source_id_310403bb ON public.item_specialmaterial USING btree (source_id);


--
-- TOC entry 5423 (class 1259 OID 562971)
-- Name: item_weapon_special_material_id_e07ac82b; Type: INDEX; Schema: public; Owner: dnd_app_admin
--

CREATE INDEX item_weapon_special_material_id_e07ac82b ON public.item_weapon USING btree (special_material_id);


--
-- TOC entry 5424 (class 1259 OID 562972)
-- Name: item_weapon_weapon_damage_type_id_b829ee98; Type: INDEX; Schema: public; Owner: dnd_app_admin
--

CREATE INDEX item_weapon_weapon_damage_type_id_b829ee98 ON public.item_weapon USING btree (weapon_damage_type_id);


--
-- TOC entry 5407 (class 1259 OID 562811)
-- Name: item_weaponcategory_name_87744f0d_like; Type: INDEX; Schema: public; Owner: dnd_app_admin
--

CREATE INDEX item_weaponcategory_name_87744f0d_like ON public.item_weaponcategory USING btree (name varchar_pattern_ops);


--
-- TOC entry 5412 (class 1259 OID 562812)
-- Name: item_weapondamagetype_name_389b1ed7_like; Type: INDEX; Schema: public; Owner: dnd_app_admin
--

CREATE INDEX item_weapondamagetype_name_389b1ed7_like ON public.item_weapondamagetype USING btree (name varchar_pattern_ops);


--
-- TOC entry 5451 (class 1259 OID 562894)
-- Name: item_weaponmagicability_magic_aura_strength_id_21539da1; Type: INDEX; Schema: public; Owner: dnd_app_admin
--

CREATE INDEX item_weaponmagicability_magic_aura_strength_id_21539da1 ON public.item_weaponmagicability USING btree (magic_aura_strength_id);


--
-- TOC entry 5452 (class 1259 OID 562895)
-- Name: item_weaponmagicability_magic_aura_type_id_d8245a59; Type: INDEX; Schema: public; Owner: dnd_app_admin
--

CREATE INDEX item_weaponmagicability_magic_aura_type_id_d8245a59 ON public.item_weaponmagicability USING btree (magic_aura_type_id);


--
-- TOC entry 5453 (class 1259 OID 562893)
-- Name: item_weaponmagicability_name_e8da7c0d_like; Type: INDEX; Schema: public; Owner: dnd_app_admin
--

CREATE INDEX item_weaponmagicability_name_e8da7c0d_like ON public.item_weaponmagicability USING btree (name varchar_pattern_ops);


--
-- TOC entry 5458 (class 1259 OID 562896)
-- Name: item_weaponmagicability_source_id_497c55a5; Type: INDEX; Schema: public; Owner: dnd_app_admin
--

CREATE INDEX item_weaponmagicability_source_id_497c55a5 ON public.item_weaponmagicability USING btree (source_id);


--
-- TOC entry 5461 (class 1259 OID 562907)
-- Name: item_weaponmagicabilityfeat_feat_id_2e8a02e8; Type: INDEX; Schema: public; Owner: dnd_app_admin
--

CREATE INDEX item_weaponmagicabilityfeat_feat_id_2e8a02e8 ON public.item_weaponmagicabilityfeat USING btree (feat_id);


--
-- TOC entry 5464 (class 1259 OID 562908)
-- Name: item_weaponmagicabilityfeat_weapon_magic_ability_id_aed91a60; Type: INDEX; Schema: public; Owner: dnd_app_admin
--

CREATE INDEX item_weaponmagicabilityfeat_weapon_magic_ability_id_aed91a60 ON public.item_weaponmagicabilityfeat USING btree (weapon_magic_ability_id);


--
-- TOC entry 5469 (class 1259 OID 562919)
-- Name: item_weaponmagicabilityspell_spell_id_a465343d; Type: INDEX; Schema: public; Owner: dnd_app_admin
--

CREATE INDEX item_weaponmagicabilityspell_spell_id_a465343d ON public.item_weaponmagicabilityspell USING btree (spell_id);


--
-- TOC entry 5470 (class 1259 OID 562920)
-- Name: item_weaponmagicabilityspell_weapon_magic_ability_id_9904dae4; Type: INDEX; Schema: public; Owner: dnd_app_admin
--

CREATE INDEX item_weaponmagicabilityspell_weapon_magic_ability_id_9904dae4 ON public.item_weaponmagicabilityspell USING btree (weapon_magic_ability_id);


--
-- TOC entry 5493 (class 1259 OID 562969)
-- Name: item_weaponweaponcategory_weapon_category_id_a0e603cf; Type: INDEX; Schema: public; Owner: dnd_app_admin
--

CREATE INDEX item_weaponweaponcategory_weapon_category_id_a0e603cf ON public.item_weaponweaponcategory USING btree (weapon_category_id);


--
-- TOC entry 5494 (class 1259 OID 562970)
-- Name: item_weaponweaponcategory_weapon_id_a2f35f26; Type: INDEX; Schema: public; Owner: dnd_app_admin
--

CREATE INDEX item_weaponweaponcategory_weapon_id_a2f35f26 ON public.item_weaponweaponcategory USING btree (weapon_id);


--
-- TOC entry 5487 (class 1259 OID 562957)
-- Name: item_weaponweapondamagetype_weapon_damage_type_id_e0583353; Type: INDEX; Schema: public; Owner: dnd_app_admin
--

CREATE INDEX item_weaponweapondamagetype_weapon_damage_type_id_e0583353 ON public.item_weaponweapondamagetype USING btree (weapon_damage_type_id);


--
-- TOC entry 5488 (class 1259 OID 562958)
-- Name: item_weaponweapondamagetype_weapon_id_3e5b705c; Type: INDEX; Schema: public; Owner: dnd_app_admin
--

CREATE INDEX item_weaponweapondamagetype_weapon_id_3e5b705c ON public.item_weaponweapondamagetype USING btree (weapon_id);


--
-- TOC entry 5481 (class 1259 OID 562946)
-- Name: item_weaponweaponmagicability_weapon_id_80586df8; Type: INDEX; Schema: public; Owner: dnd_app_admin
--

CREATE INDEX item_weaponweaponmagicability_weapon_id_80586df8 ON public.item_weaponweaponmagicability USING btree (weapon_id);


--
-- TOC entry 5482 (class 1259 OID 562945)
-- Name: item_weaponweaponmagicability_weapon_magic_ability_id_ca0e1949; Type: INDEX; Schema: public; Owner: dnd_app_admin
--

CREATE INDEX item_weaponweaponmagicability_weapon_magic_ability_id_ca0e1949 ON public.item_weaponweaponmagicability USING btree (weapon_magic_ability_id);


--
-- TOC entry 5274 (class 1259 OID 562343)
-- Name: race_abilitymodifier_ability_id_75201994; Type: INDEX; Schema: public; Owner: dnd_app_admin
--

CREATE INDEX race_abilitymodifier_ability_id_75201994 ON public.race_abilitymodifier USING btree (ability_id);


--
-- TOC entry 5279 (class 1259 OID 562349)
-- Name: race_charactertype_name_4c2381fa_like; Type: INDEX; Schema: public; Owner: dnd_app_admin
--

CREATE INDEX race_charactertype_name_4c2381fa_like ON public.race_charactertype USING btree (name varchar_pattern_ops);


--
-- TOC entry 5284 (class 1259 OID 562350)
-- Name: race_charactertype_source_id_6a4e7459; Type: INDEX; Schema: public; Owner: dnd_app_admin
--

CREATE INDEX race_charactertype_source_id_6a4e7459 ON public.race_charactertype USING btree (source_id);


--
-- TOC entry 5285 (class 1259 OID 562363)
-- Name: race_charactertypetrait_character_type_id_35db6500; Type: INDEX; Schema: public; Owner: dnd_app_admin
--

CREATE INDEX race_charactertypetrait_character_type_id_35db6500 ON public.race_charactertypetrait USING btree (character_type_id);


--
-- TOC entry 5290 (class 1259 OID 562364)
-- Name: race_charactertypetrait_trait_id_ef1ccc37; Type: INDEX; Schema: public; Owner: dnd_app_admin
--

CREATE INDEX race_charactertypetrait_trait_id_ef1ccc37 ON public.race_charactertypetrait USING btree (trait_id);


--
-- TOC entry 5291 (class 1259 OID 562370)
-- Name: race_race_name_596b8621_like; Type: INDEX; Schema: public; Owner: dnd_app_admin
--

CREATE INDEX race_race_name_596b8621_like ON public.race_race USING btree (name varchar_pattern_ops);


--
-- TOC entry 5296 (class 1259 OID 562440)
-- Name: race_race_size_id_6f3a2607; Type: INDEX; Schema: public; Owner: dnd_app_admin
--

CREATE INDEX race_race_size_id_6f3a2607 ON public.race_race USING btree (size_id);


--
-- TOC entry 5297 (class 1259 OID 562371)
-- Name: race_race_source_id_3da4af6b; Type: INDEX; Schema: public; Owner: dnd_app_admin
--

CREATE INDEX race_race_source_id_3da4af6b ON public.race_race USING btree (source_id);


--
-- TOC entry 5298 (class 1259 OID 562384)
-- Name: race_raceabilitymodifier_ability_modifier_id_b3570781; Type: INDEX; Schema: public; Owner: dnd_app_admin
--

CREATE INDEX race_raceabilitymodifier_ability_modifier_id_b3570781 ON public.race_raceabilitymodifier USING btree (ability_modifier_id);


--
-- TOC entry 5301 (class 1259 OID 562385)
-- Name: race_raceabilitymodifier_race_id_835375e2; Type: INDEX; Schema: public; Owner: dnd_app_admin
--

CREATE INDEX race_raceabilitymodifier_race_id_835375e2 ON public.race_raceabilitymodifier USING btree (race_id);


--
-- TOC entry 5304 (class 1259 OID 562398)
-- Name: race_racefavoredclass_character_class_id_2c6200bf; Type: INDEX; Schema: public; Owner: dnd_app_admin
--

CREATE INDEX race_racefavoredclass_character_class_id_2c6200bf ON public.race_racefavoredclass USING btree (character_class_id);


--
-- TOC entry 5307 (class 1259 OID 562399)
-- Name: race_racefavoredclass_race_id_11876503; Type: INDEX; Schema: public; Owner: dnd_app_admin
--

CREATE INDEX race_racefavoredclass_race_id_11876503 ON public.race_racefavoredclass USING btree (race_id);


--
-- TOC entry 5310 (class 1259 OID 562412)
-- Name: race_racelanguage_language_id_15ff2f2a; Type: INDEX; Schema: public; Owner: dnd_app_admin
--

CREATE INDEX race_racelanguage_language_id_15ff2f2a ON public.race_racelanguage USING btree (language_id);


--
-- TOC entry 5313 (class 1259 OID 562413)
-- Name: race_racelanguage_race_id_c9399dd4; Type: INDEX; Schema: public; Owner: dnd_app_admin
--

CREATE INDEX race_racelanguage_race_id_c9399dd4 ON public.race_racelanguage USING btree (race_id);


--
-- TOC entry 5318 (class 1259 OID 562424)
-- Name: race_racetrait_race_id_1cafcc4b; Type: INDEX; Schema: public; Owner: dnd_app_admin
--

CREATE INDEX race_racetrait_race_id_1cafcc4b ON public.race_racetrait USING btree (race_id);


--
-- TOC entry 5319 (class 1259 OID 562425)
-- Name: race_racetrait_trait_id_7768f76b; Type: INDEX; Schema: public; Owner: dnd_app_admin
--

CREATE INDEX race_racetrait_trait_id_7768f76b ON public.race_racetrait USING btree (trait_id);


--
-- TOC entry 5320 (class 1259 OID 562438)
-- Name: race_racetype_character_type_id_c14d6be8; Type: INDEX; Schema: public; Owner: dnd_app_admin
--

CREATE INDEX race_racetype_character_type_id_c14d6be8 ON public.race_racetype USING btree (character_type_id);


--
-- TOC entry 5325 (class 1259 OID 562439)
-- Name: race_racetype_race_id_fe9d4bde; Type: INDEX; Schema: public; Owner: dnd_app_admin
--

CREATE INDEX race_racetype_race_id_fe9d4bde ON public.race_racetype USING btree (race_id);


--
-- TOC entry 5269 (class 1259 OID 562335)
-- Name: race_size_name_33072769_like; Type: INDEX; Schema: public; Owner: dnd_app_admin
--

CREATE INDEX race_size_name_33072769_like ON public.race_size USING btree (name varchar_pattern_ops);


--
-- TOC entry 5157 (class 1259 OID 561954)
-- Name: skill_skill_ability_id_8960783e; Type: INDEX; Schema: public; Owner: dnd_app_admin
--

CREATE INDEX skill_skill_ability_id_8960783e ON public.skill_skill USING btree (ability_id);


--
-- TOC entry 5158 (class 1259 OID 561953)
-- Name: skill_skill_name_07546601_like; Type: INDEX; Schema: public; Owner: dnd_app_admin
--

CREATE INDEX skill_skill_name_07546601_like ON public.skill_skill USING btree (name varchar_pattern_ops);


--
-- TOC entry 5326 (class 1259 OID 562546)
-- Name: spell_castingtime_name_e7ffe4cf_like; Type: INDEX; Schema: public; Owner: dnd_app_admin
--

CREATE INDEX spell_castingtime_name_e7ffe4cf_like ON public.spell_castingtime USING btree (name varchar_pattern_ops);


--
-- TOC entry 5331 (class 1259 OID 562547)
-- Name: spell_magicaurastrength_name_d30d781f_like; Type: INDEX; Schema: public; Owner: dnd_app_admin
--

CREATE INDEX spell_magicaurastrength_name_d30d781f_like ON public.spell_magicaurastrength USING btree (name varchar_pattern_ops);


--
-- TOC entry 5336 (class 1259 OID 562548)
-- Name: spell_magicschool_name_b0339ff5_like; Type: INDEX; Schema: public; Owner: dnd_app_admin
--

CREATE INDEX spell_magicschool_name_b0339ff5_like ON public.spell_magicschool USING btree (name varchar_pattern_ops);


--
-- TOC entry 5361 (class 1259 OID 562574)
-- Name: spell_spell_casting_time_id_f5ccb5fc; Type: INDEX; Schema: public; Owner: dnd_app_admin
--

CREATE INDEX spell_spell_casting_time_id_f5ccb5fc ON public.spell_spell USING btree (casting_time_id);


--
-- TOC entry 5362 (class 1259 OID 562573)
-- Name: spell_spell_name_f7c396de_like; Type: INDEX; Schema: public; Owner: dnd_app_admin
--

CREATE INDEX spell_spell_name_f7c396de_like ON public.spell_spell USING btree (name varchar_pattern_ops);


--
-- TOC entry 5367 (class 1259 OID 562591)
-- Name: spell_spell_range_id_7caa7529; Type: INDEX; Schema: public; Owner: dnd_app_admin
--

CREATE INDEX spell_spell_range_id_7caa7529 ON public.spell_spell USING btree (range_id);


--
-- TOC entry 5368 (class 1259 OID 562575)
-- Name: spell_spell_school_id_61558318; Type: INDEX; Schema: public; Owner: dnd_app_admin
--

CREATE INDEX spell_spell_school_id_61558318 ON public.spell_spell USING btree (school_id);


--
-- TOC entry 5369 (class 1259 OID 562576)
-- Name: spell_spell_source_id_6e8ff588; Type: INDEX; Schema: public; Owner: dnd_app_admin
--

CREATE INDEX spell_spell_source_id_6e8ff588 ON public.spell_spell USING btree (source_id);


--
-- TOC entry 5370 (class 1259 OID 562620)
-- Name: spell_spell_subschool_id_395ac807; Type: INDEX; Schema: public; Owner: dnd_app_admin
--

CREATE INDEX spell_spell_subschool_id_395ac807 ON public.spell_spell USING btree (subschool_id);


--
-- TOC entry 5341 (class 1259 OID 562549)
-- Name: spell_spellcomponent_name_9030c949_like; Type: INDEX; Schema: public; Owner: dnd_app_admin
--

CREATE INDEX spell_spellcomponent_name_9030c949_like ON public.spell_spellcomponent USING btree (name varchar_pattern_ops);


--
-- TOC entry 5346 (class 1259 OID 562550)
-- Name: spell_spellcomponent_short_name_b8daf0a3_like; Type: INDEX; Schema: public; Owner: dnd_app_admin
--

CREATE INDEX spell_spellcomponent_short_name_b8daf0a3_like ON public.spell_spellcomponent USING btree (short_name varchar_pattern_ops);


--
-- TOC entry 5349 (class 1259 OID 562551)
-- Name: spell_spelldescriptor_name_cea69b36_like; Type: INDEX; Schema: public; Owner: dnd_app_admin
--

CREATE INDEX spell_spelldescriptor_name_cea69b36_like ON public.spell_spelldescriptor USING btree (name varchar_pattern_ops);


--
-- TOC entry 5371 (class 1259 OID 562589)
-- Name: spell_spelllevel_character_class_id_19b44ecd; Type: INDEX; Schema: public; Owner: dnd_app_admin
--

CREATE INDEX spell_spelllevel_character_class_id_19b44ecd ON public.spell_spelllevel USING btree (character_class_id);


--
-- TOC entry 5374 (class 1259 OID 562590)
-- Name: spell_spelllevel_spell_id_51355d62; Type: INDEX; Schema: public; Owner: dnd_app_admin
--

CREATE INDEX spell_spelllevel_spell_id_51355d62 ON public.spell_spelllevel USING btree (spell_id);


--
-- TOC entry 5354 (class 1259 OID 562552)
-- Name: spell_spellrange_name_b91f2717_like; Type: INDEX; Schema: public; Owner: dnd_app_admin
--

CREATE INDEX spell_spellrange_name_b91f2717_like ON public.spell_spellrange USING btree (name varchar_pattern_ops);


--
-- TOC entry 5377 (class 1259 OID 562604)
-- Name: spell_spellspellcomponent_component_id_d189de3d; Type: INDEX; Schema: public; Owner: dnd_app_admin
--

CREATE INDEX spell_spellspellcomponent_component_id_d189de3d ON public.spell_spellspellcomponent USING btree (component_id);


--
-- TOC entry 5382 (class 1259 OID 562605)
-- Name: spell_spellspellcomponent_spell_id_f50daed6; Type: INDEX; Schema: public; Owner: dnd_app_admin
--

CREATE INDEX spell_spellspellcomponent_spell_id_f50daed6 ON public.spell_spellspellcomponent USING btree (spell_id);


--
-- TOC entry 5383 (class 1259 OID 562618)
-- Name: spell_spellspelldescriptor_descriptor_id_781e08dd; Type: INDEX; Schema: public; Owner: dnd_app_admin
--

CREATE INDEX spell_spellspelldescriptor_descriptor_id_781e08dd ON public.spell_spellspelldescriptor USING btree (descriptor_id);


--
-- TOC entry 5386 (class 1259 OID 562619)
-- Name: spell_spellspelldescriptor_spell_id_d8fa85c5; Type: INDEX; Schema: public; Owner: dnd_app_admin
--

CREATE INDEX spell_spellspelldescriptor_spell_id_d8fa85c5 ON public.spell_spellspelldescriptor USING btree (spell_id);


--
-- TOC entry 5541 (class 2606 OID 561769)
-- Name: auth_group_permissions auth_group_permissio_permission_id_84c5c92e_fk_auth_perm; Type: FK CONSTRAINT; Schema: public; Owner: dnd_app_admin
--

ALTER TABLE ONLY public.auth_group_permissions
    ADD CONSTRAINT auth_group_permissio_permission_id_84c5c92e_fk_auth_perm FOREIGN KEY (permission_id) REFERENCES public.auth_permission(id) DEFERRABLE INITIALLY DEFERRED;


--
-- TOC entry 5542 (class 2606 OID 561764)
-- Name: auth_group_permissions auth_group_permissions_group_id_b120cbf9_fk_auth_group_id; Type: FK CONSTRAINT; Schema: public; Owner: dnd_app_admin
--

ALTER TABLE ONLY public.auth_group_permissions
    ADD CONSTRAINT auth_group_permissions_group_id_b120cbf9_fk_auth_group_id FOREIGN KEY (group_id) REFERENCES public.auth_group(id) DEFERRABLE INITIALLY DEFERRED;


--
-- TOC entry 5540 (class 2606 OID 561755)
-- Name: auth_permission auth_permission_content_type_id_2f476e4b_fk_django_co; Type: FK CONSTRAINT; Schema: public; Owner: dnd_app_admin
--

ALTER TABLE ONLY public.auth_permission
    ADD CONSTRAINT auth_permission_content_type_id_2f476e4b_fk_django_co FOREIGN KEY (content_type_id) REFERENCES public.django_content_type(id) DEFERRABLE INITIALLY DEFERRED;


--
-- TOC entry 5543 (class 2606 OID 561784)
-- Name: auth_user_groups auth_user_groups_group_id_97559544_fk_auth_group_id; Type: FK CONSTRAINT; Schema: public; Owner: dnd_app_admin
--

ALTER TABLE ONLY public.auth_user_groups
    ADD CONSTRAINT auth_user_groups_group_id_97559544_fk_auth_group_id FOREIGN KEY (group_id) REFERENCES public.auth_group(id) DEFERRABLE INITIALLY DEFERRED;


--
-- TOC entry 5544 (class 2606 OID 561779)
-- Name: auth_user_groups auth_user_groups_user_id_6a12ed8b_fk_auth_user_id; Type: FK CONSTRAINT; Schema: public; Owner: dnd_app_admin
--

ALTER TABLE ONLY public.auth_user_groups
    ADD CONSTRAINT auth_user_groups_user_id_6a12ed8b_fk_auth_user_id FOREIGN KEY (user_id) REFERENCES public.auth_user(id) DEFERRABLE INITIALLY DEFERRED;


--
-- TOC entry 5545 (class 2606 OID 561798)
-- Name: auth_user_user_permissions auth_user_user_permi_permission_id_1fbb5f2c_fk_auth_perm; Type: FK CONSTRAINT; Schema: public; Owner: dnd_app_admin
--

ALTER TABLE ONLY public.auth_user_user_permissions
    ADD CONSTRAINT auth_user_user_permi_permission_id_1fbb5f2c_fk_auth_perm FOREIGN KEY (permission_id) REFERENCES public.auth_permission(id) DEFERRABLE INITIALLY DEFERRED;


--
-- TOC entry 5546 (class 2606 OID 561793)
-- Name: auth_user_user_permissions auth_user_user_permissions_user_id_a95ead1b_fk_auth_user_id; Type: FK CONSTRAINT; Schema: public; Owner: dnd_app_admin
--

ALTER TABLE ONLY public.auth_user_user_permissions
    ADD CONSTRAINT auth_user_user_permissions_user_id_a95ead1b_fk_auth_user_id FOREIGN KEY (user_id) REFERENCES public.auth_user(id) DEFERRABLE INITIALLY DEFERRED;


--
-- TOC entry 5658 (class 2606 OID 563084)
-- Name: character_character character_character_alignment_id_1bb336b5_fk_common_al; Type: FK CONSTRAINT; Schema: public; Owner: dnd_app_admin
--

ALTER TABLE ONLY public.character_character
    ADD CONSTRAINT character_character_alignment_id_1bb336b5_fk_common_al FOREIGN KEY (alignment_id) REFERENCES public.common_alignment(id) DEFERRABLE INITIALLY DEFERRED;


--
-- TOC entry 5659 (class 2606 OID 563090)
-- Name: character_character character_character_race_id_30db780b_fk_race_race_id; Type: FK CONSTRAINT; Schema: public; Owner: dnd_app_admin
--

ALTER TABLE ONLY public.character_character
    ADD CONSTRAINT character_character_race_id_30db780b_fk_race_race_id FOREIGN KEY (race_id) REFERENCES public.race_race(id) DEFERRABLE INITIALLY DEFERRED;


--
-- TOC entry 5644 (class 2606 OID 563095)
-- Name: character_characterabilityscore character_charactera_ability_id_08e102d4_fk_common_ab; Type: FK CONSTRAINT; Schema: public; Owner: dnd_app_admin
--

ALTER TABLE ONLY public.character_characterabilityscore
    ADD CONSTRAINT character_charactera_ability_id_08e102d4_fk_common_ab FOREIGN KEY (ability_id) REFERENCES public.common_ability(id) DEFERRABLE INITIALLY DEFERRED;


--
-- TOC entry 5645 (class 2606 OID 563100)
-- Name: character_characterabilityscore character_charactera_character_id_154f9a8b_fk_character; Type: FK CONSTRAINT; Schema: public; Owner: dnd_app_admin
--

ALTER TABLE ONLY public.character_characterabilityscore
    ADD CONSTRAINT character_charactera_character_id_154f9a8b_fk_character FOREIGN KEY (character_id) REFERENCES public.character_character(id) DEFERRABLE INITIALLY DEFERRED;


--
-- TOC entry 5646 (class 2606 OID 563110)
-- Name: character_charactercharacterclass character_characterc_character_class_id_8ac62807_fk_character; Type: FK CONSTRAINT; Schema: public; Owner: dnd_app_admin
--

ALTER TABLE ONLY public.character_charactercharacterclass
    ADD CONSTRAINT character_characterc_character_class_id_8ac62807_fk_character FOREIGN KEY (character_class_id) REFERENCES public.character_class_characterclass(id) DEFERRABLE INITIALLY DEFERRED;


--
-- TOC entry 5647 (class 2606 OID 563105)
-- Name: character_charactercharacterclass character_characterc_character_id_7f0acd18_fk_character; Type: FK CONSTRAINT; Schema: public; Owner: dnd_app_admin
--

ALTER TABLE ONLY public.character_charactercharacterclass
    ADD CONSTRAINT character_characterc_character_id_7f0acd18_fk_character FOREIGN KEY (character_id) REFERENCES public.character_character(id) DEFERRABLE INITIALLY DEFERRED;


--
-- TOC entry 5648 (class 2606 OID 563115)
-- Name: character_characterfeat character_characterf_character_id_2852bf47_fk_character; Type: FK CONSTRAINT; Schema: public; Owner: dnd_app_admin
--

ALTER TABLE ONLY public.character_characterfeat
    ADD CONSTRAINT character_characterf_character_id_2852bf47_fk_character FOREIGN KEY (character_id) REFERENCES public.character_character(id) DEFERRABLE INITIALLY DEFERRED;


--
-- TOC entry 5649 (class 2606 OID 563120)
-- Name: character_characterfeat character_characterfeat_feat_id_54fbbb5b_fk_feat_feat_id; Type: FK CONSTRAINT; Schema: public; Owner: dnd_app_admin
--

ALTER TABLE ONLY public.character_characterfeat
    ADD CONSTRAINT character_characterfeat_feat_id_54fbbb5b_fk_feat_feat_id FOREIGN KEY (feat_id) REFERENCES public.feat_feat(id) DEFERRABLE INITIALLY DEFERRED;


--
-- TOC entry 5650 (class 2606 OID 563125)
-- Name: character_characterinventory character_characteri_character_id_d7ca88e1_fk_character; Type: FK CONSTRAINT; Schema: public; Owner: dnd_app_admin
--

ALTER TABLE ONLY public.character_characterinventory
    ADD CONSTRAINT character_characteri_character_id_d7ca88e1_fk_character FOREIGN KEY (character_id) REFERENCES public.character_character(id) DEFERRABLE INITIALLY DEFERRED;


--
-- TOC entry 5651 (class 2606 OID 563150)
-- Name: character_characterinventory character_characteri_inventory_id_70afbfad_fk_character; Type: FK CONSTRAINT; Schema: public; Owner: dnd_app_admin
--

ALTER TABLE ONLY public.character_characterinventory
    ADD CONSTRAINT character_characteri_inventory_id_70afbfad_fk_character FOREIGN KEY (inventory_id) REFERENCES public.character_inventory(id) DEFERRABLE INITIALLY DEFERRED;


--
-- TOC entry 5652 (class 2606 OID 563130)
-- Name: character_characterlanguage character_characterl_character_id_437f38ac_fk_character; Type: FK CONSTRAINT; Schema: public; Owner: dnd_app_admin
--

ALTER TABLE ONLY public.character_characterlanguage
    ADD CONSTRAINT character_characterl_character_id_437f38ac_fk_character FOREIGN KEY (character_id) REFERENCES public.character_character(id) DEFERRABLE INITIALLY DEFERRED;


--
-- TOC entry 5653 (class 2606 OID 563135)
-- Name: character_characterlanguage character_characterl_language_id_66b86dda_fk_common_la; Type: FK CONSTRAINT; Schema: public; Owner: dnd_app_admin
--

ALTER TABLE ONLY public.character_characterlanguage
    ADD CONSTRAINT character_characterl_language_id_66b86dda_fk_common_la FOREIGN KEY (language_id) REFERENCES public.common_language(id) DEFERRABLE INITIALLY DEFERRED;


--
-- TOC entry 5654 (class 2606 OID 563140)
-- Name: character_characterskill character_characters_character_id_2a9aca7f_fk_character; Type: FK CONSTRAINT; Schema: public; Owner: dnd_app_admin
--

ALTER TABLE ONLY public.character_characterskill
    ADD CONSTRAINT character_characters_character_id_2a9aca7f_fk_character FOREIGN KEY (character_id) REFERENCES public.character_character(id) DEFERRABLE INITIALLY DEFERRED;


--
-- TOC entry 5655 (class 2606 OID 563145)
-- Name: character_characterskill character_characterskill_skill_id_c2a71938_fk_skill_skill_id; Type: FK CONSTRAINT; Schema: public; Owner: dnd_app_admin
--

ALTER TABLE ONLY public.character_characterskill
    ADD CONSTRAINT character_characterskill_skill_id_c2a71938_fk_skill_skill_id FOREIGN KEY (skill_id) REFERENCES public.skill_skill(id) DEFERRABLE INITIALLY DEFERRED;


--
-- TOC entry 5568 (class 2606 OID 562173)
-- Name: character_class_bsbprogression character_class_bsbp_ability_id_21ce4c7a_fk_common_ab; Type: FK CONSTRAINT; Schema: public; Owner: dnd_app_admin
--

ALTER TABLE ONLY public.character_class_bsbprogression
    ADD CONSTRAINT character_class_bsbp_ability_id_21ce4c7a_fk_common_ab FOREIGN KEY (ability_id) REFERENCES public.common_ability(id) DEFERRABLE INITIALLY DEFERRED;


--
-- TOC entry 5561 (class 2606 OID 562154)
-- Name: character_class_characterclass character_class_char_bab_progression_id_fd81d6cb_fk_character; Type: FK CONSTRAINT; Schema: public; Owner: dnd_app_admin
--

ALTER TABLE ONLY public.character_class_characterclass
    ADD CONSTRAINT character_class_char_bab_progression_id_fd81d6cb_fk_character FOREIGN KEY (bab_progression_id) REFERENCES public.character_class_babprogression(id) DEFERRABLE INITIALLY DEFERRED;


--
-- TOC entry 5562 (class 2606 OID 562159)
-- Name: character_class_characterclass character_class_char_hit_die_id_6feb2263_fk_common_di; Type: FK CONSTRAINT; Schema: public; Owner: dnd_app_admin
--

ALTER TABLE ONLY public.character_class_characterclass
    ADD CONSTRAINT character_class_char_hit_die_id_6feb2263_fk_common_di FOREIGN KEY (hit_die_id) REFERENCES public.common_die(id) DEFERRABLE INITIALLY DEFERRED;


--
-- TOC entry 5563 (class 2606 OID 562164)
-- Name: character_class_characterclass character_class_char_source_id_9abf271a_fk_common_so; Type: FK CONSTRAINT; Schema: public; Owner: dnd_app_admin
--

ALTER TABLE ONLY public.character_class_characterclass
    ADD CONSTRAINT character_class_char_source_id_9abf271a_fk_common_so FOREIGN KEY (source_id) REFERENCES public.common_source(id) DEFERRABLE INITIALLY DEFERRED;


--
-- TOC entry 5570 (class 2606 OID 562184)
-- Name: character_class_classalignment character_class_clas_alignment_id_e167872e_fk_common_al; Type: FK CONSTRAINT; Schema: public; Owner: dnd_app_admin
--

ALTER TABLE ONLY public.character_class_classalignment
    ADD CONSTRAINT character_class_clas_alignment_id_e167872e_fk_common_al FOREIGN KEY (alignment_id) REFERENCES public.common_alignment(id) DEFERRABLE INITIALLY DEFERRED;


--
-- TOC entry 5574 (class 2606 OID 562208)
-- Name: character_class_classbsbprogression character_class_clas_bsb_progression_id_30e0526a_fk_character; Type: FK CONSTRAINT; Schema: public; Owner: dnd_app_admin
--

ALTER TABLE ONLY public.character_class_classbsbprogression
    ADD CONSTRAINT character_class_clas_bsb_progression_id_30e0526a_fk_character FOREIGN KEY (bsb_progression_id) REFERENCES public.character_class_bsbprogression(id) DEFERRABLE INITIALLY DEFERRED;


--
-- TOC entry 5578 (class 2606 OID 562232)
-- Name: character_class_classtrait character_class_clas_character_class_id_078d5eef_fk_character; Type: FK CONSTRAINT; Schema: public; Owner: dnd_app_admin
--

ALTER TABLE ONLY public.character_class_classtrait
    ADD CONSTRAINT character_class_clas_character_class_id_078d5eef_fk_character FOREIGN KEY (character_class_id) REFERENCES public.character_class_characterclass(id) DEFERRABLE INITIALLY DEFERRED;


--
-- TOC entry 5576 (class 2606 OID 562220)
-- Name: character_class_classskill character_class_clas_character_class_id_36a736f2_fk_character; Type: FK CONSTRAINT; Schema: public; Owner: dnd_app_admin
--

ALTER TABLE ONLY public.character_class_classskill
    ADD CONSTRAINT character_class_clas_character_class_id_36a736f2_fk_character FOREIGN KEY (character_class_id) REFERENCES public.character_class_characterclass(id) DEFERRABLE INITIALLY DEFERRED;


--
-- TOC entry 5572 (class 2606 OID 562196)
-- Name: character_class_classbonuslanguage character_class_clas_character_class_id_98e0f0a6_fk_character; Type: FK CONSTRAINT; Schema: public; Owner: dnd_app_admin
--

ALTER TABLE ONLY public.character_class_classbonuslanguage
    ADD CONSTRAINT character_class_clas_character_class_id_98e0f0a6_fk_character FOREIGN KEY (character_class_id) REFERENCES public.character_class_characterclass(id) DEFERRABLE INITIALLY DEFERRED;


--
-- TOC entry 5575 (class 2606 OID 562213)
-- Name: character_class_classbsbprogression character_class_clas_character_class_id_d4ad1b7f_fk_character; Type: FK CONSTRAINT; Schema: public; Owner: dnd_app_admin
--

ALTER TABLE ONLY public.character_class_classbsbprogression
    ADD CONSTRAINT character_class_clas_character_class_id_d4ad1b7f_fk_character FOREIGN KEY (character_class_id) REFERENCES public.character_class_characterclass(id) DEFERRABLE INITIALLY DEFERRED;


--
-- TOC entry 5571 (class 2606 OID 562189)
-- Name: character_class_classalignment character_class_clas_character_class_id_eb61cadc_fk_character; Type: FK CONSTRAINT; Schema: public; Owner: dnd_app_admin
--

ALTER TABLE ONLY public.character_class_classalignment
    ADD CONSTRAINT character_class_clas_character_class_id_eb61cadc_fk_character FOREIGN KEY (character_class_id) REFERENCES public.character_class_characterclass(id) DEFERRABLE INITIALLY DEFERRED;


--
-- TOC entry 5573 (class 2606 OID 562201)
-- Name: character_class_classbonuslanguage character_class_clas_language_id_6c5cd998_fk_common_la; Type: FK CONSTRAINT; Schema: public; Owner: dnd_app_admin
--

ALTER TABLE ONLY public.character_class_classbonuslanguage
    ADD CONSTRAINT character_class_clas_language_id_6c5cd998_fk_common_la FOREIGN KEY (language_id) REFERENCES public.common_language(id) DEFERRABLE INITIALLY DEFERRED;


--
-- TOC entry 5577 (class 2606 OID 562225)
-- Name: character_class_classskill character_class_classskill_skill_id_fb4ae349_fk_skill_skill_id; Type: FK CONSTRAINT; Schema: public; Owner: dnd_app_admin
--

ALTER TABLE ONLY public.character_class_classskill
    ADD CONSTRAINT character_class_classskill_skill_id_fb4ae349_fk_skill_skill_id FOREIGN KEY (skill_id) REFERENCES public.skill_skill(id) DEFERRABLE INITIALLY DEFERRED;


--
-- TOC entry 5579 (class 2606 OID 562237)
-- Name: character_class_classtrait character_class_classtrait_trait_id_2574198f_fk_common_trait_id; Type: FK CONSTRAINT; Schema: public; Owner: dnd_app_admin
--

ALTER TABLE ONLY public.character_class_classtrait
    ADD CONSTRAINT character_class_classtrait_trait_id_2574198f_fk_common_trait_id FOREIGN KEY (trait_id) REFERENCES public.common_trait(id) DEFERRABLE INITIALLY DEFERRED;


--
-- TOC entry 5569 (class 2606 OID 562179)
-- Name: character_class_prestigecharacterclass character_class_pres_characterclass_ptr_i_b086e5d9_fk_character; Type: FK CONSTRAINT; Schema: public; Owner: dnd_app_admin
--

ALTER TABLE ONLY public.character_class_prestigecharacterclass
    ADD CONSTRAINT character_class_pres_characterclass_ptr_i_b086e5d9_fk_character FOREIGN KEY (characterclass_ptr_id) REFERENCES public.character_class_characterclass(id) DEFERRABLE INITIALLY DEFERRED;


--
-- TOC entry 5580 (class 2606 OID 562244)
-- Name: character_class_prestigeclassfeatrequirement character_class_pres_feat_id_97f47695_fk_feat_feat; Type: FK CONSTRAINT; Schema: public; Owner: dnd_app_admin
--

ALTER TABLE ONLY public.character_class_prestigeclassfeatrequirement
    ADD CONSTRAINT character_class_pres_feat_id_97f47695_fk_feat_feat FOREIGN KEY (feat_id) REFERENCES public.feat_feat(id) DEFERRABLE INITIALLY DEFERRED;


--
-- TOC entry 5582 (class 2606 OID 562250)
-- Name: character_class_prestigeclasslanguagerequirement character_class_pres_language_id_ea4b3460_fk_common_la; Type: FK CONSTRAINT; Schema: public; Owner: dnd_app_admin
--

ALTER TABLE ONLY public.character_class_prestigeclasslanguagerequirement
    ADD CONSTRAINT character_class_pres_language_id_ea4b3460_fk_common_la FOREIGN KEY (language_id) REFERENCES public.common_language(id) DEFERRABLE INITIALLY DEFERRED;


--
-- TOC entry 5564 (class 2606 OID 562990)
-- Name: character_class_prestigeclassracerequirement character_class_pres_prestige_class_id_542f4a1d_fk_character; Type: FK CONSTRAINT; Schema: public; Owner: dnd_app_admin
--

ALTER TABLE ONLY public.character_class_prestigeclassracerequirement
    ADD CONSTRAINT character_class_pres_prestige_class_id_542f4a1d_fk_character FOREIGN KEY (prestige_class_id) REFERENCES public.character_class_prestigecharacterclass(characterclass_ptr_id) DEFERRABLE INITIALLY DEFERRED;


--
-- TOC entry 5583 (class 2606 OID 562995)
-- Name: character_class_prestigeclasslanguagerequirement character_class_pres_prestige_class_id_941436b8_fk_character; Type: FK CONSTRAINT; Schema: public; Owner: dnd_app_admin
--

ALTER TABLE ONLY public.character_class_prestigeclasslanguagerequirement
    ADD CONSTRAINT character_class_pres_prestige_class_id_941436b8_fk_character FOREIGN KEY (prestige_class_id) REFERENCES public.character_class_prestigecharacterclass(characterclass_ptr_id) DEFERRABLE INITIALLY DEFERRED;


--
-- TOC entry 5581 (class 2606 OID 563000)
-- Name: character_class_prestigeclassfeatrequirement character_class_pres_prestige_class_id_d6842413_fk_character; Type: FK CONSTRAINT; Schema: public; Owner: dnd_app_admin
--

ALTER TABLE ONLY public.character_class_prestigeclassfeatrequirement
    ADD CONSTRAINT character_class_pres_prestige_class_id_d6842413_fk_character FOREIGN KEY (prestige_class_id) REFERENCES public.character_class_prestigecharacterclass(characterclass_ptr_id) DEFERRABLE INITIALLY DEFERRED;


--
-- TOC entry 5566 (class 2606 OID 562985)
-- Name: character_class_prestigeclassskillrankrequirement character_class_pres_prestige_class_id_f592f84f_fk_character; Type: FK CONSTRAINT; Schema: public; Owner: dnd_app_admin
--

ALTER TABLE ONLY public.character_class_prestigeclassskillrankrequirement
    ADD CONSTRAINT character_class_pres_prestige_class_id_f592f84f_fk_character FOREIGN KEY (prestige_class_id) REFERENCES public.character_class_prestigecharacterclass(characterclass_ptr_id) DEFERRABLE INITIALLY DEFERRED;


--
-- TOC entry 5565 (class 2606 OID 562973)
-- Name: character_class_prestigeclassracerequirement character_class_pres_race_id_0677afce_fk_race_race; Type: FK CONSTRAINT; Schema: public; Owner: dnd_app_admin
--

ALTER TABLE ONLY public.character_class_prestigeclassracerequirement
    ADD CONSTRAINT character_class_pres_race_id_0677afce_fk_race_race FOREIGN KEY (race_id) REFERENCES public.race_race(id) DEFERRABLE INITIALLY DEFERRED;


--
-- TOC entry 5567 (class 2606 OID 562978)
-- Name: character_class_prestigeclassskillrankrequirement character_class_pres_skill_id_d5b139ed_fk_skill_ski; Type: FK CONSTRAINT; Schema: public; Owner: dnd_app_admin
--

ALTER TABLE ONLY public.character_class_prestigeclassskillrankrequirement
    ADD CONSTRAINT character_class_pres_skill_id_d5b139ed_fk_skill_ski FOREIGN KEY (skill_id) REFERENCES public.skill_skill(id) DEFERRABLE INITIALLY DEFERRED;


--
-- TOC entry 5656 (class 2606 OID 563155)
-- Name: character_inventoryitem character_inventoryi_inventory_id_2ea01ce0_fk_character; Type: FK CONSTRAINT; Schema: public; Owner: dnd_app_admin
--

ALTER TABLE ONLY public.character_inventoryitem
    ADD CONSTRAINT character_inventoryi_inventory_id_2ea01ce0_fk_character FOREIGN KEY (inventory_id) REFERENCES public.character_inventory(id) DEFERRABLE INITIALLY DEFERRED;


--
-- TOC entry 5657 (class 2606 OID 563160)
-- Name: character_inventoryitem character_inventoryitem_item_id_3c8e9084_fk_item_item_id; Type: FK CONSTRAINT; Schema: public; Owner: dnd_app_admin
--

ALTER TABLE ONLY public.character_inventoryitem
    ADD CONSTRAINT character_inventoryitem_item_id_3c8e9084_fk_item_item_id FOREIGN KEY (item_id) REFERENCES public.item_item(id) DEFERRABLE INITIALLY DEFERRED;


--
-- TOC entry 5549 (class 2606 OID 561924)
-- Name: common_language common_language_source_id_fdc82423_fk_common_source_id; Type: FK CONSTRAINT; Schema: public; Owner: dnd_app_admin
--

ALTER TABLE ONLY public.common_language
    ADD CONSTRAINT common_language_source_id_fdc82423_fk_common_source_id FOREIGN KEY (source_id) REFERENCES public.common_source(id) DEFERRABLE INITIALLY DEFERRED;


--
-- TOC entry 5550 (class 2606 OID 561931)
-- Name: common_trait common_trait_trait_classification_763ffa16_fk_common_tr; Type: FK CONSTRAINT; Schema: public; Owner: dnd_app_admin
--

ALTER TABLE ONLY public.common_trait
    ADD CONSTRAINT common_trait_trait_classification_763ffa16_fk_common_tr FOREIGN KEY (trait_classification_id) REFERENCES public.common_traitclassification(id) DEFERRABLE INITIALLY DEFERRED;


--
-- TOC entry 5547 (class 2606 OID 561814)
-- Name: django_admin_log django_admin_log_content_type_id_c4bce8eb_fk_django_co; Type: FK CONSTRAINT; Schema: public; Owner: dnd_app_admin
--

ALTER TABLE ONLY public.django_admin_log
    ADD CONSTRAINT django_admin_log_content_type_id_c4bce8eb_fk_django_co FOREIGN KEY (content_type_id) REFERENCES public.django_content_type(id) DEFERRABLE INITIALLY DEFERRED;


--
-- TOC entry 5548 (class 2606 OID 561819)
-- Name: django_admin_log django_admin_log_user_id_c564eba6_fk_auth_user_id; Type: FK CONSTRAINT; Schema: public; Owner: dnd_app_admin
--

ALTER TABLE ONLY public.django_admin_log
    ADD CONSTRAINT django_admin_log_user_id_c564eba6_fk_auth_user_id FOREIGN KEY (user_id) REFERENCES public.auth_user(id) DEFERRABLE INITIALLY DEFERRED;


--
-- TOC entry 5552 (class 2606 OID 562000)
-- Name: feat_feat feat_feat_source_id_d2b45b79_fk_common_source_id; Type: FK CONSTRAINT; Schema: public; Owner: dnd_app_admin
--

ALTER TABLE ONLY public.feat_feat
    ADD CONSTRAINT feat_feat_source_id_d2b45b79_fk_common_source_id FOREIGN KEY (source_id) REFERENCES public.common_source(id) DEFERRABLE INITIALLY DEFERRED;


--
-- TOC entry 5553 (class 2606 OID 562009)
-- Name: feat_featabilityprerequisite feat_featabilityprer_ability_id_6fcb066e_fk_common_ab; Type: FK CONSTRAINT; Schema: public; Owner: dnd_app_admin
--

ALTER TABLE ONLY public.feat_featabilityprerequisite
    ADD CONSTRAINT feat_featabilityprer_ability_id_6fcb066e_fk_common_ab FOREIGN KEY (ability_id) REFERENCES public.common_ability(id) DEFERRABLE INITIALLY DEFERRED;


--
-- TOC entry 5554 (class 2606 OID 562014)
-- Name: feat_featabilityprerequisite feat_featabilityprerequisite_feat_id_149db254_fk_feat_feat_id; Type: FK CONSTRAINT; Schema: public; Owner: dnd_app_admin
--

ALTER TABLE ONLY public.feat_featabilityprerequisite
    ADD CONSTRAINT feat_featabilityprerequisite_feat_id_149db254_fk_feat_feat_id FOREIGN KEY (feat_id) REFERENCES public.feat_feat(id) DEFERRABLE INITIALLY DEFERRED;


--
-- TOC entry 5555 (class 2606 OID 562028)
-- Name: feat_featfeatprerequisite feat_featfeatprerequ_prerequisite_for_fea_9dd3913b_fk_feat_feat; Type: FK CONSTRAINT; Schema: public; Owner: dnd_app_admin
--

ALTER TABLE ONLY public.feat_featfeatprerequisite
    ADD CONSTRAINT feat_featfeatprerequ_prerequisite_for_fea_9dd3913b_fk_feat_feat FOREIGN KEY (prerequisite_for_feat_id) REFERENCES public.feat_feat(id) DEFERRABLE INITIALLY DEFERRED;


--
-- TOC entry 5556 (class 2606 OID 562023)
-- Name: feat_featfeatprerequisite feat_featfeatprerequ_prerequisite_id_d212a3f5_fk_feat_feat; Type: FK CONSTRAINT; Schema: public; Owner: dnd_app_admin
--

ALTER TABLE ONLY public.feat_featfeatprerequisite
    ADD CONSTRAINT feat_featfeatprerequ_prerequisite_id_d212a3f5_fk_feat_feat FOREIGN KEY (prerequisite_id) REFERENCES public.feat_feat(id) DEFERRABLE INITIALLY DEFERRED;


--
-- TOC entry 5557 (class 2606 OID 562037)
-- Name: feat_featskillprerequisite feat_featskillprerequisite_feat_id_a8e98edb_fk_feat_feat_id; Type: FK CONSTRAINT; Schema: public; Owner: dnd_app_admin
--

ALTER TABLE ONLY public.feat_featskillprerequisite
    ADD CONSTRAINT feat_featskillprerequisite_feat_id_a8e98edb_fk_feat_feat_id FOREIGN KEY (feat_id) REFERENCES public.feat_feat(id) DEFERRABLE INITIALLY DEFERRED;


--
-- TOC entry 5558 (class 2606 OID 562042)
-- Name: feat_featskillprerequisite feat_featskillprerequisite_skill_id_2934e0a6_fk_skill_skill_id; Type: FK CONSTRAINT; Schema: public; Owner: dnd_app_admin
--

ALTER TABLE ONLY public.feat_featskillprerequisite
    ADD CONSTRAINT feat_featskillprerequisite_skill_id_2934e0a6_fk_skill_skill_id FOREIGN KEY (skill_id) REFERENCES public.skill_skill(id) DEFERRABLE INITIALLY DEFERRED;


--
-- TOC entry 5559 (class 2606 OID 562051)
-- Name: feat_feattypeoffeat feat_feattypeoffeat_feat_id_695d9b3e_fk_feat_feat_id; Type: FK CONSTRAINT; Schema: public; Owner: dnd_app_admin
--

ALTER TABLE ONLY public.feat_feattypeoffeat
    ADD CONSTRAINT feat_feattypeoffeat_feat_id_695d9b3e_fk_feat_feat_id FOREIGN KEY (feat_id) REFERENCES public.feat_feat(id) DEFERRABLE INITIALLY DEFERRED;


--
-- TOC entry 5560 (class 2606 OID 562056)
-- Name: feat_feattypeoffeat feat_feattypeoffeat_type_of_feat_id_2a84f0ee_fk_feat_type; Type: FK CONSTRAINT; Schema: public; Owner: dnd_app_admin
--

ALTER TABLE ONLY public.feat_feattypeoffeat
    ADD CONSTRAINT feat_feattypeoffeat_type_of_feat_id_2a84f0ee_fk_feat_type FOREIGN KEY (type_of_feat_id) REFERENCES public.feat_typeoffeat(id) DEFERRABLE INITIALLY DEFERRED;


--
-- TOC entry 5615 (class 2606 OID 562744)
-- Name: item_armor item_armor_armor_type_id_5e28eb72_fk_item_armortype_id; Type: FK CONSTRAINT; Schema: public; Owner: dnd_app_admin
--

ALTER TABLE ONLY public.item_armor
    ADD CONSTRAINT item_armor_armor_type_id_5e28eb72_fk_item_armortype_id FOREIGN KEY (armor_type_id) REFERENCES public.item_armortype(id) DEFERRABLE INITIALLY DEFERRED;


--
-- TOC entry 5616 (class 2606 OID 562813)
-- Name: item_armor item_armor_item_ptr_id_3dc3b850_fk_item_item_id; Type: FK CONSTRAINT; Schema: public; Owner: dnd_app_admin
--

ALTER TABLE ONLY public.item_armor
    ADD CONSTRAINT item_armor_item_ptr_id_3dc3b850_fk_item_item_id FOREIGN KEY (item_ptr_id) REFERENCES public.item_item(id) DEFERRABLE INITIALLY DEFERRED;


--
-- TOC entry 5617 (class 2606 OID 562749)
-- Name: item_armor item_armor_special_material_id_2c17892a_fk_item_spec; Type: FK CONSTRAINT; Schema: public; Owner: dnd_app_admin
--

ALTER TABLE ONLY public.item_armor
    ADD CONSTRAINT item_armor_special_material_id_2c17892a_fk_item_spec FOREIGN KEY (special_material_id) REFERENCES public.item_specialmaterial(id) DEFERRABLE INITIALLY DEFERRED;


--
-- TOC entry 5636 (class 2606 OID 562926)
-- Name: item_armorarmormagicability item_armorarmormagic_armor_id_be839f51_fk_item_armo; Type: FK CONSTRAINT; Schema: public; Owner: dnd_app_admin
--

ALTER TABLE ONLY public.item_armorarmormagicability
    ADD CONSTRAINT item_armorarmormagic_armor_id_be839f51_fk_item_armo FOREIGN KEY (armor_id) REFERENCES public.item_armor(item_ptr_id) DEFERRABLE INITIALLY DEFERRED;


--
-- TOC entry 5637 (class 2606 OID 562921)
-- Name: item_armorarmormagicability item_armorarmormagic_armor_magic_ability__105cbb4b_fk_item_armo; Type: FK CONSTRAINT; Schema: public; Owner: dnd_app_admin
--

ALTER TABLE ONLY public.item_armorarmormagicability
    ADD CONSTRAINT item_armorarmormagic_armor_magic_ability__105cbb4b_fk_item_armo FOREIGN KEY (armor_magic_ability_id) REFERENCES public.item_armormagicability(id) DEFERRABLE INITIALLY DEFERRED;


--
-- TOC entry 5624 (class 2606 OID 562844)
-- Name: item_armormagicabilityfeat item_armormagicabili_armor_magic_ability__3bb9acb1_fk_item_armo; Type: FK CONSTRAINT; Schema: public; Owner: dnd_app_admin
--

ALTER TABLE ONLY public.item_armormagicabilityfeat
    ADD CONSTRAINT item_armormagicabili_armor_magic_ability__3bb9acb1_fk_item_armo FOREIGN KEY (armor_magic_ability_id) REFERENCES public.item_armormagicability(id) DEFERRABLE INITIALLY DEFERRED;


--
-- TOC entry 5626 (class 2606 OID 562858)
-- Name: item_armormagicabilityspell item_armormagicabili_armor_magic_ability__f1d07fec_fk_item_armo; Type: FK CONSTRAINT; Schema: public; Owner: dnd_app_admin
--

ALTER TABLE ONLY public.item_armormagicabilityspell
    ADD CONSTRAINT item_armormagicabili_armor_magic_ability__f1d07fec_fk_item_armo FOREIGN KEY (armor_magic_ability_id) REFERENCES public.item_armormagicability(id) DEFERRABLE INITIALLY DEFERRED;


--
-- TOC entry 5621 (class 2606 OID 562823)
-- Name: item_armormagicability item_armormagicabili_magic_aura_strength__68f0cd25_fk_spell_mag; Type: FK CONSTRAINT; Schema: public; Owner: dnd_app_admin
--

ALTER TABLE ONLY public.item_armormagicability
    ADD CONSTRAINT item_armormagicabili_magic_aura_strength__68f0cd25_fk_spell_mag FOREIGN KEY (magic_aura_strength_id) REFERENCES public.spell_magicaurastrength(id) DEFERRABLE INITIALLY DEFERRED;


--
-- TOC entry 5622 (class 2606 OID 562828)
-- Name: item_armormagicability item_armormagicabili_magic_aura_type_id_9b961f12_fk_spell_mag; Type: FK CONSTRAINT; Schema: public; Owner: dnd_app_admin
--

ALTER TABLE ONLY public.item_armormagicability
    ADD CONSTRAINT item_armormagicabili_magic_aura_type_id_9b961f12_fk_spell_mag FOREIGN KEY (magic_aura_type_id) REFERENCES public.spell_magicschool(id) DEFERRABLE INITIALLY DEFERRED;


--
-- TOC entry 5623 (class 2606 OID 562833)
-- Name: item_armormagicability item_armormagicability_source_id_ba45c5d4_fk_common_source_id; Type: FK CONSTRAINT; Schema: public; Owner: dnd_app_admin
--

ALTER TABLE ONLY public.item_armormagicability
    ADD CONSTRAINT item_armormagicability_source_id_ba45c5d4_fk_common_source_id FOREIGN KEY (source_id) REFERENCES public.common_source(id) DEFERRABLE INITIALLY DEFERRED;


--
-- TOC entry 5625 (class 2606 OID 562849)
-- Name: item_armormagicabilityfeat item_armormagicabilityfeat_feat_id_5fd63137_fk_feat_feat_id; Type: FK CONSTRAINT; Schema: public; Owner: dnd_app_admin
--

ALTER TABLE ONLY public.item_armormagicabilityfeat
    ADD CONSTRAINT item_armormagicabilityfeat_feat_id_5fd63137_fk_feat_feat_id FOREIGN KEY (feat_id) REFERENCES public.feat_feat(id) DEFERRABLE INITIALLY DEFERRED;


--
-- TOC entry 5627 (class 2606 OID 562863)
-- Name: item_armormagicabilityspell item_armormagicabilityspell_spell_id_79941acd_fk_spell_spell_id; Type: FK CONSTRAINT; Schema: public; Owner: dnd_app_admin
--

ALTER TABLE ONLY public.item_armormagicabilityspell
    ADD CONSTRAINT item_armormagicabilityspell_spell_id_79941acd_fk_spell_spell_id FOREIGN KEY (spell_id) REFERENCES public.spell_spell(id) DEFERRABLE INITIALLY DEFERRED;


--
-- TOC entry 5612 (class 2606 OID 562701)
-- Name: item_item item_item_category_id_7971a411_fk_item_itemcategory_id; Type: FK CONSTRAINT; Schema: public; Owner: dnd_app_admin
--

ALTER TABLE ONLY public.item_item
    ADD CONSTRAINT item_item_category_id_7971a411_fk_item_itemcategory_id FOREIGN KEY (category_id) REFERENCES public.item_itemcategory(id) DEFERRABLE INITIALLY DEFERRED;


--
-- TOC entry 5613 (class 2606 OID 562796)
-- Name: item_item item_item_size_id_bccc0a25_fk_race_size_id; Type: FK CONSTRAINT; Schema: public; Owner: dnd_app_admin
--

ALTER TABLE ONLY public.item_item
    ADD CONSTRAINT item_item_size_id_bccc0a25_fk_race_size_id FOREIGN KEY (size_id) REFERENCES public.race_size(id) DEFERRABLE INITIALLY DEFERRED;


--
-- TOC entry 5614 (class 2606 OID 562801)
-- Name: item_item item_item_source_id_71e33ab7_fk_common_source_id; Type: FK CONSTRAINT; Schema: public; Owner: dnd_app_admin
--

ALTER TABLE ONLY public.item_item
    ADD CONSTRAINT item_item_source_id_71e33ab7_fk_common_source_id FOREIGN KEY (source_id) REFERENCES public.common_source(id) DEFERRABLE INITIALLY DEFERRED;


--
-- TOC entry 5628 (class 2606 OID 562871)
-- Name: item_specialmaterial item_specialmaterial_source_id_310403bb_fk_common_source_id; Type: FK CONSTRAINT; Schema: public; Owner: dnd_app_admin
--

ALTER TABLE ONLY public.item_specialmaterial
    ADD CONSTRAINT item_specialmaterial_source_id_310403bb_fk_common_source_id FOREIGN KEY (source_id) REFERENCES public.common_source(id) DEFERRABLE INITIALLY DEFERRED;


--
-- TOC entry 5618 (class 2606 OID 562818)
-- Name: item_weapon item_weapon_item_ptr_id_e796533e_fk_item_item_id; Type: FK CONSTRAINT; Schema: public; Owner: dnd_app_admin
--

ALTER TABLE ONLY public.item_weapon
    ADD CONSTRAINT item_weapon_item_ptr_id_e796533e_fk_item_item_id FOREIGN KEY (item_ptr_id) REFERENCES public.item_item(id) DEFERRABLE INITIALLY DEFERRED;


--
-- TOC entry 5619 (class 2606 OID 562772)
-- Name: item_weapon item_weapon_special_material_id_e07ac82b_fk_item_spec; Type: FK CONSTRAINT; Schema: public; Owner: dnd_app_admin
--

ALTER TABLE ONLY public.item_weapon
    ADD CONSTRAINT item_weapon_special_material_id_e07ac82b_fk_item_spec FOREIGN KEY (special_material_id) REFERENCES public.item_specialmaterial(id) DEFERRABLE INITIALLY DEFERRED;


--
-- TOC entry 5620 (class 2606 OID 562777)
-- Name: item_weapon item_weapon_weapon_damage_type_i_b829ee98_fk_item_weap; Type: FK CONSTRAINT; Schema: public; Owner: dnd_app_admin
--

ALTER TABLE ONLY public.item_weapon
    ADD CONSTRAINT item_weapon_weapon_damage_type_i_b829ee98_fk_item_weap FOREIGN KEY (weapon_damage_type_id) REFERENCES public.item_weapondamagetype(id) DEFERRABLE INITIALLY DEFERRED;


--
-- TOC entry 5629 (class 2606 OID 562878)
-- Name: item_weaponmagicability item_weaponmagicabil_magic_aura_strength__21539da1_fk_spell_mag; Type: FK CONSTRAINT; Schema: public; Owner: dnd_app_admin
--

ALTER TABLE ONLY public.item_weaponmagicability
    ADD CONSTRAINT item_weaponmagicabil_magic_aura_strength__21539da1_fk_spell_mag FOREIGN KEY (magic_aura_strength_id) REFERENCES public.spell_magicaurastrength(id) DEFERRABLE INITIALLY DEFERRED;


--
-- TOC entry 5630 (class 2606 OID 562883)
-- Name: item_weaponmagicability item_weaponmagicabil_magic_aura_type_id_d8245a59_fk_spell_mag; Type: FK CONSTRAINT; Schema: public; Owner: dnd_app_admin
--

ALTER TABLE ONLY public.item_weaponmagicability
    ADD CONSTRAINT item_weaponmagicabil_magic_aura_type_id_d8245a59_fk_spell_mag FOREIGN KEY (magic_aura_type_id) REFERENCES public.spell_magicschool(id) DEFERRABLE INITIALLY DEFERRED;


--
-- TOC entry 5634 (class 2606 OID 562909)
-- Name: item_weaponmagicabilityspell item_weaponmagicabil_spell_id_a465343d_fk_spell_spe; Type: FK CONSTRAINT; Schema: public; Owner: dnd_app_admin
--

ALTER TABLE ONLY public.item_weaponmagicabilityspell
    ADD CONSTRAINT item_weaponmagicabil_spell_id_a465343d_fk_spell_spe FOREIGN KEY (spell_id) REFERENCES public.spell_spell(id) DEFERRABLE INITIALLY DEFERRED;


--
-- TOC entry 5635 (class 2606 OID 562914)
-- Name: item_weaponmagicabilityspell item_weaponmagicabil_weapon_magic_ability_9904dae4_fk_item_weap; Type: FK CONSTRAINT; Schema: public; Owner: dnd_app_admin
--

ALTER TABLE ONLY public.item_weaponmagicabilityspell
    ADD CONSTRAINT item_weaponmagicabil_weapon_magic_ability_9904dae4_fk_item_weap FOREIGN KEY (weapon_magic_ability_id) REFERENCES public.item_weaponmagicability(id) DEFERRABLE INITIALLY DEFERRED;


--
-- TOC entry 5632 (class 2606 OID 562902)
-- Name: item_weaponmagicabilityfeat item_weaponmagicabil_weapon_magic_ability_aed91a60_fk_item_weap; Type: FK CONSTRAINT; Schema: public; Owner: dnd_app_admin
--

ALTER TABLE ONLY public.item_weaponmagicabilityfeat
    ADD CONSTRAINT item_weaponmagicabil_weapon_magic_ability_aed91a60_fk_item_weap FOREIGN KEY (weapon_magic_ability_id) REFERENCES public.item_weaponmagicability(id) DEFERRABLE INITIALLY DEFERRED;


--
-- TOC entry 5631 (class 2606 OID 562888)
-- Name: item_weaponmagicability item_weaponmagicability_source_id_497c55a5_fk_common_source_id; Type: FK CONSTRAINT; Schema: public; Owner: dnd_app_admin
--

ALTER TABLE ONLY public.item_weaponmagicability
    ADD CONSTRAINT item_weaponmagicability_source_id_497c55a5_fk_common_source_id FOREIGN KEY (source_id) REFERENCES public.common_source(id) DEFERRABLE INITIALLY DEFERRED;


--
-- TOC entry 5633 (class 2606 OID 562897)
-- Name: item_weaponmagicabilityfeat item_weaponmagicabilityfeat_feat_id_2e8a02e8_fk_feat_feat_id; Type: FK CONSTRAINT; Schema: public; Owner: dnd_app_admin
--

ALTER TABLE ONLY public.item_weaponmagicabilityfeat
    ADD CONSTRAINT item_weaponmagicabilityfeat_feat_id_2e8a02e8_fk_feat_feat_id FOREIGN KEY (feat_id) REFERENCES public.feat_feat(id) DEFERRABLE INITIALLY DEFERRED;


--
-- TOC entry 5642 (class 2606 OID 562959)
-- Name: item_weaponweaponcategory item_weaponweaponcat_weapon_category_id_a0e603cf_fk_item_weap; Type: FK CONSTRAINT; Schema: public; Owner: dnd_app_admin
--

ALTER TABLE ONLY public.item_weaponweaponcategory
    ADD CONSTRAINT item_weaponweaponcat_weapon_category_id_a0e603cf_fk_item_weap FOREIGN KEY (weapon_category_id) REFERENCES public.item_weaponcategory(id) DEFERRABLE INITIALLY DEFERRED;


--
-- TOC entry 5643 (class 2606 OID 562964)
-- Name: item_weaponweaponcategory item_weaponweaponcat_weapon_id_a2f35f26_fk_item_weap; Type: FK CONSTRAINT; Schema: public; Owner: dnd_app_admin
--

ALTER TABLE ONLY public.item_weaponweaponcategory
    ADD CONSTRAINT item_weaponweaponcat_weapon_id_a2f35f26_fk_item_weap FOREIGN KEY (weapon_id) REFERENCES public.item_weapon(item_ptr_id) DEFERRABLE INITIALLY DEFERRED;


--
-- TOC entry 5640 (class 2606 OID 562947)
-- Name: item_weaponweapondamagetype item_weaponweapondam_weapon_damage_type_i_e0583353_fk_item_weap; Type: FK CONSTRAINT; Schema: public; Owner: dnd_app_admin
--

ALTER TABLE ONLY public.item_weaponweapondamagetype
    ADD CONSTRAINT item_weaponweapondam_weapon_damage_type_i_e0583353_fk_item_weap FOREIGN KEY (weapon_damage_type_id) REFERENCES public.item_weapondamagetype(id) DEFERRABLE INITIALLY DEFERRED;


--
-- TOC entry 5641 (class 2606 OID 562952)
-- Name: item_weaponweapondamagetype item_weaponweapondam_weapon_id_3e5b705c_fk_item_weap; Type: FK CONSTRAINT; Schema: public; Owner: dnd_app_admin
--

ALTER TABLE ONLY public.item_weaponweapondamagetype
    ADD CONSTRAINT item_weaponweapondam_weapon_id_3e5b705c_fk_item_weap FOREIGN KEY (weapon_id) REFERENCES public.item_weapon(item_ptr_id) DEFERRABLE INITIALLY DEFERRED;


--
-- TOC entry 5638 (class 2606 OID 562940)
-- Name: item_weaponweaponmagicability item_weaponweaponmag_weapon_id_80586df8_fk_item_weap; Type: FK CONSTRAINT; Schema: public; Owner: dnd_app_admin
--

ALTER TABLE ONLY public.item_weaponweaponmagicability
    ADD CONSTRAINT item_weaponweaponmag_weapon_id_80586df8_fk_item_weap FOREIGN KEY (weapon_id) REFERENCES public.item_weapon(item_ptr_id) DEFERRABLE INITIALLY DEFERRED;


--
-- TOC entry 5639 (class 2606 OID 562935)
-- Name: item_weaponweaponmagicability item_weaponweaponmag_weapon_magic_ability_ca0e1949_fk_item_weap; Type: FK CONSTRAINT; Schema: public; Owner: dnd_app_admin
--

ALTER TABLE ONLY public.item_weaponweaponmagicability
    ADD CONSTRAINT item_weaponweaponmag_weapon_magic_ability_ca0e1949_fk_item_weap FOREIGN KEY (weapon_magic_ability_id) REFERENCES public.item_weaponmagicability(id) DEFERRABLE INITIALLY DEFERRED;


--
-- TOC entry 5584 (class 2606 OID 562338)
-- Name: race_abilitymodifier race_abilitymodifier_ability_id_75201994_fk_common_ability_id; Type: FK CONSTRAINT; Schema: public; Owner: dnd_app_admin
--

ALTER TABLE ONLY public.race_abilitymodifier
    ADD CONSTRAINT race_abilitymodifier_ability_id_75201994_fk_common_ability_id FOREIGN KEY (ability_id) REFERENCES public.common_ability(id) DEFERRABLE INITIALLY DEFERRED;


--
-- TOC entry 5585 (class 2606 OID 562344)
-- Name: race_charactertype race_charactertype_source_id_6a4e7459_fk_common_source_id; Type: FK CONSTRAINT; Schema: public; Owner: dnd_app_admin
--

ALTER TABLE ONLY public.race_charactertype
    ADD CONSTRAINT race_charactertype_source_id_6a4e7459_fk_common_source_id FOREIGN KEY (source_id) REFERENCES public.common_source(id) DEFERRABLE INITIALLY DEFERRED;


--
-- TOC entry 5586 (class 2606 OID 562353)
-- Name: race_charactertypetrait race_charactertypetr_character_type_id_35db6500_fk_race_char; Type: FK CONSTRAINT; Schema: public; Owner: dnd_app_admin
--

ALTER TABLE ONLY public.race_charactertypetrait
    ADD CONSTRAINT race_charactertypetr_character_type_id_35db6500_fk_race_char FOREIGN KEY (character_type_id) REFERENCES public.race_charactertype(id) DEFERRABLE INITIALLY DEFERRED;


--
-- TOC entry 5587 (class 2606 OID 562358)
-- Name: race_charactertypetrait race_charactertypetrait_trait_id_ef1ccc37_fk_common_trait_id; Type: FK CONSTRAINT; Schema: public; Owner: dnd_app_admin
--

ALTER TABLE ONLY public.race_charactertypetrait
    ADD CONSTRAINT race_charactertypetrait_trait_id_ef1ccc37_fk_common_trait_id FOREIGN KEY (trait_id) REFERENCES public.common_trait(id) DEFERRABLE INITIALLY DEFERRED;


--
-- TOC entry 5588 (class 2606 OID 562330)
-- Name: race_race race_race_size_id_6f3a2607_fk_race_size_id; Type: FK CONSTRAINT; Schema: public; Owner: dnd_app_admin
--

ALTER TABLE ONLY public.race_race
    ADD CONSTRAINT race_race_size_id_6f3a2607_fk_race_size_id FOREIGN KEY (size_id) REFERENCES public.race_size(id) DEFERRABLE INITIALLY DEFERRED;


--
-- TOC entry 5589 (class 2606 OID 562365)
-- Name: race_race race_race_source_id_3da4af6b_fk_common_source_id; Type: FK CONSTRAINT; Schema: public; Owner: dnd_app_admin
--

ALTER TABLE ONLY public.race_race
    ADD CONSTRAINT race_race_source_id_3da4af6b_fk_common_source_id FOREIGN KEY (source_id) REFERENCES public.common_source(id) DEFERRABLE INITIALLY DEFERRED;


--
-- TOC entry 5590 (class 2606 OID 562374)
-- Name: race_raceabilitymodifier race_raceabilitymodi_ability_modifier_id_b3570781_fk_race_abil; Type: FK CONSTRAINT; Schema: public; Owner: dnd_app_admin
--

ALTER TABLE ONLY public.race_raceabilitymodifier
    ADD CONSTRAINT race_raceabilitymodi_ability_modifier_id_b3570781_fk_race_abil FOREIGN KEY (ability_modifier_id) REFERENCES public.race_abilitymodifier(id) DEFERRABLE INITIALLY DEFERRED;


--
-- TOC entry 5591 (class 2606 OID 562379)
-- Name: race_raceabilitymodifier race_raceabilitymodifier_race_id_835375e2_fk_race_race_id; Type: FK CONSTRAINT; Schema: public; Owner: dnd_app_admin
--

ALTER TABLE ONLY public.race_raceabilitymodifier
    ADD CONSTRAINT race_raceabilitymodifier_race_id_835375e2_fk_race_race_id FOREIGN KEY (race_id) REFERENCES public.race_race(id) DEFERRABLE INITIALLY DEFERRED;


--
-- TOC entry 5592 (class 2606 OID 562388)
-- Name: race_racefavoredclass race_racefavoredclas_character_class_id_2c6200bf_fk_character; Type: FK CONSTRAINT; Schema: public; Owner: dnd_app_admin
--

ALTER TABLE ONLY public.race_racefavoredclass
    ADD CONSTRAINT race_racefavoredclas_character_class_id_2c6200bf_fk_character FOREIGN KEY (character_class_id) REFERENCES public.character_class_characterclass(id) DEFERRABLE INITIALLY DEFERRED;


--
-- TOC entry 5593 (class 2606 OID 562393)
-- Name: race_racefavoredclass race_racefavoredclass_race_id_11876503_fk_race_race_id; Type: FK CONSTRAINT; Schema: public; Owner: dnd_app_admin
--

ALTER TABLE ONLY public.race_racefavoredclass
    ADD CONSTRAINT race_racefavoredclass_race_id_11876503_fk_race_race_id FOREIGN KEY (race_id) REFERENCES public.race_race(id) DEFERRABLE INITIALLY DEFERRED;


--
-- TOC entry 5594 (class 2606 OID 562402)
-- Name: race_racelanguage race_racelanguage_language_id_15ff2f2a_fk_common_language_id; Type: FK CONSTRAINT; Schema: public; Owner: dnd_app_admin
--

ALTER TABLE ONLY public.race_racelanguage
    ADD CONSTRAINT race_racelanguage_language_id_15ff2f2a_fk_common_language_id FOREIGN KEY (language_id) REFERENCES public.common_language(id) DEFERRABLE INITIALLY DEFERRED;


--
-- TOC entry 5595 (class 2606 OID 562407)
-- Name: race_racelanguage race_racelanguage_race_id_c9399dd4_fk_race_race_id; Type: FK CONSTRAINT; Schema: public; Owner: dnd_app_admin
--

ALTER TABLE ONLY public.race_racelanguage
    ADD CONSTRAINT race_racelanguage_race_id_c9399dd4_fk_race_race_id FOREIGN KEY (race_id) REFERENCES public.race_race(id) DEFERRABLE INITIALLY DEFERRED;


--
-- TOC entry 5596 (class 2606 OID 562414)
-- Name: race_racetrait race_racetrait_race_id_1cafcc4b_fk_race_race_id; Type: FK CONSTRAINT; Schema: public; Owner: dnd_app_admin
--

ALTER TABLE ONLY public.race_racetrait
    ADD CONSTRAINT race_racetrait_race_id_1cafcc4b_fk_race_race_id FOREIGN KEY (race_id) REFERENCES public.race_race(id) DEFERRABLE INITIALLY DEFERRED;


--
-- TOC entry 5597 (class 2606 OID 562419)
-- Name: race_racetrait race_racetrait_trait_id_7768f76b_fk_common_trait_id; Type: FK CONSTRAINT; Schema: public; Owner: dnd_app_admin
--

ALTER TABLE ONLY public.race_racetrait
    ADD CONSTRAINT race_racetrait_trait_id_7768f76b_fk_common_trait_id FOREIGN KEY (trait_id) REFERENCES public.common_trait(id) DEFERRABLE INITIALLY DEFERRED;


--
-- TOC entry 5598 (class 2606 OID 562428)
-- Name: race_racetype race_racetype_character_type_id_c14d6be8_fk_race_char; Type: FK CONSTRAINT; Schema: public; Owner: dnd_app_admin
--

ALTER TABLE ONLY public.race_racetype
    ADD CONSTRAINT race_racetype_character_type_id_c14d6be8_fk_race_char FOREIGN KEY (character_type_id) REFERENCES public.race_charactertype(id) DEFERRABLE INITIALLY DEFERRED;


--
-- TOC entry 5599 (class 2606 OID 562433)
-- Name: race_racetype race_racetype_race_id_fe9d4bde_fk_race_race_id; Type: FK CONSTRAINT; Schema: public; Owner: dnd_app_admin
--

ALTER TABLE ONLY public.race_racetype
    ADD CONSTRAINT race_racetype_race_id_fe9d4bde_fk_race_race_id FOREIGN KEY (race_id) REFERENCES public.race_race(id) DEFERRABLE INITIALLY DEFERRED;


--
-- TOC entry 5551 (class 2606 OID 561948)
-- Name: skill_skill skill_skill_ability_id_8960783e_fk_common_ability_id; Type: FK CONSTRAINT; Schema: public; Owner: dnd_app_admin
--

ALTER TABLE ONLY public.skill_skill
    ADD CONSTRAINT skill_skill_ability_id_8960783e_fk_common_ability_id FOREIGN KEY (ability_id) REFERENCES public.common_ability(id) DEFERRABLE INITIALLY DEFERRED;


--
-- TOC entry 5600 (class 2606 OID 562553)
-- Name: spell_magicsubschool spell_magicsubschool_magicschool_ptr_id_26a181c9_fk_spell_mag; Type: FK CONSTRAINT; Schema: public; Owner: dnd_app_admin
--

ALTER TABLE ONLY public.spell_magicsubschool
    ADD CONSTRAINT spell_magicsubschool_magicschool_ptr_id_26a181c9_fk_spell_mag FOREIGN KEY (magicschool_ptr_id) REFERENCES public.spell_magicschool(id) DEFERRABLE INITIALLY DEFERRED;


--
-- TOC entry 5601 (class 2606 OID 562558)
-- Name: spell_spell spell_spell_casting_time_id_f5ccb5fc_fk_spell_castingtime_id; Type: FK CONSTRAINT; Schema: public; Owner: dnd_app_admin
--

ALTER TABLE ONLY public.spell_spell
    ADD CONSTRAINT spell_spell_casting_time_id_f5ccb5fc_fk_spell_castingtime_id FOREIGN KEY (casting_time_id) REFERENCES public.spell_castingtime(id) DEFERRABLE INITIALLY DEFERRED;


--
-- TOC entry 5602 (class 2606 OID 562524)
-- Name: spell_spell spell_spell_range_id_7caa7529_fk_spell_spellrange_id; Type: FK CONSTRAINT; Schema: public; Owner: dnd_app_admin
--

ALTER TABLE ONLY public.spell_spell
    ADD CONSTRAINT spell_spell_range_id_7caa7529_fk_spell_spellrange_id FOREIGN KEY (range_id) REFERENCES public.spell_spellrange(id) DEFERRABLE INITIALLY DEFERRED;


--
-- TOC entry 5603 (class 2606 OID 562563)
-- Name: spell_spell spell_spell_school_id_61558318_fk_spell_magicschool_id; Type: FK CONSTRAINT; Schema: public; Owner: dnd_app_admin
--

ALTER TABLE ONLY public.spell_spell
    ADD CONSTRAINT spell_spell_school_id_61558318_fk_spell_magicschool_id FOREIGN KEY (school_id) REFERENCES public.spell_magicschool(id) DEFERRABLE INITIALLY DEFERRED;


--
-- TOC entry 5604 (class 2606 OID 562568)
-- Name: spell_spell spell_spell_source_id_6e8ff588_fk_common_source_id; Type: FK CONSTRAINT; Schema: public; Owner: dnd_app_admin
--

ALTER TABLE ONLY public.spell_spell
    ADD CONSTRAINT spell_spell_source_id_6e8ff588_fk_common_source_id FOREIGN KEY (source_id) REFERENCES public.common_source(id) DEFERRABLE INITIALLY DEFERRED;


--
-- TOC entry 5605 (class 2606 OID 562541)
-- Name: spell_spell spell_spell_subschool_id_395ac807_fk_spell_mag; Type: FK CONSTRAINT; Schema: public; Owner: dnd_app_admin
--

ALTER TABLE ONLY public.spell_spell
    ADD CONSTRAINT spell_spell_subschool_id_395ac807_fk_spell_mag FOREIGN KEY (subschool_id) REFERENCES public.spell_magicsubschool(magicschool_ptr_id) DEFERRABLE INITIALLY DEFERRED;


--
-- TOC entry 5606 (class 2606 OID 562579)
-- Name: spell_spelllevel spell_spelllevel_character_class_id_19b44ecd_fk_character; Type: FK CONSTRAINT; Schema: public; Owner: dnd_app_admin
--

ALTER TABLE ONLY public.spell_spelllevel
    ADD CONSTRAINT spell_spelllevel_character_class_id_19b44ecd_fk_character FOREIGN KEY (character_class_id) REFERENCES public.character_class_characterclass(id) DEFERRABLE INITIALLY DEFERRED;


--
-- TOC entry 5607 (class 2606 OID 562584)
-- Name: spell_spelllevel spell_spelllevel_spell_id_51355d62_fk_spell_spell_id; Type: FK CONSTRAINT; Schema: public; Owner: dnd_app_admin
--

ALTER TABLE ONLY public.spell_spelllevel
    ADD CONSTRAINT spell_spelllevel_spell_id_51355d62_fk_spell_spell_id FOREIGN KEY (spell_id) REFERENCES public.spell_spell(id) DEFERRABLE INITIALLY DEFERRED;


--
-- TOC entry 5608 (class 2606 OID 562594)
-- Name: spell_spellspellcomponent spell_spellspellcomp_component_id_d189de3d_fk_spell_spe; Type: FK CONSTRAINT; Schema: public; Owner: dnd_app_admin
--

ALTER TABLE ONLY public.spell_spellspellcomponent
    ADD CONSTRAINT spell_spellspellcomp_component_id_d189de3d_fk_spell_spe FOREIGN KEY (component_id) REFERENCES public.spell_spellcomponent(id) DEFERRABLE INITIALLY DEFERRED;


--
-- TOC entry 5609 (class 2606 OID 562599)
-- Name: spell_spellspellcomponent spell_spellspellcomponent_spell_id_f50daed6_fk_spell_spell_id; Type: FK CONSTRAINT; Schema: public; Owner: dnd_app_admin
--

ALTER TABLE ONLY public.spell_spellspellcomponent
    ADD CONSTRAINT spell_spellspellcomponent_spell_id_f50daed6_fk_spell_spell_id FOREIGN KEY (spell_id) REFERENCES public.spell_spell(id) DEFERRABLE INITIALLY DEFERRED;


--
-- TOC entry 5610 (class 2606 OID 562608)
-- Name: spell_spellspelldescriptor spell_spellspelldesc_descriptor_id_781e08dd_fk_spell_spe; Type: FK CONSTRAINT; Schema: public; Owner: dnd_app_admin
--

ALTER TABLE ONLY public.spell_spellspelldescriptor
    ADD CONSTRAINT spell_spellspelldesc_descriptor_id_781e08dd_fk_spell_spe FOREIGN KEY (descriptor_id) REFERENCES public.spell_spelldescriptor(id) DEFERRABLE INITIALLY DEFERRED;


--
-- TOC entry 5611 (class 2606 OID 562613)
-- Name: spell_spellspelldescriptor spell_spellspelldescriptor_spell_id_d8fa85c5_fk_spell_spell_id; Type: FK CONSTRAINT; Schema: public; Owner: dnd_app_admin
--

ALTER TABLE ONLY public.spell_spellspelldescriptor
    ADD CONSTRAINT spell_spellspelldescriptor_spell_id_d8fa85c5_fk_spell_spell_id FOREIGN KEY (spell_id) REFERENCES public.spell_spell(id) DEFERRABLE INITIALLY DEFERRED;


-- Completed on 2025-04-12 18:55:19

--
-- PostgreSQL database dump complete
--

